model_alias,length_label,workload,config,table_label,l1_hit_pct,hier_miss_pct,latency_cycles,wall_cycles,hbm_reads,hit_miss_csv
llama3p1_8b_instruct,4k,4k_llama3p1_8b_instruct_mdqa_cross_doc_role,baseline,Traditional cache,28.581,46.452,4.31422,73406.0,1480,delivery/paper/repro_audit/longctx_table1_32_32_perf_20260605/replay_reports/table1_controls_32_32/run_20260605_144758_llama3p1_e7c55e_llama3p1_5673df/hit_miss_amat_summary.csv
llama3p1_8b_instruct,4k,4k_llama3p1_8b_instruct_mdqa_component_match,baseline,Traditional cache,29.264,47.493,4.328191,73619.0,1513,delivery/paper/repro_audit/longctx_table1_32_32_perf_20260605/replay_reports/table1_controls_32_32/run_20260605_144758_llama3p1_e7c55e_llama3p1_5673df/hit_miss_amat_summary.csv
llama3p1_8b_instruct,4k,4k_llama3p1_8b_instruct_mdqa_two_hop_summary,baseline,Traditional cache,31.836,42.22,4.251059,72636.0,1337,delivery/paper/repro_audit/longctx_table1_32_32_perf_20260605/replay_reports/table1_controls_32_32/run_20260605_144758_llama3p1_e7c55e_llama3p1_5673df/hit_miss_amat_summary.csv
llama3p1_8b_instruct,4k,4k_llama3p1_8b_instruct_mdqa_cross_doc_priority,baseline,Traditional cache,24.935,49.544,4.358769,73911.0,1582,delivery/paper/repro_audit/longctx_table1_32_32_perf_20260605/replay_reports/table1_controls_32_32/run_20260605_144758_llama3p1_e7c55e_llama3p1_5673df/hit_miss_amat_summary.csv
llama3p1_8b_instruct,4k,4k_llama3p1_8b_instruct_mdqa_chain_descriptor_fields,baseline,Traditional cache,29.655,45.996,4.300406,73195.0,1448,delivery/paper/repro_audit/longctx_table1_32_32_perf_20260605/replay_reports/table1_controls_32_32/run_20260605_144758_llama3p1_e7c55e_llama3p1_5673df/hit_miss_amat_summary.csv
llama3p1_8b_instruct,4k,4k_llama3p1_8b_instruct_mdqa_three_stage_lookup,baseline,Traditional cache,30.371,44.531,4.282509,72938.0,1408,delivery/paper/repro_audit/longctx_table1_32_32_perf_20260605/replay_reports/table1_controls_32_32/run_20260605_144758_llama3p1_e7c55e_llama3p1_5673df/hit_miss_amat_summary.csv
llama3p1_8b_instruct,4k,4k_llama3p1_8b_instruct_mdqa_compression_guard,baseline,Traditional cache,33.398,38.639,4.204208,71998.0,1229,delivery/paper/repro_audit/longctx_table1_32_32_perf_20260605/replay_reports/table1_controls_32_32/run_20260605_144758_llama3p1_e7c55e_llama3p1_5673df/hit_miss_amat_summary.csv
llama3p1_8b_instruct,4k,4k_llama3p1_8b_instruct_mdqa_query_cost_chain,baseline,Traditional cache,35.352,37.337,4.18238,71858.0,1181,delivery/paper/repro_audit/longctx_table1_32_32_perf_20260605/replay_reports/table1_controls_32_32/run_20260605_144758_llama3p1_e7c55e_llama3p1_5673df/hit_miss_amat_summary.csv
llama3p1_8b_instruct,4k,4k_llama3p1_8b_instruct_mdqa_head_budget_allocation,baseline,Traditional cache,25.553,48.665,4.340194,73591.0,1538,delivery/paper/repro_audit/longctx_table1_32_32_perf_20260605/replay_reports/table1_controls_32_32/run_20260605_144758_llama3p1_e7c55e_llama3p1_5673df/hit_miss_amat_summary.csv
llama3p1_8b_instruct,4k,4k_llama3p1_8b_instruct_mdqa_backend_admission_reason,baseline,Traditional cache,23.698,46.191,4.310601,73256.0,1472,delivery/paper/repro_audit/longctx_table1_32_32_perf_20260605/replay_reports/table1_controls_32_32/run_20260605_144758_llama3p1_e7c55e_llama3p1_5673df/hit_miss_amat_summary.csv
llama3p1_8b_instruct,4k,4k_llama3p1_8b_instruct_lcqa_anchor_timeline,baseline,Traditional cache,34.473,33.431,4.130738,71273.0,1063,delivery/paper/repro_audit/longctx_table1_32_32_perf_20260605/replay_reports/table1_controls_32_32/run_20260605_144758_llama3p1_e7c55e_llama3p1_5673df/hit_miss_amat_summary.csv
llama3p1_8b_instruct,4k,4k_llama3p1_8b_instruct_lcqa_revision_policy,baseline,Traditional cache,27.962,44.303,4.27909,73062.0,1400,delivery/paper/repro_audit/longctx_table1_32_32_perf_20260605/replay_reports/table1_controls_32_32/run_20260605_144758_llama3p1_e7c55e_llama3p1_5673df/hit_miss_amat_summary.csv
llama3p1_8b_instruct,4k,4k_llama3p1_8b_instruct_lcqa_sparse_fact,baseline,Traditional cache,33.984,41.178,4.234905,72453.0,1299,delivery/paper/repro_audit/longctx_table1_32_32_perf_20260605/replay_reports/table1_controls_32_32/run_20260605_144758_llama3p1_e7c55e_llama3p1_5673df/hit_miss_amat_summary.csv
llama3p1_8b_instruct,4k,4k_llama3p1_8b_instruct_lcqa_dual_anchor_incident,baseline,Traditional cache,29.134,39.746,4.214954,72227.0,1254,delivery/paper/repro_audit/longctx_table1_32_32_perf_20260605/replay_reports/table1_controls_32_32/run_20260605_144758_llama3p1_e7c55e_llama3p1_5673df/hit_miss_amat_summary.csv
llama3p1_8b_instruct,4k,4k_llama3p1_8b_instruct_lcqa_backend_priority_rule,baseline,Traditional cache,40.918,29.883,4.078335,70732.0,945,delivery/paper/repro_audit/longctx_table1_32_32_perf_20260605/replay_reports/table1_controls_32_32/run_20260605_144758_llama3p1_e7c55e_llama3p1_5673df/hit_miss_amat_summary.csv
llama3p1_8b_instruct,4k,4k_llama3p1_8b_instruct_lcqa_epoch_window_recall,baseline,Traditional cache,31.934,39.616,4.211634,72082.0,1246,delivery/paper/repro_audit/longctx_table1_32_32_perf_20260605/replay_reports/table1_controls_32_32/run_20260605_144758_llama3p1_e7c55e_llama3p1_5673df/hit_miss_amat_summary.csv
llama3p1_8b_instruct,4k,4k_llama3p1_8b_instruct_lcqa_dual_budget_rule,baseline,Traditional cache,34.701,39.779,4.212544,72146.0,1249,delivery/paper/repro_audit/longctx_table1_32_32_perf_20260605/replay_reports/table1_controls_32_32/run_20260605_144758_llama3p1_e7c55e_llama3p1_5673df/hit_miss_amat_summary.csv
llama3p1_8b_instruct,4k,4k_llama3p1_8b_instruct_lcqa_query_relevance_note,baseline,Traditional cache,29.297,42.806,4.256788,72809.0,1351,delivery/paper/repro_audit/longctx_table1_32_32_perf_20260605/replay_reports/table1_controls_32_32/run_20260605_144758_llama3p1_e7c55e_llama3p1_5673df/hit_miss_amat_summary.csv
llama3p1_8b_instruct,4k,4k_llama3p1_8b_instruct_lcqa_spill_cost_reason,baseline,Traditional cache,29.915,39.583,4.20945,72272.0,1244,delivery/paper/repro_audit/longctx_table1_32_32_perf_20260605/replay_reports/table1_controls_32_32/run_20260605_144758_llama3p1_e7c55e_llama3p1_5673df/hit_miss_amat_summary.csv
llama3p1_8b_instruct,4k,4k_llama3p1_8b_instruct_lcqa_head_budget_rule,baseline,Traditional cache,26.465,44.01,4.266773,72814.0,1372,delivery/paper/repro_audit/longctx_table1_32_32_perf_20260605/replay_reports/table1_controls_32_32/run_20260605_144758_llama3p1_e7c55e_llama3p1_5673df/hit_miss_amat_summary.csv
llama3p1_8b_instruct,4k,4k_llama3p1_8b_instruct_cmqa_early_name_recall,baseline,Traditional cache,27.962,44.206,4.278819,72842.0,1397,delivery/paper/repro_audit/longctx_table1_32_32_perf_20260605/replay_reports/table1_controls_32_32/run_20260605_144758_llama3p1_e7c55e_llama3p1_5673df/hit_miss_amat_summary.csv
llama3p1_8b_instruct,4k,4k_llama3p1_8b_instruct_cmqa_policy_recall,baseline,Traditional cache,38.314,37.24,4.178949,71926.0,1174,delivery/paper/repro_audit/longctx_table1_32_32_perf_20260605/replay_reports/table1_controls_32_32/run_20260605_144758_llama3p1_e7c55e_llama3p1_5673df/hit_miss_amat_summary.csv
llama3p1_8b_instruct,4k,4k_llama3p1_8b_instruct_cmqa_anchor_reasoning,baseline,Traditional cache,34.928,35.221,4.153778,71534.0,1116,delivery/paper/repro_audit/longctx_table1_32_32_perf_20260605/replay_reports/table1_controls_32_32/run_20260605_144758_llama3p1_e7c55e_llama3p1_5673df/hit_miss_amat_summary.csv
llama3p1_8b_instruct,4k,4k_llama3p1_8b_instruct_cmqa_backend_recall,baseline,Traditional cache,30.176,43.945,4.272599,72880.0,1385,delivery/paper/repro_audit/longctx_table1_32_32_perf_20260605/replay_reports/table1_controls_32_32/run_20260605_144758_llama3p1_e7c55e_llama3p1_5673df/hit_miss_amat_summary.csv
llama3p1_8b_instruct,4k,4k_llama3p1_8b_instruct_cmqa_field_recall,baseline,Traditional cache,26.562,43.88,4.272422,72878.0,1385,delivery/paper/repro_audit/longctx_table1_32_32_perf_20260605/replay_reports/table1_controls_32_32/run_20260605_144758_llama3p1_e7c55e_llama3p1_5673df/hit_miss_amat_summary.csv
llama3p1_8b_instruct,4k,4k_llama3p1_8b_instruct_cmqa_epoch_memory,baseline,Traditional cache,28.678,42.773,4.253887,72614.0,1343,delivery/paper/repro_audit/longctx_table1_32_32_perf_20260605/replay_reports/table1_controls_32_32/run_20260605_144758_llama3p1_e7c55e_llama3p1_5673df/hit_miss_amat_summary.csv
llama3p1_8b_instruct,4k,4k_llama3p1_8b_instruct_cmqa_budget_memory,baseline,Traditional cache,30.436,39.974,4.216078,72186.0,1258,delivery/paper/repro_audit/longctx_table1_32_32_perf_20260605/replay_reports/table1_controls_32_32/run_20260605_144758_llama3p1_e7c55e_llama3p1_5673df/hit_miss_amat_summary.csv
llama3p1_8b_instruct,4k,4k_llama3p1_8b_instruct_mdqa_cross_doc_role,fpga_true_h2o_pure,Pure H2O,28.711,52.148,4.378617,74136.0,1627,delivery/paper/repro_audit/longctx_table1_32_32_perf_20260605/replay_reports/table1_controls_32_32/run_20260605_144758_llama3p1_e7c55e_llama3p1_5673df/hit_miss_amat_summary.csv
llama3p1_8b_instruct,4k,4k_llama3p1_8b_instruct_mdqa_component_match,fpga_true_h2o_pure,Pure H2O,29.102,50.586,4.360984,73991.0,1587,delivery/paper/repro_audit/longctx_table1_32_32_perf_20260605/replay_reports/table1_controls_32_32/run_20260605_144758_llama3p1_e7c55e_llama3p1_5673df/hit_miss_amat_summary.csv
llama3p1_8b_instruct,4k,4k_llama3p1_8b_instruct_mdqa_two_hop_summary,fpga_true_h2o_pure,Pure H2O,31.055,45.378,4.285487,73026.0,1415,delivery/paper/repro_audit/longctx_table1_32_32_perf_20260605/replay_reports/table1_controls_32_32/run_20260605_144758_llama3p1_e7c55e_llama3p1_5673df/hit_miss_amat_summary.csv
llama3p1_8b_instruct,4k,4k_llama3p1_8b_instruct_mdqa_cross_doc_priority,fpga_true_h2o_pure,Pure H2O,24.837,52.539,4.388232,74245.0,1648,delivery/paper/repro_audit/longctx_table1_32_32_perf_20260605/replay_reports/table1_controls_32_32/run_20260605_144758_llama3p1_e7c55e_llama3p1_5673df/hit_miss_amat_summary.csv
llama3p1_8b_instruct,4k,4k_llama3p1_8b_instruct_mdqa_chain_descriptor_fields,fpga_true_h2o_pure,Pure H2O,29.525,46.387,4.298994,73179.0,1445,delivery/paper/repro_audit/longctx_table1_32_32_perf_20260605/replay_reports/table1_controls_32_32/run_20260605_144758_llama3p1_e7c55e_llama3p1_5673df/hit_miss_amat_summary.csv
llama3p1_8b_instruct,4k,4k_llama3p1_8b_instruct_mdqa_three_stage_lookup,fpga_true_h2o_pure,Pure H2O,30.111,49.967,4.345141,73647.0,1550,delivery/paper/repro_audit/longctx_table1_32_32_perf_20260605/replay_reports/table1_controls_32_32/run_20260605_144758_llama3p1_e7c55e_llama3p1_5673df/hit_miss_amat_summary.csv
llama3p1_8b_instruct,4k,4k_llama3p1_8b_instruct_mdqa_compression_guard,fpga_true_h2o_pure,Pure H2O,33.301,43.652,4.263967,72674.0,1365,delivery/paper/repro_audit/longctx_table1_32_32_perf_20260605/replay_reports/table1_controls_32_32/run_20260605_144758_llama3p1_e7c55e_llama3p1_5673df/hit_miss_amat_summary.csv
llama3p1_8b_instruct,4k,4k_llama3p1_8b_instruct_mdqa_query_cost_chain,fpga_true_h2o_pure,Pure H2O,35.059,40.072,4.212129,72195.0,1249,delivery/paper/repro_audit/longctx_table1_32_32_perf_20260605/replay_reports/table1_controls_32_32/run_20260605_144758_llama3p1_e7c55e_llama3p1_5673df/hit_miss_amat_summary.csv
llama3p1_8b_instruct,4k,4k_llama3p1_8b_instruct_mdqa_head_budget_allocation,fpga_true_h2o_pure,Pure H2O,25.618,51.921,4.376148,73998.0,1620,delivery/paper/repro_audit/longctx_table1_32_32_perf_20260605/replay_reports/table1_controls_32_32/run_20260605_144758_llama3p1_e7c55e_llama3p1_5673df/hit_miss_amat_summary.csv
llama3p1_8b_instruct,4k,4k_llama3p1_8b_instruct_mdqa_backend_admission_reason,fpga_true_h2o_pure,Pure H2O,23.405,51.79,4.377208,74010.0,1622,delivery/paper/repro_audit/longctx_table1_32_32_perf_20260605/replay_reports/table1_controls_32_32/run_20260605_144758_llama3p1_e7c55e_llama3p1_5673df/hit_miss_amat_summary.csv
llama3p1_8b_instruct,4k,4k_llama3p1_8b_instruct_lcqa_anchor_timeline,fpga_true_h2o_pure,Pure H2O,34.473,46.354,4.298287,73171.0,1444,delivery/paper/repro_audit/longctx_table1_32_32_perf_20260605/replay_reports/table1_controls_32_32/run_20260605_144758_llama3p1_e7c55e_llama3p1_5673df/hit_miss_amat_summary.csv
llama3p1_8b_instruct,4k,4k_llama3p1_8b_instruct_lcqa_revision_policy,fpga_true_h2o_pure,Pure H2O,27.734,46.419,4.300599,73306.0,1450,delivery/paper/repro_audit/longctx_table1_32_32_perf_20260605/replay_reports/table1_controls_32_32/run_20260605_144758_llama3p1_e7c55e_llama3p1_5673df/hit_miss_amat_summary.csv
llama3p1_8b_instruct,4k,4k_llama3p1_8b_instruct_lcqa_sparse_fact,fpga_true_h2o_pure,Pure H2O,33.822,42.188,4.242143,72535.0,1317,delivery/paper/repro_audit/longctx_table1_32_32_perf_20260605/replay_reports/table1_controls_32_32/run_20260605_144758_llama3p1_e7c55e_llama3p1_5673df/hit_miss_amat_summary.csv
llama3p1_8b_instruct,4k,4k_llama3p1_8b_instruct_lcqa_dual_anchor_incident,fpga_true_h2o_pure,Pure H2O,28.971,53.906,4.3991,74313.0,1672,delivery/paper/repro_audit/longctx_table1_32_32_perf_20260605/replay_reports/table1_controls_32_32/run_20260605_144758_llama3p1_e7c55e_llama3p1_5673df/hit_miss_amat_summary.csv
llama3p1_8b_instruct,4k,4k_llama3p1_8b_instruct_lcqa_backend_priority_rule,fpga_true_h2o_pure,Pure H2O,40.43,40.397,4.213391,72263.0,1252,delivery/paper/repro_audit/longctx_table1_32_32_perf_20260605/replay_reports/table1_controls_32_32/run_20260605_144758_llama3p1_e7c55e_llama3p1_5673df/hit_miss_amat_summary.csv
llama3p1_8b_instruct,4k,4k_llama3p1_8b_instruct_lcqa_epoch_window_recall,fpga_true_h2o_pure,Pure H2O,31.999,48.21,4.32081,73317.0,1494,delivery/paper/repro_audit/longctx_table1_32_32_perf_20260605/replay_reports/table1_controls_32_32/run_20260605_144758_llama3p1_e7c55e_llama3p1_5673df/hit_miss_amat_summary.csv
llama3p1_8b_instruct,4k,4k_llama3p1_8b_instruct_lcqa_dual_budget_rule,fpga_true_h2o_pure,Pure H2O,34.668,45.996,4.290724,73031.0,1426,delivery/paper/repro_audit/longctx_table1_32_32_perf_20260605/replay_reports/table1_controls_32_32/run_20260605_144758_llama3p1_e7c55e_llama3p1_5673df/hit_miss_amat_summary.csv
llama3p1_8b_instruct,4k,4k_llama3p1_8b_instruct_lcqa_query_relevance_note,fpga_true_h2o_pure,Pure H2O,29.297,48.307,4.322197,73551.0,1499,delivery/paper/repro_audit/longctx_table1_32_32_perf_20260605/replay_reports/table1_controls_32_32/run_20260605_144758_llama3p1_e7c55e_llama3p1_5673df/hit_miss_amat_summary.csv
llama3p1_8b_instruct,4k,4k_llama3p1_8b_instruct_lcqa_spill_cost_reason,fpga_true_h2o_pure,Pure H2O,29.883,44.303,4.269922,72958.0,1380,delivery/paper/repro_audit/longctx_table1_32_32_perf_20260605/replay_reports/table1_controls_32_32/run_20260605_144758_llama3p1_e7c55e_llama3p1_5673df/hit_miss_amat_summary.csv
llama3p1_8b_instruct,4k,4k_llama3p1_8b_instruct_lcqa_head_budget_rule,fpga_true_h2o_pure,Pure H2O,26.432,47.201,4.307645,73277.0,1465,delivery/paper/repro_audit/longctx_table1_32_32_perf_20260605/replay_reports/table1_controls_32_32/run_20260605_144758_llama3p1_e7c55e_llama3p1_5673df/hit_miss_amat_summary.csv
llama3p1_8b_instruct,4k,4k_llama3p1_8b_instruct_cmqa_early_name_recall,fpga_true_h2o_pure,Pure H2O,27.702,49.772,4.345474,73596.0,1550,delivery/paper/repro_audit/longctx_table1_32_32_perf_20260605/replay_reports/table1_controls_32_32/run_20260605_144758_llama3p1_e7c55e_llama3p1_5673df/hit_miss_amat_summary.csv
llama3p1_8b_instruct,4k,4k_llama3p1_8b_instruct_cmqa_policy_recall,fpga_true_h2o_pure,Pure H2O,38.314,45.996,4.290815,73195.0,1428,delivery/paper/repro_audit/longctx_table1_32_32_perf_20260605/replay_reports/table1_controls_32_32/run_20260605_144758_llama3p1_e7c55e_llama3p1_5673df/hit_miss_amat_summary.csv
llama3p1_8b_instruct,4k,4k_llama3p1_8b_instruct_cmqa_anchor_reasoning,fpga_true_h2o_pure,Pure H2O,34.701,47.852,4.31506,73361.0,1482,delivery/paper/repro_audit/longctx_table1_32_32_perf_20260605/replay_reports/table1_controls_32_32/run_20260605_144758_llama3p1_e7c55e_llama3p1_5673df/hit_miss_amat_summary.csv
llama3p1_8b_instruct,4k,4k_llama3p1_8b_instruct_cmqa_backend_recall,fpga_true_h2o_pure,Pure H2O,29.753,52.93,4.386653,74172.0,1644,delivery/paper/repro_audit/longctx_table1_32_32_perf_20260605/replay_reports/table1_controls_32_32/run_20260605_144758_llama3p1_e7c55e_llama3p1_5673df/hit_miss_amat_summary.csv
llama3p1_8b_instruct,4k,4k_llama3p1_8b_instruct_cmqa_field_recall,fpga_true_h2o_pure,Pure H2O,25.944,52.865,4.383121,74132.0,1636,delivery/paper/repro_audit/longctx_table1_32_32_perf_20260605/replay_reports/table1_controls_32_32/run_20260605_144758_llama3p1_e7c55e_llama3p1_5673df/hit_miss_amat_summary.csv
llama3p1_8b_instruct,4k,4k_llama3p1_8b_instruct_cmqa_epoch_memory,fpga_true_h2o_pure,Pure H2O,28.418,46.582,4.299382,73129.0,1446,delivery/paper/repro_audit/longctx_table1_32_32_perf_20260605/replay_reports/table1_controls_32_32/run_20260605_144758_llama3p1_e7c55e_llama3p1_5673df/hit_miss_amat_summary.csv
llama3p1_8b_instruct,4k,4k_llama3p1_8b_instruct_cmqa_budget_memory,fpga_true_h2o_pure,Pure H2O,30.469,46.81,4.301943,73158.0,1452,delivery/paper/repro_audit/longctx_table1_32_32_perf_20260605/replay_reports/table1_controls_32_32/run_20260605_144758_llama3p1_e7c55e_llama3p1_5673df/hit_miss_amat_summary.csv
llama3p1_8b_instruct,4k,4k_llama3p1_8b_instruct_mdqa_cross_doc_role,fpga_h2o_plus_service_clean_victim_cache16_v245,H2O + victim cache,28.809,36.751,4.091567,70882.0,1129,delivery/paper/repro_audit/longctx_table1_32_32_perf_20260605/replay_reports/table1_controls_32_32/run_20260605_144758_llama3p1_e7c55e_llama3p1_5673df/hit_miss_amat_summary.csv
llama3p1_8b_instruct,4k,4k_llama3p1_8b_instruct_mdqa_component_match,fpga_h2o_plus_service_clean_victim_cache16_v245,H2O + victim cache,28.874,34.505,4.061178,70590.0,1060,delivery/paper/repro_audit/longctx_table1_32_32_perf_20260605/replay_reports/table1_controls_32_32/run_20260605_144758_llama3p1_e7c55e_llama3p1_5673df/hit_miss_amat_summary.csv
llama3p1_8b_instruct,4k,4k_llama3p1_8b_instruct_mdqa_two_hop_summary,fpga_h2o_plus_service_clean_victim_cache16_v245,H2O + victim cache,31.315,31.087,4.014919,69961.0,955,delivery/paper/repro_audit/longctx_table1_32_32_perf_20260605/replay_reports/table1_controls_32_32/run_20260605_144758_llama3p1_e7c55e_llama3p1_5673df/hit_miss_amat_summary.csv
llama3p1_8b_instruct,4k,4k_llama3p1_8b_instruct_mdqa_cross_doc_priority,fpga_h2o_plus_service_clean_victim_cache16_v245,H2O + victim cache,24.87,36.361,4.086538,70825.0,1117,delivery/paper/repro_audit/longctx_table1_32_32_perf_20260605/replay_reports/table1_controls_32_32/run_20260605_144758_llama3p1_e7c55e_llama3p1_5673df/hit_miss_amat_summary.csv
llama3p1_8b_instruct,4k,4k_llama3p1_8b_instruct_mdqa_chain_descriptor_fields,fpga_h2o_plus_service_clean_victim_cache16_v245,H2O + victim cache,29.622,32.227,4.030367,70136.0,990,delivery/paper/repro_audit/longctx_table1_32_32_perf_20260605/replay_reports/table1_controls_32_32/run_20260605_144758_llama3p1_e7c55e_llama3p1_5673df/hit_miss_amat_summary.csv
llama3p1_8b_instruct,4k,4k_llama3p1_8b_instruct_mdqa_three_stage_lookup,fpga_h2o_plus_service_clean_victim_cache16_v245,H2O + victim cache,30.111,33.952,4.053887,70350.0,1043,delivery/paper/repro_audit/longctx_table1_32_32_perf_20260605/replay_reports/table1_controls_32_32/run_20260605_144758_llama3p1_e7c55e_llama3p1_5673df/hit_miss_amat_summary.csv
llama3p1_8b_instruct,4k,4k_llama3p1_8b_instruct_mdqa_compression_guard,fpga_h2o_plus_service_clean_victim_cache16_v245,H2O + victim cache,33.138,25.293,3.936174,68966.0,777,delivery/paper/repro_audit/longctx_table1_32_32_perf_20260605/replay_reports/table1_controls_32_32/run_20260605_144758_llama3p1_e7c55e_llama3p1_5673df/hit_miss_amat_summary.csv
llama3p1_8b_instruct,4k,4k_llama3p1_8b_instruct_mdqa_query_cost_chain,fpga_h2o_plus_service_clean_victim_cache16_v245,H2O + victim cache,35.286,27.572,3.967514,69424.0,847,delivery/paper/repro_audit/longctx_table1_32_32_perf_20260605/replay_reports/table1_controls_32_32/run_20260605_144758_llama3p1_e7c55e_llama3p1_5673df/hit_miss_amat_summary.csv
llama3p1_8b_instruct,4k,4k_llama3p1_8b_instruct_mdqa_head_budget_allocation,fpga_h2o_plus_service_clean_victim_cache16_v245,H2O + victim cache,25.749,33.691,4.050353,70310.0,1035,delivery/paper/repro_audit/longctx_table1_32_32_perf_20260605/replay_reports/table1_controls_32_32/run_20260605_144758_llama3p1_e7c55e_llama3p1_5673df/hit_miss_amat_summary.csv
llama3p1_8b_instruct,4k,4k_llama3p1_8b_instruct_mdqa_backend_admission_reason,fpga_h2o_plus_service_clean_victim_cache16_v245,H2O + victim cache,23.535,34.603,4.062544,70448.0,1063,delivery/paper/repro_audit/longctx_table1_32_32_perf_20260605/replay_reports/table1_controls_32_32/run_20260605_144758_llama3p1_e7c55e_llama3p1_5673df/hit_miss_amat_summary.csv
llama3p1_8b_instruct,4k,4k_llama3p1_8b_instruct_lcqa_anchor_timeline,fpga_h2o_plus_service_clean_victim_cache16_v245,H2O + victim cache,34.863,28.06,3.973782,69495.0,862,delivery/paper/repro_audit/longctx_table1_32_32_perf_20260605/replay_reports/table1_controls_32_32/run_20260605_144758_llama3p1_e7c55e_llama3p1_5673df/hit_miss_amat_summary.csv
llama3p1_8b_instruct,4k,4k_llama3p1_8b_instruct_lcqa_revision_policy,fpga_h2o_plus_service_clean_victim_cache16_v245,H2O + victim cache,28.809,31.738,4.023625,70164.0,975,delivery/paper/repro_audit/longctx_table1_32_32_perf_20260605/replay_reports/table1_controls_32_32/run_20260605_144758_llama3p1_e7c55e_llama3p1_5673df/hit_miss_amat_summary.csv
llama3p1_8b_instruct,4k,4k_llama3p1_8b_instruct_lcqa_sparse_fact,fpga_h2o_plus_service_clean_victim_cache16_v245,H2O + victim cache,33.887,28.841,3.984287,69614.0,886,delivery/paper/repro_audit/longctx_table1_32_32_perf_20260605/replay_reports/table1_controls_32_32/run_20260605_144758_llama3p1_e7c55e_llama3p1_5673df/hit_miss_amat_summary.csv
llama3p1_8b_instruct,4k,4k_llama3p1_8b_instruct_lcqa_dual_anchor_incident,fpga_h2o_plus_service_clean_victim_cache16_v245,H2O + victim cache,28.906,31.868,4.025424,70080.0,979,delivery/paper/repro_audit/longctx_table1_32_32_perf_20260605/replay_reports/table1_controls_32_32/run_20260605_144758_llama3p1_e7c55e_llama3p1_5673df/hit_miss_amat_summary.csv
llama3p1_8b_instruct,4k,4k_llama3p1_8b_instruct_lcqa_backend_priority_rule,fpga_h2o_plus_service_clean_victim_cache16_v245,H2O + victim cache,40.592,25.618,3.94072,69172.0,787,delivery/paper/repro_audit/longctx_table1_32_32_perf_20260605/replay_reports/table1_controls_32_32/run_20260605_144758_llama3p1_e7c55e_llama3p1_5673df/hit_miss_amat_summary.csv
llama3p1_8b_instruct,4k,4k_llama3p1_8b_instruct_lcqa_epoch_window_recall,fpga_h2o_plus_service_clean_victim_cache16_v245,H2O + victim cache,31.803,26.465,3.95244,69150.0,813,delivery/paper/repro_audit/longctx_table1_32_32_perf_20260605/replay_reports/table1_controls_32_32/run_20260605_144758_llama3p1_e7c55e_llama3p1_5673df/hit_miss_amat_summary.csv
llama3p1_8b_instruct,4k,4k_llama3p1_8b_instruct_lcqa_dual_budget_rule,fpga_h2o_plus_service_clean_victim_cache16_v245,H2O + victim cache,34.766,25.977,3.945583,69124.0,798,delivery/paper/repro_audit/longctx_table1_32_32_perf_20260605/replay_reports/table1_controls_32_32/run_20260605_144758_llama3p1_e7c55e_llama3p1_5673df/hit_miss_amat_summary.csv
llama3p1_8b_instruct,4k,4k_llama3p1_8b_instruct_lcqa_query_relevance_note,fpga_h2o_plus_service_clean_victim_cache16_v245,H2O + victim cache,29.427,31.413,4.019217,70114.0,965,delivery/paper/repro_audit/longctx_table1_32_32_perf_20260605/replay_reports/table1_controls_32_32/run_20260605_144758_llama3p1_e7c55e_llama3p1_5673df/hit_miss_amat_summary.csv
llama3p1_8b_instruct,4k,4k_llama3p1_8b_instruct_lcqa_spill_cost_reason,fpga_h2o_plus_service_clean_victim_cache16_v245,H2O + victim cache,29.948,29.688,3.996033,69851.0,912,delivery/paper/repro_audit/longctx_table1_32_32_perf_20260605/replay_reports/table1_controls_32_32/run_20260605_144758_llama3p1_e7c55e_llama3p1_5673df/hit_miss_amat_summary.csv
llama3p1_8b_instruct,4k,4k_llama3p1_8b_instruct_lcqa_head_budget_rule,fpga_h2o_plus_service_clean_victim_cache16_v245,H2O + victim cache,26.725,31.348,4.01845,70001.0,963,delivery/paper/repro_audit/longctx_table1_32_32_perf_20260605/replay_reports/table1_controls_32_32/run_20260605_144758_llama3p1_e7c55e_llama3p1_5673df/hit_miss_amat_summary.csv
llama3p1_8b_instruct,4k,4k_llama3p1_8b_instruct_cmqa_early_name_recall,fpga_h2o_plus_service_clean_victim_cache16_v245,H2O + victim cache,27.832,33.203,4.043759,70183.0,1020,delivery/paper/repro_audit/longctx_table1_32_32_perf_20260605/replay_reports/table1_controls_32_32/run_20260605_144758_llama3p1_e7c55e_llama3p1_5673df/hit_miss_amat_summary.csv
llama3p1_8b_instruct,4k,4k_llama3p1_8b_instruct_cmqa_policy_recall,fpga_h2o_plus_service_clean_victim_cache16_v245,H2O + victim cache,38.281,28.483,3.979461,69663.0,875,delivery/paper/repro_audit/longctx_table1_32_32_perf_20260605/replay_reports/table1_controls_32_32/run_20260605_144758_llama3p1_e7c55e_llama3p1_5673df/hit_miss_amat_summary.csv
llama3p1_8b_instruct,4k,4k_llama3p1_8b_instruct_cmqa_anchor_reasoning,fpga_h2o_plus_service_clean_victim_cache16_v245,H2O + victim cache,35.319,29.102,3.987818,69654.0,894,delivery/paper/repro_audit/longctx_table1_32_32_perf_20260605/replay_reports/table1_controls_32_32/run_20260605_144758_llama3p1_e7c55e_llama3p1_5673df/hit_miss_amat_summary.csv
llama3p1_8b_instruct,4k,4k_llama3p1_8b_instruct_cmqa_backend_recall,fpga_h2o_plus_service_clean_victim_cache16_v245,H2O + victim cache,29.557,34.473,4.060911,70482.0,1059,delivery/paper/repro_audit/longctx_table1_32_32_perf_20260605/replay_reports/table1_controls_32_32/run_20260605_144758_llama3p1_e7c55e_llama3p1_5673df/hit_miss_amat_summary.csv
llama3p1_8b_instruct,4k,4k_llama3p1_8b_instruct_cmqa_field_recall,fpga_h2o_plus_service_clean_victim_cache16_v245,H2O + victim cache,26.4,31.608,4.021893,70040.0,971,delivery/paper/repro_audit/longctx_table1_32_32_perf_20260605/replay_reports/table1_controls_32_32/run_20260605_144758_llama3p1_e7c55e_llama3p1_5673df/hit_miss_amat_summary.csv
llama3p1_8b_instruct,4k,4k_llama3p1_8b_instruct_cmqa_epoch_memory,fpga_h2o_plus_service_clean_victim_cache16_v245,H2O + victim cache,28.451,30.664,4.009099,69843.0,942,delivery/paper/repro_audit/longctx_table1_32_32_perf_20260605/replay_reports/table1_controls_32_32/run_20260605_144758_llama3p1_e7c55e_llama3p1_5673df/hit_miss_amat_summary.csv
llama3p1_8b_instruct,4k,4k_llama3p1_8b_instruct_cmqa_budget_memory,fpga_h2o_plus_service_clean_victim_cache16_v245,H2O + victim cache,30.566,30.99,4.013604,69894.0,952,delivery/paper/repro_audit/longctx_table1_32_32_perf_20260605/replay_reports/table1_controls_32_32/run_20260605_144758_llama3p1_e7c55e_llama3p1_5673df/hit_miss_amat_summary.csv
llama3p1_8b_instruct,4k,4k_llama3p1_8b_instruct_mdqa_cross_doc_role,fpga_h2o_plus_service_strict_miss_prefetch_v206,H2O + guarded prefetch,28.809,52.474,4.306987,73324.0,1616,delivery/paper/repro_audit/longctx_table1_32_32_perf_20260605/replay_reports/table1_controls_32_32/run_20260605_144758_llama3p1_e7c55e_llama3p1_5673df/hit_miss_amat_summary.csv
llama3p1_8b_instruct,4k,4k_llama3p1_8b_instruct_mdqa_component_match,fpga_h2o_plus_service_strict_miss_prefetch_v206,H2O + guarded prefetch,28.874,49.609,4.267719,72933.0,1526,delivery/paper/repro_audit/longctx_table1_32_32_perf_20260605/replay_reports/table1_controls_32_32/run_20260605_144758_llama3p1_e7c55e_llama3p1_5673df/hit_miss_amat_summary.csv
llama3p1_8b_instruct,4k,4k_llama3p1_8b_instruct_mdqa_two_hop_summary,fpga_h2o_plus_service_strict_miss_prefetch_v206,H2O + guarded prefetch,31.348,44.954,4.20339,72096.0,1381,delivery/paper/repro_audit/longctx_table1_32_32_perf_20260605/replay_reports/table1_controls_32_32/run_20260605_144758_llama3p1_e7c55e_llama3p1_5673df/hit_miss_amat_summary.csv
llama3p1_8b_instruct,4k,4k_llama3p1_8b_instruct_mdqa_cross_doc_priority,fpga_h2o_plus_service_strict_miss_prefetch_v206,H2O + guarded prefetch,24.87,54.036,4.327276,73554.0,1662,delivery/paper/repro_audit/longctx_table1_32_32_perf_20260605/replay_reports/table1_controls_32_32/run_20260605_144758_llama3p1_e7c55e_llama3p1_5673df/hit_miss_amat_summary.csv
llama3p1_8b_instruct,4k,4k_llama3p1_8b_instruct_mdqa_chain_descriptor_fields,fpga_h2o_plus_service_strict_miss_prefetch_v206,H2O + guarded prefetch,29.622,47.331,4.236405,72470.0,1456,delivery/paper/repro_audit/longctx_table1_32_32_perf_20260605/replay_reports/table1_controls_32_32/run_20260605_144758_llama3p1_e7c55e_llama3p1_5673df/hit_miss_amat_summary.csv
llama3p1_8b_instruct,4k,4k_llama3p1_8b_instruct_mdqa_three_stage_lookup,fpga_h2o_plus_service_strict_miss_prefetch_v206,H2O + guarded prefetch,30.176,49.967,4.27871,72895.0,1544,delivery/paper/repro_audit/longctx_table1_32_32_perf_20260605/replay_reports/table1_controls_32_32/run_20260605_144758_llama3p1_e7c55e_llama3p1_5673df/hit_miss_amat_summary.csv
llama3p1_8b_instruct,4k,4k_llama3p1_8b_instruct_mdqa_compression_guard,fpga_h2o_plus_service_strict_miss_prefetch_v206,H2O + guarded prefetch,33.138,41.667,4.161068,71510.0,1285,delivery/paper/repro_audit/longctx_table1_32_32_perf_20260605/replay_reports/table1_controls_32_32/run_20260605_144758_llama3p1_e7c55e_llama3p1_5673df/hit_miss_amat_summary.csv
llama3p1_8b_instruct,4k,4k_llama3p1_8b_instruct_mdqa_query_cost_chain,fpga_h2o_plus_service_strict_miss_prefetch_v206,H2O + guarded prefetch,35.286,40.723,4.147422,71462.0,1254,delivery/paper/repro_audit/longctx_table1_32_32_perf_20260605/replay_reports/table1_controls_32_32/run_20260605_144758_llama3p1_e7c55e_llama3p1_5673df/hit_miss_amat_summary.csv
llama3p1_8b_instruct,4k,4k_llama3p1_8b_instruct_mdqa_head_budget_allocation,fpga_h2o_plus_service_strict_miss_prefetch_v206,H2O + guarded prefetch,25.749,51.465,4.293375,73061.0,1584,delivery/paper/repro_audit/longctx_table1_32_32_perf_20260605/replay_reports/table1_controls_32_32/run_20260605_144758_llama3p1_e7c55e_llama3p1_5673df/hit_miss_amat_summary.csv
llama3p1_8b_instruct,4k,4k_llama3p1_8b_instruct_mdqa_backend_admission_reason,fpga_h2o_plus_service_strict_miss_prefetch_v206,H2O + guarded prefetch,23.535,48.177,4.248852,72557.0,1484,delivery/paper/repro_audit/longctx_table1_32_32_perf_20260605/replay_reports/table1_controls_32_32/run_20260605_144758_llama3p1_e7c55e_llama3p1_5673df/hit_miss_amat_summary.csv
llama3p1_8b_instruct,4k,4k_llama3p1_8b_instruct_lcqa_anchor_timeline,fpga_h2o_plus_service_strict_miss_prefetch_v206,H2O + guarded prefetch,34.896,44.629,4.201889,72079.0,1375,delivery/paper/repro_audit/longctx_table1_32_32_perf_20260605/replay_reports/table1_controls_32_32/run_20260605_144758_llama3p1_e7c55e_llama3p1_5673df/hit_miss_amat_summary.csv
llama3p1_8b_instruct,4k,4k_llama3p1_8b_instruct_lcqa_revision_policy,fpga_h2o_plus_service_strict_miss_prefetch_v206,H2O + guarded prefetch,28.874,44.629,4.202486,72193.0,1377,delivery/paper/repro_audit/longctx_table1_32_32_perf_20260605/replay_reports/table1_controls_32_32/run_20260605_144758_llama3p1_e7c55e_llama3p1_5673df/hit_miss_amat_summary.csv
llama3p1_8b_instruct,4k,4k_llama3p1_8b_instruct_lcqa_sparse_fact,fpga_h2o_plus_service_strict_miss_prefetch_v206,H2O + guarded prefetch,33.887,47.298,4.236317,72469.0,1455,delivery/paper/repro_audit/longctx_table1_32_32_perf_20260605/replay_reports/table1_controls_32_32/run_20260605_144758_llama3p1_e7c55e_llama3p1_5673df/hit_miss_amat_summary.csv
llama3p1_8b_instruct,4k,4k_llama3p1_8b_instruct_lcqa_dual_anchor_incident,fpga_h2o_plus_service_strict_miss_prefetch_v206,H2O + guarded prefetch,28.971,50.521,4.280985,72975.0,1554,delivery/paper/repro_audit/longctx_table1_32_32_perf_20260605/replay_reports/table1_controls_32_32/run_20260605_144758_llama3p1_e7c55e_llama3p1_5673df/hit_miss_amat_summary.csv
llama3p1_8b_instruct,4k,4k_llama3p1_8b_instruct_lcqa_backend_priority_rule,fpga_h2o_plus_service_strict_miss_prefetch_v206,H2O + guarded prefetch,40.592,40.918,4.148553,71528.0,1257,delivery/paper/repro_audit/longctx_table1_32_32_perf_20260605/replay_reports/table1_controls_32_32/run_20260605_144758_llama3p1_e7c55e_llama3p1_5673df/hit_miss_amat_summary.csv
llama3p1_8b_instruct,4k,4k_llama3p1_8b_instruct_lcqa_epoch_window_recall,fpga_h2o_plus_service_strict_miss_prefetch_v206,H2O + guarded prefetch,31.803,47.168,4.235502,72352.0,1452,delivery/paper/repro_audit/longctx_table1_32_32_perf_20260605/replay_reports/table1_controls_32_32/run_20260605_144758_llama3p1_e7c55e_llama3p1_5673df/hit_miss_amat_summary.csv
llama3p1_8b_instruct,4k,4k_llama3p1_8b_instruct_lcqa_dual_budget_rule,fpga_h2o_plus_service_strict_miss_prefetch_v206,H2O + guarded prefetch,34.766,41.699,4.160601,71558.0,1283,delivery/paper/repro_audit/longctx_table1_32_32_perf_20260605/replay_reports/table1_controls_32_32/run_20260605_144758_llama3p1_e7c55e_llama3p1_5673df/hit_miss_amat_summary.csv
llama3p1_8b_instruct,4k,4k_llama3p1_8b_instruct_lcqa_query_relevance_note,fpga_h2o_plus_service_strict_miss_prefetch_v206,H2O + guarded prefetch,29.427,47.852,4.244182,72666.0,1474,delivery/paper/repro_audit/longctx_table1_32_32_perf_20260605/replay_reports/table1_controls_32_32/run_20260605_144758_llama3p1_e7c55e_llama3p1_5673df/hit_miss_amat_summary.csv
llama3p1_8b_instruct,4k,4k_llama3p1_8b_instruct_lcqa_spill_cost_reason,fpga_h2o_plus_service_strict_miss_prefetch_v206,H2O + guarded prefetch,29.98,45.54,4.216678,72354.0,1404,delivery/paper/repro_audit/longctx_table1_32_32_perf_20260605/replay_reports/table1_controls_32_32/run_20260605_144758_llama3p1_e7c55e_llama3p1_5673df/hit_miss_amat_summary.csv
llama3p1_8b_instruct,4k,4k_llama3p1_8b_instruct_lcqa_head_budget_rule,fpga_h2o_plus_service_strict_miss_prefetch_v206,H2O + guarded prefetch,26.758,47.201,4.233845,72441.0,1450,delivery/paper/repro_audit/longctx_table1_32_32_perf_20260605/replay_reports/table1_controls_32_32/run_20260605_144758_llama3p1_e7c55e_llama3p1_5673df/hit_miss_amat_summary.csv
llama3p1_8b_instruct,4k,4k_llama3p1_8b_instruct_cmqa_early_name_recall,fpga_h2o_plus_service_strict_miss_prefetch_v206,H2O + guarded prefetch,27.832,48.438,4.25168,72535.0,1489,delivery/paper/repro_audit/longctx_table1_32_32_perf_20260605/replay_reports/table1_controls_32_32/run_20260605_144758_llama3p1_e7c55e_llama3p1_5673df/hit_miss_amat_summary.csv
llama3p1_8b_instruct,4k,4k_llama3p1_8b_instruct_cmqa_policy_recall,fpga_h2o_plus_service_strict_miss_prefetch_v206,H2O + guarded prefetch,38.281,44.499,4.199136,72155.0,1371,delivery/paper/repro_audit/longctx_table1_32_32_perf_20260605/replay_reports/table1_controls_32_32/run_20260605_144758_llama3p1_e7c55e_llama3p1_5673df/hit_miss_amat_summary.csv
llama3p1_8b_instruct,4k,4k_llama3p1_8b_instruct_cmqa_anchor_reasoning,fpga_h2o_plus_service_strict_miss_prefetch_v206,H2O + guarded prefetch,35.319,46.973,4.234022,72443.0,1448,delivery/paper/repro_audit/longctx_table1_32_32_perf_20260605/replay_reports/table1_controls_32_32/run_20260605_144758_llama3p1_e7c55e_llama3p1_5673df/hit_miss_amat_summary.csv
llama3p1_8b_instruct,4k,4k_llama3p1_8b_instruct_cmqa_backend_recall,fpga_h2o_plus_service_strict_miss_prefetch_v206,H2O + guarded prefetch,29.557,51.79,4.298464,73173.0,1593,delivery/paper/repro_audit/longctx_table1_32_32_perf_20260605/replay_reports/table1_controls_32_32/run_20260605_144758_llama3p1_e7c55e_llama3p1_5673df/hit_miss_amat_summary.csv
llama3p1_8b_instruct,4k,4k_llama3p1_8b_instruct_cmqa_field_recall,fpga_h2o_plus_service_strict_miss_prefetch_v206,H2O + guarded prefetch,26.4,52.376,4.304379,73240.0,1610,delivery/paper/repro_audit/longctx_table1_32_32_perf_20260605/replay_reports/table1_controls_32_32/run_20260605_144758_llama3p1_e7c55e_llama3p1_5673df/hit_miss_amat_summary.csv
llama3p1_8b_instruct,4k,4k_llama3p1_8b_instruct_cmqa_epoch_memory,fpga_h2o_plus_service_strict_miss_prefetch_v206,H2O + guarded prefetch,28.451,47.038,4.231537,72361.0,1445,delivery/paper/repro_audit/longctx_table1_32_32_perf_20260605/replay_reports/table1_controls_32_32/run_20260605_144758_llama3p1_e7c55e_llama3p1_5673df/hit_miss_amat_summary.csv
llama3p1_8b_instruct,4k,4k_llama3p1_8b_instruct_cmqa_budget_memory,fpga_h2o_plus_service_strict_miss_prefetch_v206,H2O + guarded prefetch,30.566,44.889,4.202739,72035.0,1379,delivery/paper/repro_audit/longctx_table1_32_32_perf_20260605/replay_reports/table1_controls_32_32/run_20260605_144758_llama3p1_e7c55e_llama3p1_5673df/hit_miss_amat_summary.csv
mistral_7b_instruct_v0p3,4k,4k_mistral_7b_instruct_v0p3_mdqa_cross_doc_role,baseline,Traditional cache,30.306,40.723,4.22833,72540.0,1285,delivery/paper/repro_audit/longctx_table1_32_32_perf_20260605/replay_reports/table1_controls_32_32/run_20260605_150408_mistral7_7088e0_mistral7_b717ce/hit_miss_amat_summary.csv
mistral_7b_instruct_v0p3,4k,4k_mistral_7b_instruct_v0p3_mdqa_component_match,baseline,Traditional cache,24.121,50.846,4.372173,73953.0,1610,delivery/paper/repro_audit/longctx_table1_32_32_perf_20260605/replay_reports/table1_controls_32_32/run_20260605_150408_mistral7_7088e0_mistral7_b717ce/hit_miss_amat_summary.csv
mistral_7b_instruct_v0p3,4k,4k_mistral_7b_instruct_v0p3_mdqa_two_hop_summary,baseline,Traditional cache,25.293,50.651,4.377555,74234.0,1623,delivery/paper/repro_audit/longctx_table1_32_32_perf_20260605/replay_reports/table1_controls_32_32/run_20260605_150408_mistral7_7088e0_mistral7_b717ce/hit_miss_amat_summary.csv
mistral_7b_instruct_v0p3,4k,4k_mistral_7b_instruct_v0p3_mdqa_cross_doc_priority,baseline,Traditional cache,27.018,49.642,4.35564,73711.0,1571,delivery/paper/repro_audit/longctx_table1_32_32_perf_20260605/replay_reports/table1_controls_32_32/run_20260605_150408_mistral7_7088e0_mistral7_b717ce/hit_miss_amat_summary.csv
mistral_7b_instruct_v0p3,4k,4k_mistral_7b_instruct_v0p3_mdqa_chain_descriptor_fields,baseline,Traditional cache,30.306,46.061,4.310342,73471.0,1472,delivery/paper/repro_audit/longctx_table1_32_32_perf_20260605/replay_reports/table1_controls_32_32/run_20260605_150408_mistral7_7088e0_mistral7_b717ce/hit_miss_amat_summary.csv
mistral_7b_instruct_v0p3,4k,4k_mistral_7b_instruct_v0p3_mdqa_three_stage_lookup,baseline,Traditional cache,28.418,50.586,4.377825,74072.0,1622,delivery/paper/repro_audit/longctx_table1_32_32_perf_20260605/replay_reports/table1_controls_32_32/run_20260605_150408_mistral7_7088e0_mistral7_b717ce/hit_miss_amat_summary.csv
mistral_7b_instruct_v0p3,4k,4k_mistral_7b_instruct_v0p3_mdqa_compression_guard,baseline,Traditional cache,24.87,51.497,4.384099,74088.0,1637,delivery/paper/repro_audit/longctx_table1_32_32_perf_20260605/replay_reports/table1_controls_32_32/run_20260605_150408_mistral7_7088e0_mistral7_b717ce/hit_miss_amat_summary.csv
mistral_7b_instruct_v0p3,4k,4k_mistral_7b_instruct_v0p3_mdqa_query_cost_chain,baseline,Traditional cache,38.77,40.267,4.23062,72566.0,1291,delivery/paper/repro_audit/longctx_table1_32_32_perf_20260605/replay_reports/table1_controls_32_32/run_20260605_150408_mistral7_7088e0_mistral7_b717ce/hit_miss_amat_summary.csv
mistral_7b_instruct_v0p3,4k,4k_mistral_7b_instruct_v0p3_mdqa_head_budget_allocation,baseline,Traditional cache,27.018,47.201,4.328599,73569.0,1512,delivery/paper/repro_audit/longctx_table1_32_32_perf_20260605/replay_reports/table1_controls_32_32/run_20260605_150408_mistral7_7088e0_mistral7_b717ce/hit_miss_amat_summary.csv
mistral_7b_instruct_v0p3,4k,4k_mistral_7b_instruct_v0p3_mdqa_backend_admission_reason,baseline,Traditional cache,31.934,41.146,4.235954,72411.0,1301,delivery/paper/repro_audit/longctx_table1_32_32_perf_20260605/replay_reports/table1_controls_32_32/run_20260605_150408_mistral7_7088e0_mistral7_b717ce/hit_miss_amat_summary.csv
mistral_7b_instruct_v0p3,4k,4k_mistral_7b_instruct_v0p3_lcqa_anchor_timeline,baseline,Traditional cache,40.365,38.574,4.202839,72197.0,1227,delivery/paper/repro_audit/longctx_table1_32_32_perf_20260605/replay_reports/table1_controls_32_32/run_20260605_150408_mistral7_7088e0_mistral7_b717ce/hit_miss_amat_summary.csv
mistral_7b_instruct_v0p3,4k,4k_mistral_7b_instruct_v0p3_lcqa_revision_policy,baseline,Traditional cache,29.655,45.28,4.29788,73112.0,1442,delivery/paper/repro_audit/longctx_table1_32_32_perf_20260605/replay_reports/table1_controls_32_32/run_20260605_150408_mistral7_7088e0_mistral7_b717ce/hit_miss_amat_summary.csv
mistral_7b_instruct_v0p3,4k,4k_mistral_7b_instruct_v0p3_lcqa_sparse_fact,baseline,Traditional cache,23.21,49.121,4.344788,73643.0,1549,delivery/paper/repro_audit/longctx_table1_32_32_perf_20260605/replay_reports/table1_controls_32_32/run_20260605_150408_mistral7_7088e0_mistral7_b717ce/hit_miss_amat_summary.csv
mistral_7b_instruct_v0p3,4k,4k_mistral_7b_instruct_v0p3_lcqa_dual_anchor_incident,baseline,Traditional cache,31.087,43.945,4.276729,72981.0,1394,delivery/paper/repro_audit/longctx_table1_32_32_perf_20260605/replay_reports/table1_controls_32_32/run_20260605_150408_mistral7_7088e0_mistral7_b717ce/hit_miss_amat_summary.csv
mistral_7b_instruct_v0p3,4k,4k_mistral_7b_instruct_v0p3_lcqa_backend_priority_rule,baseline,Traditional cache,29.362,42.318,4.246298,72690.0,1327,delivery/paper/repro_audit/longctx_table1_32_32_perf_20260605/replay_reports/table1_controls_32_32/run_20260605_150408_mistral7_7088e0_mistral7_b717ce/hit_miss_amat_summary.csv
mistral_7b_instruct_v0p3,4k,4k_mistral_7b_instruct_v0p3_lcqa_epoch_window_recall,baseline,Traditional cache,33.333,40.365,4.224171,72439.0,1276,delivery/paper/repro_audit/longctx_table1_32_32_perf_20260605/replay_reports/table1_controls_32_32/run_20260605_150408_mistral7_7088e0_mistral7_b717ce/hit_miss_amat_summary.csv
mistral_7b_instruct_v0p3,4k,4k_mistral_7b_instruct_v0p3_lcqa_dual_budget_rule,baseline,Traditional cache,33.008,41.634,4.250264,72735.0,1335,delivery/paper/repro_audit/longctx_table1_32_32_perf_20260605/replay_reports/table1_controls_32_32/run_20260605_150408_mistral7_7088e0_mistral7_b717ce/hit_miss_amat_summary.csv
mistral_7b_instruct_v0p3,4k,4k_mistral_7b_instruct_v0p3_lcqa_query_relevance_note,baseline,Traditional cache,23.079,49.512,4.351839,73668.0,1563,delivery/paper/repro_audit/longctx_table1_32_32_perf_20260605/replay_reports/table1_controls_32_32/run_20260605_150408_mistral7_7088e0_mistral7_b717ce/hit_miss_amat_summary.csv
mistral_7b_instruct_v0p3,4k,4k_mistral_7b_instruct_v0p3_lcqa_spill_cost_reason,baseline,Traditional cache,35.026,39.746,4.221635,72464.0,1271,delivery/paper/repro_audit/longctx_table1_32_32_perf_20260605/replay_reports/table1_controls_32_32/run_20260605_150408_mistral7_7088e0_mistral7_b717ce/hit_miss_amat_summary.csv
mistral_7b_instruct_v0p3,4k,4k_mistral_7b_instruct_v0p3_lcqa_head_budget_rule,baseline,Traditional cache,26.562,47.103,4.32023,73365.0,1492,delivery/paper/repro_audit/longctx_table1_32_32_perf_20260605/replay_reports/table1_controls_32_32/run_20260605_150408_mistral7_7088e0_mistral7_b717ce/hit_miss_amat_summary.csv
mistral_7b_instruct_v0p3,4k,4k_mistral_7b_instruct_v0p3_cmqa_early_name_recall,baseline,Traditional cache,33.073,42.676,4.259276,72675.0,1354,delivery/paper/repro_audit/longctx_table1_32_32_perf_20260605/replay_reports/table1_controls_32_32/run_20260605_150408_mistral7_7088e0_mistral7_b717ce/hit_miss_amat_summary.csv
mistral_7b_instruct_v0p3,4k,4k_mistral_7b_instruct_v0p3_cmqa_policy_recall,baseline,Traditional cache,30.599,43.034,4.270349,73017.0,1381,delivery/paper/repro_audit/longctx_table1_32_32_perf_20260605/replay_reports/table1_controls_32_32/run_20260605_150408_mistral7_7088e0_mistral7_b717ce/hit_miss_amat_summary.csv
mistral_7b_instruct_v0p3,4k,4k_mistral_7b_instruct_v0p3_cmqa_anchor_reasoning,baseline,Traditional cache,35.612,41.667,4.248147,72657.0,1330,delivery/paper/repro_audit/longctx_table1_32_32_perf_20260605/replay_reports/table1_controls_32_32/run_20260605_150408_mistral7_7088e0_mistral7_b717ce/hit_miss_amat_summary.csv
mistral_7b_instruct_v0p3,4k,4k_mistral_7b_instruct_v0p3_cmqa_backend_recall,baseline,Traditional cache,36.523,32.747,4.120152,71259.0,1040,delivery/paper/repro_audit/longctx_table1_32_32_perf_20260605/replay_reports/table1_controls_32_32/run_20260605_150408_mistral7_7088e0_mistral7_b717ce/hit_miss_amat_summary.csv
mistral_7b_instruct_v0p3,4k,4k_mistral_7b_instruct_v0p3_cmqa_field_recall,baseline,Traditional cache,36.849,43.392,4.270686,72750.0,1379,delivery/paper/repro_audit/longctx_table1_32_32_perf_20260605/replay_reports/table1_controls_32_32/run_20260605_150408_mistral7_7088e0_mistral7_b717ce/hit_miss_amat_summary.csv
mistral_7b_instruct_v0p3,4k,4k_mistral_7b_instruct_v0p3_cmqa_epoch_memory,baseline,Traditional cache,37.272,35.579,4.159443,71758.0,1129,delivery/paper/repro_audit/longctx_table1_32_32_perf_20260605/replay_reports/table1_controls_32_32/run_20260605_150408_mistral7_7088e0_mistral7_b717ce/hit_miss_amat_summary.csv
mistral_7b_instruct_v0p3,4k,4k_mistral_7b_instruct_v0p3_cmqa_budget_memory,baseline,Traditional cache,41.146,34.049,4.13654,71498.0,1078,delivery/paper/repro_audit/longctx_table1_32_32_perf_20260605/replay_reports/table1_controls_32_32/run_20260605_150408_mistral7_7088e0_mistral7_b717ce/hit_miss_amat_summary.csv
mistral_7b_instruct_v0p3,4k,4k_mistral_7b_instruct_v0p3_mdqa_cross_doc_role,fpga_true_h2o_pure,Pure H2O,30.599,40.462,4.216085,72401.0,1259,delivery/paper/repro_audit/longctx_table1_32_32_perf_20260605/replay_reports/table1_controls_32_32/run_20260605_150408_mistral7_7088e0_mistral7_b717ce/hit_miss_amat_summary.csv
mistral_7b_instruct_v0p3,4k,4k_mistral_7b_instruct_v0p3_mdqa_component_match,fpga_true_h2o_pure,Pure H2O,24.154,47.917,4.320406,73367.0,1494,delivery/paper/repro_audit/longctx_table1_32_32_perf_20260605/replay_reports/table1_controls_32_32/run_20260605_150408_mistral7_7088e0_mistral7_b717ce/hit_miss_amat_summary.csv
mistral_7b_instruct_v0p3,4k,4k_mistral_7b_instruct_v0p3_mdqa_two_hop_summary,fpga_true_h2o_pure,Pure H2O,25.293,49.186,4.34364,73849.0,1548,delivery/paper/repro_audit/longctx_table1_32_32_perf_20260605/replay_reports/table1_controls_32_32/run_20260605_150408_mistral7_7088e0_mistral7_b717ce/hit_miss_amat_summary.csv
mistral_7b_instruct_v0p3,4k,4k_mistral_7b_instruct_v0p3_mdqa_cross_doc_priority,fpga_true_h2o_pure,Pure H2O,26.855,48.307,4.326025,73376.0,1506,delivery/paper/repro_audit/longctx_table1_32_32_perf_20260605/replay_reports/table1_controls_32_32/run_20260605_150408_mistral7_7088e0_mistral7_b717ce/hit_miss_amat_summary.csv
mistral_7b_instruct_v0p3,4k,4k_mistral_7b_instruct_v0p3_mdqa_chain_descriptor_fields,fpga_true_h2o_pure,Pure H2O,30.534,44.954,4.281712,73146.0,1408,delivery/paper/repro_audit/longctx_table1_32_32_perf_20260605/replay_reports/table1_controls_32_32/run_20260605_150408_mistral7_7088e0_mistral7_b717ce/hit_miss_amat_summary.csv
mistral_7b_instruct_v0p3,4k,4k_mistral_7b_instruct_v0p3_mdqa_three_stage_lookup,fpga_true_h2o_pure,Pure H2O,28.743,47.884,4.3253,73477.0,1505,delivery/paper/repro_audit/longctx_table1_32_32_perf_20260605/replay_reports/table1_controls_32_32/run_20260605_150408_mistral7_7088e0_mistral7_b717ce/hit_miss_amat_summary.csv
mistral_7b_instruct_v0p3,4k,4k_mistral_7b_instruct_v0p3_mdqa_compression_guard,fpga_true_h2o_pure,Pure H2O,24.967,50.488,4.358304,73796.0,1580,delivery/paper/repro_audit/longctx_table1_32_32_perf_20260605/replay_reports/table1_controls_32_32/run_20260605_150408_mistral7_7088e0_mistral7_b717ce/hit_miss_amat_summary.csv
mistral_7b_instruct_v0p3,4k,4k_mistral_7b_instruct_v0p3_mdqa_query_cost_chain,fpga_true_h2o_pure,Pure H2O,38.9,41.895,4.240839,72682.0,1315,delivery/paper/repro_audit/longctx_table1_32_32_perf_20260605/replay_reports/table1_controls_32_32/run_20260605_150408_mistral7_7088e0_mistral7_b717ce/hit_miss_amat_summary.csv
mistral_7b_instruct_v0p3,4k,4k_mistral_7b_instruct_v0p3_mdqa_head_budget_allocation,fpga_true_h2o_pure,Pure H2O,27.246,51.628,4.378176,74131.0,1626,delivery/paper/repro_audit/longctx_table1_32_32_perf_20260605/replay_reports/table1_controls_32_32/run_20260605_150408_mistral7_7088e0_mistral7_b717ce/hit_miss_amat_summary.csv
mistral_7b_instruct_v0p3,4k,4k_mistral_7b_instruct_v0p3_mdqa_backend_admission_reason,fpga_true_h2o_pure,Pure H2O,32.064,42.155,4.240901,72467.0,1314,delivery/paper/repro_audit/longctx_table1_32_32_perf_20260605/replay_reports/table1_controls_32_32/run_20260605_150408_mistral7_7088e0_mistral7_b717ce/hit_miss_amat_summary.csv
mistral_7b_instruct_v0p3,4k,4k_mistral_7b_instruct_v0p3_lcqa_anchor_timeline,fpga_true_h2o_pure,Pure H2O,40.397,39.714,4.20848,72261.0,1241,delivery/paper/repro_audit/longctx_table1_32_32_perf_20260605/replay_reports/table1_controls_32_32/run_20260605_150408_mistral7_7088e0_mistral7_b717ce/hit_miss_amat_summary.csv
mistral_7b_instruct_v0p3,4k,4k_mistral_7b_instruct_v0p3_lcqa_revision_policy,fpga_true_h2o_pure,Pure H2O,29.688,45.378,4.286572,72984.0,1417,delivery/paper/repro_audit/longctx_table1_32_32_perf_20260605/replay_reports/table1_controls_32_32/run_20260605_150408_mistral7_7088e0_mistral7_b717ce/hit_miss_amat_summary.csv
mistral_7b_instruct_v0p3,4k,4k_mistral_7b_instruct_v0p3_lcqa_sparse_fact,fpga_true_h2o_pure,Pure H2O,23.145,51.53,4.369435,73922.0,1604,delivery/paper/repro_audit/longctx_table1_32_32_perf_20260605/replay_reports/table1_controls_32_32/run_20260605_150408_mistral7_7088e0_mistral7_b717ce/hit_miss_amat_summary.csv
mistral_7b_instruct_v0p3,4k,4k_mistral_7b_instruct_v0p3_lcqa_dual_anchor_incident,fpga_true_h2o_pure,Pure H2O,31.022,45.02,4.282904,73051.0,1410,delivery/paper/repro_audit/longctx_table1_32_32_perf_20260605/replay_reports/table1_controls_32_32/run_20260605_150408_mistral7_7088e0_mistral7_b717ce/hit_miss_amat_summary.csv
mistral_7b_instruct_v0p3,4k,4k_mistral_7b_instruct_v0p3_lcqa_backend_priority_rule,fpga_true_h2o_pure,Pure H2O,29.362,43.164,4.249912,72731.0,1335,delivery/paper/repro_audit/longctx_table1_32_32_perf_20260605/replay_reports/table1_controls_32_32/run_20260605_150408_mistral7_7088e0_mistral7_b717ce/hit_miss_amat_summary.csv
mistral_7b_instruct_v0p3,4k,4k_mistral_7b_instruct_v0p3_lcqa_epoch_window_recall,fpga_true_h2o_pure,Pure H2O,33.366,45.41,4.285525,73135.0,1416,delivery/paper/repro_audit/longctx_table1_32_32_perf_20260605/replay_reports/table1_controls_32_32/run_20260605_150408_mistral7_7088e0_mistral7_b717ce/hit_miss_amat_summary.csv
mistral_7b_instruct_v0p3,4k,4k_mistral_7b_instruct_v0p3_lcqa_dual_budget_rule,fpga_true_h2o_pure,Pure H2O,32.943,39.714,4.208921,72266.0,1242,delivery/paper/repro_audit/longctx_table1_32_32_perf_20260605/replay_reports/table1_controls_32_32/run_20260605_150408_mistral7_7088e0_mistral7_b717ce/hit_miss_amat_summary.csv
mistral_7b_instruct_v0p3,4k,4k_mistral_7b_instruct_v0p3_lcqa_query_relevance_note,fpga_true_h2o_pure,Pure H2O,23.21,48.503,4.328324,73402.0,1511,delivery/paper/repro_audit/longctx_table1_32_32_perf_20260605/replay_reports/table1_controls_32_32/run_20260605_150408_mistral7_7088e0_mistral7_b717ce/hit_miss_amat_summary.csv
mistral_7b_instruct_v0p3,4k,4k_mistral_7b_instruct_v0p3_lcqa_spill_cost_reason,fpga_true_h2o_pure,Pure H2O,35.156,42.383,4.245684,72737.0,1326,delivery/paper/repro_audit/longctx_table1_32_32_perf_20260605/replay_reports/table1_controls_32_32/run_20260605_150408_mistral7_7088e0_mistral7_b717ce/hit_miss_amat_summary.csv
mistral_7b_instruct_v0p3,4k,4k_mistral_7b_instruct_v0p3_lcqa_head_budget_rule,fpga_true_h2o_pure,Pure H2O,26.497,49.251,4.340371,73593.0,1539,delivery/paper/repro_audit/longctx_table1_32_32_perf_20260605/replay_reports/table1_controls_32_32/run_20260605_150408_mistral7_7088e0_mistral7_b717ce/hit_miss_amat_summary.csv
mistral_7b_instruct_v0p3,4k,4k_mistral_7b_instruct_v0p3_cmqa_early_name_recall,fpga_true_h2o_pure,Pure H2O,32.975,43.717,4.261484,72700.0,1360,delivery/paper/repro_audit/longctx_table1_32_32_perf_20260605/replay_reports/table1_controls_32_32/run_20260605_150408_mistral7_7088e0_mistral7_b717ce/hit_miss_amat_summary.csv
mistral_7b_instruct_v0p3,4k,4k_mistral_7b_instruct_v0p3_cmqa_policy_recall,fpga_true_h2o_pure,Pure H2O,30.436,47.591,4.323555,73621.0,1503,delivery/paper/repro_audit/longctx_table1_32_32_perf_20260605/replay_reports/table1_controls_32_32/run_20260605_150408_mistral7_7088e0_mistral7_b717ce/hit_miss_amat_summary.csv
mistral_7b_instruct_v0p3,4k,4k_mistral_7b_instruct_v0p3_cmqa_anchor_reasoning,fpga_true_h2o_pure,Pure H2O,35.449,41.699,4.238091,72543.0,1308,delivery/paper/repro_audit/longctx_table1_32_32_perf_20260605/replay_reports/table1_controls_32_32/run_20260605_150408_mistral7_7088e0_mistral7_b717ce/hit_miss_amat_summary.csv
mistral_7b_instruct_v0p3,4k,4k_mistral_7b_instruct_v0p3_cmqa_backend_recall,fpga_true_h2o_pure,Pure H2O,36.523,41.081,4.227257,72474.0,1284,delivery/paper/repro_audit/longctx_table1_32_32_perf_20260605/replay_reports/table1_controls_32_32/run_20260605_150408_mistral7_7088e0_mistral7_b717ce/hit_miss_amat_summary.csv
mistral_7b_instruct_v0p3,4k,4k_mistral_7b_instruct_v0p3_cmqa_field_recall,fpga_true_h2o_pure,Pure H2O,36.784,40.332,4.218175,72156.0,1262,delivery/paper/repro_audit/longctx_table1_32_32_perf_20260605/replay_reports/table1_controls_32_32/run_20260605_150408_mistral7_7088e0_mistral7_b717ce/hit_miss_amat_summary.csv
mistral_7b_instruct_v0p3,4k,4k_mistral_7b_instruct_v0p3_cmqa_epoch_memory,fpga_true_h2o_pure,Pure H2O,37.337,41.146,4.229915,72558.0,1290,delivery/paper/repro_audit/longctx_table1_32_32_perf_20260605/replay_reports/table1_controls_32_32/run_20260605_150408_mistral7_7088e0_mistral7_b717ce/hit_miss_amat_summary.csv
mistral_7b_instruct_v0p3,4k,4k_mistral_7b_instruct_v0p3_cmqa_budget_memory,fpga_true_h2o_pure,Pure H2O,41.309,32.031,4.104563,71135.0,1006,delivery/paper/repro_audit/longctx_table1_32_32_perf_20260605/replay_reports/table1_controls_32_32/run_20260605_150408_mistral7_7088e0_mistral7_b717ce/hit_miss_amat_summary.csv
mistral_7b_instruct_v0p3,4k,4k_mistral_7b_instruct_v0p3_mdqa_cross_doc_role,fpga_h2o_plus_service_clean_victim_cache16_v245,H2O + victim cache,28.353,26.172,3.948291,69361.0,804,delivery/paper/repro_audit/longctx_table1_32_32_perf_20260605/replay_reports/table1_controls_32_32/run_20260605_150408_mistral7_7088e0_mistral7_b717ce/hit_miss_amat_summary.csv
mistral_7b_instruct_v0p3,4k,4k_mistral_7b_instruct_v0p3_mdqa_component_match,fpga_h2o_plus_service_clean_victim_cache16_v245,H2O + victim cache,22.428,32.975,4.040724,70201.0,1013,delivery/paper/repro_audit/longctx_table1_32_32_perf_20260605/replay_reports/table1_controls_32_32/run_20260605_150408_mistral7_7088e0_mistral7_b717ce/hit_miss_amat_summary.csv
mistral_7b_instruct_v0p3,4k,4k_mistral_7b_instruct_v0p3_mdqa_two_hop_summary,fpga_h2o_plus_service_clean_victim_cache16_v245,H2O + victim cache,23.763,37.402,4.100335,71087.0,1149,delivery/paper/repro_audit/longctx_table1_32_32_perf_20260605/replay_reports/table1_controls_32_32/run_20260605_150408_mistral7_7088e0_mistral7_b717ce/hit_miss_amat_summary.csv
mistral_7b_instruct_v0p3,4k,4k_mistral_7b_instruct_v0p3_mdqa_cross_doc_priority,fpga_h2o_plus_service_clean_victim_cache16_v245,H2O + victim cache,24.902,32.682,4.03651,70101.0,1004,delivery/paper/repro_audit/longctx_table1_32_32_perf_20260605/replay_reports/table1_controls_32_32/run_20260605_150408_mistral7_7088e0_mistral7_b717ce/hit_miss_amat_summary.csv
mistral_7b_instruct_v0p3,4k,4k_mistral_7b_instruct_v0p3_mdqa_chain_descriptor_fields,fpga_h2o_plus_service_clean_victim_cache16_v245,H2O + victim cache,28.939,33.008,4.040874,70412.0,1014,delivery/paper/repro_audit/longctx_table1_32_32_perf_20260605/replay_reports/table1_controls_32_32/run_20260605_150408_mistral7_7088e0_mistral7_b717ce/hit_miss_amat_summary.csv
mistral_7b_instruct_v0p3,4k,4k_mistral_7b_instruct_v0p3_mdqa_three_stage_lookup,fpga_h2o_plus_service_clean_victim_cache16_v245,H2O + victim cache,27.018,36.133,4.083422,70737.0,1110,delivery/paper/repro_audit/longctx_table1_32_32_perf_20260605/replay_reports/table1_controls_32_32/run_20260605_150408_mistral7_7088e0_mistral7_b717ce/hit_miss_amat_summary.csv
mistral_7b_instruct_v0p3,4k,4k_mistral_7b_instruct_v0p3_mdqa_compression_guard,fpga_h2o_plus_service_clean_victim_cache16_v245,H2O + victim cache,22.786,36.458,4.087721,70733.0,1120,delivery/paper/repro_audit/longctx_table1_32_32_perf_20260605/replay_reports/table1_controls_32_32/run_20260605_150408_mistral7_7088e0_mistral7_b717ce/hit_miss_amat_summary.csv
mistral_7b_instruct_v0p3,4k,4k_mistral_7b_instruct_v0p3_mdqa_query_cost_chain,fpga_h2o_plus_service_clean_victim_cache16_v245,H2O + victim cache,38.281,26.79,3.956748,69457.0,823,delivery/paper/repro_audit/longctx_table1_32_32_perf_20260605/replay_reports/table1_controls_32_32/run_20260605_150408_mistral7_7088e0_mistral7_b717ce/hit_miss_amat_summary.csv
mistral_7b_instruct_v0p3,4k,4k_mistral_7b_instruct_v0p3_mdqa_head_budget_allocation,fpga_h2o_plus_service_clean_victim_cache16_v245,H2O + victim cache,25.456,32.324,4.031757,70204.0,993,delivery/paper/repro_audit/longctx_table1_32_32_perf_20260605/replay_reports/table1_controls_32_32/run_20260605_150408_mistral7_7088e0_mistral7_b717ce/hit_miss_amat_summary.csv
mistral_7b_instruct_v0p3,4k,4k_mistral_7b_instruct_v0p3_mdqa_backend_admission_reason,fpga_h2o_plus_service_clean_victim_cache16_v245,H2O + victim cache,30.241,30.176,4.002473,69768.0,927,delivery/paper/repro_audit/longctx_table1_32_32_perf_20260605/replay_reports/table1_controls_32_32/run_20260605_150408_mistral7_7088e0_mistral7_b717ce/hit_miss_amat_summary.csv
mistral_7b_instruct_v0p3,4k,4k_mistral_7b_instruct_v0p3_lcqa_anchor_timeline,fpga_h2o_plus_service_clean_victim_cache16_v245,H2O + victim cache,39.518,27.311,3.963593,69483.0,839,delivery/paper/repro_audit/longctx_table1_32_32_perf_20260605/replay_reports/table1_controls_32_32/run_20260605_150408_mistral7_7088e0_mistral7_b717ce/hit_miss_amat_summary.csv
mistral_7b_instruct_v0p3,4k,4k_mistral_7b_instruct_v0p3_lcqa_revision_policy,fpga_h2o_plus_service_clean_victim_cache16_v245,H2O + victim cache,28.06,32.161,4.029505,70074.0,988,delivery/paper/repro_audit/longctx_table1_32_32_perf_20260605/replay_reports/table1_controls_32_32/run_20260605_150408_mistral7_7088e0_mistral7_b717ce/hit_miss_amat_summary.csv
mistral_7b_instruct_v0p3,4k,4k_mistral_7b_instruct_v0p3_lcqa_sparse_fact,fpga_h2o_plus_service_clean_victim_cache16_v245,H2O + victim cache,21.191,31.185,4.016343,69925.0,958,delivery/paper/repro_audit/longctx_table1_32_32_perf_20260605/replay_reports/table1_controls_32_32/run_20260605_150408_mistral7_7088e0_mistral7_b717ce/hit_miss_amat_summary.csv
mistral_7b_instruct_v0p3,4k,4k_mistral_7b_instruct_v0p3_lcqa_dual_anchor_incident,fpga_h2o_plus_service_clean_victim_cache16_v245,H2O + victim cache,29.395,29.134,3.988356,69712.0,895,delivery/paper/repro_audit/longctx_table1_32_32_perf_20260605/replay_reports/table1_controls_32_32/run_20260605_150408_mistral7_7088e0_mistral7_b717ce/hit_miss_amat_summary.csv
mistral_7b_instruct_v0p3,4k,4k_mistral_7b_instruct_v0p3_lcqa_backend_priority_rule,fpga_h2o_plus_service_clean_victim_cache16_v245,H2O + victim cache,27.767,28.906,3.98519,69728.0,888,delivery/paper/repro_audit/longctx_table1_32_32_perf_20260605/replay_reports/table1_controls_32_32/run_20260605_150408_mistral7_7088e0_mistral7_b717ce/hit_miss_amat_summary.csv
mistral_7b_instruct_v0p3,4k,4k_mistral_7b_instruct_v0p3_lcqa_epoch_window_recall,fpga_h2o_plus_service_clean_victim_cache16_v245,H2O + victim cache,31.868,29.688,3.995769,69848.0,912,delivery/paper/repro_audit/longctx_table1_32_32_perf_20260605/replay_reports/table1_controls_32_32/run_20260605_150408_mistral7_7088e0_mistral7_b717ce/hit_miss_amat_summary.csv
mistral_7b_instruct_v0p3,4k,4k_mistral_7b_instruct_v0p3_lcqa_dual_budget_rule,fpga_h2o_plus_service_clean_victim_cache16_v245,H2O + victim cache,31.771,27.279,3.963152,69478.0,838,delivery/paper/repro_audit/longctx_table1_32_32_perf_20260605/replay_reports/table1_controls_32_32/run_20260605_150408_mistral7_7088e0_mistral7_b717ce/hit_miss_amat_summary.csv
mistral_7b_instruct_v0p3,4k,4k_mistral_7b_instruct_v0p3_lcqa_query_relevance_note,fpga_h2o_plus_service_clean_victim_cache16_v245,H2O + victim cache,21.354,31.641,4.022277,69940.0,972,delivery/paper/repro_audit/longctx_table1_32_32_perf_20260605/replay_reports/table1_controls_32_32/run_20260605_150408_mistral7_7088e0_mistral7_b717ce/hit_miss_amat_summary.csv
mistral_7b_instruct_v0p3,4k,4k_mistral_7b_instruct_v0p3_lcqa_spill_cost_reason,fpga_h2o_plus_service_clean_victim_cache16_v245,H2O + victim cache,33.268,29.264,3.99031,69838.0,899,delivery/paper/repro_audit/longctx_table1_32_32_perf_20260605/replay_reports/table1_controls_32_32/run_20260605_150408_mistral7_7088e0_mistral7_b717ce/hit_miss_amat_summary.csv
mistral_7b_instruct_v0p3,4k,4k_mistral_7b_instruct_v0p3_lcqa_head_budget_rule,fpga_h2o_plus_service_clean_victim_cache16_v245,H2O + victim cache,24.967,32.943,4.040106,70194.0,1012,delivery/paper/repro_audit/longctx_table1_32_32_perf_20260605/replay_reports/table1_controls_32_32/run_20260605_150408_mistral7_7088e0_mistral7_b717ce/hit_miss_amat_summary.csv
mistral_7b_instruct_v0p3,4k,4k_mistral_7b_instruct_v0p3_cmqa_early_name_recall,fpga_h2o_plus_service_clean_victim_cache16_v245,H2O + victim cache,32.454,31.152,4.015813,69919.0,957,delivery/paper/repro_audit/longctx_table1_32_32_perf_20260605/replay_reports/table1_controls_32_32/run_20260605_150408_mistral7_7088e0_mistral7_b717ce/hit_miss_amat_summary.csv
mistral_7b_instruct_v0p3,4k,4k_mistral_7b_instruct_v0p3_cmqa_policy_recall,fpga_h2o_plus_service_clean_victim_cache16_v245,H2O + victim cache,29.72,30.632,4.008633,70046.0,941,delivery/paper/repro_audit/longctx_table1_32_32_perf_20260605/replay_reports/table1_controls_32_32/run_20260605_150408_mistral7_7088e0_mistral7_b717ce/hit_miss_amat_summary.csv
mistral_7b_instruct_v0p3,4k,4k_mistral_7b_instruct_v0p3_cmqa_anchor_reasoning,fpga_h2o_plus_service_clean_victim_cache16_v245,H2O + victim cache,34.928,29.622,3.995148,69789.0,910,delivery/paper/repro_audit/longctx_table1_32_32_perf_20260605/replay_reports/table1_controls_32_32/run_20260605_150408_mistral7_7088e0_mistral7_b717ce/hit_miss_amat_summary.csv
mistral_7b_instruct_v0p3,4k,4k_mistral_7b_instruct_v0p3_cmqa_backend_recall,fpga_h2o_plus_service_clean_victim_cache16_v245,H2O + victim cache,36.458,27.897,3.971615,69574.0,857,delivery/paper/repro_audit/longctx_table1_32_32_perf_20260605/replay_reports/table1_controls_32_32/run_20260605_150408_mistral7_7088e0_mistral7_b717ce/hit_miss_amat_summary.csv
mistral_7b_instruct_v0p3,4k,4k_mistral_7b_instruct_v0p3_cmqa_field_recall,fpga_h2o_plus_service_clean_victim_cache16_v245,H2O + victim cache,36.035,28.385,3.978342,69443.0,872,delivery/paper/repro_audit/longctx_table1_32_32_perf_20260605/replay_reports/table1_controls_32_32/run_20260605_150408_mistral7_7088e0_mistral7_b717ce/hit_miss_amat_summary.csv
mistral_7b_instruct_v0p3,4k,4k_mistral_7b_instruct_v0p3_cmqa_epoch_memory,fpga_h2o_plus_service_clean_victim_cache16_v245,H2O + victim cache,36.751,25.749,3.942653,69297.0,791,delivery/paper/repro_audit/longctx_table1_32_32_perf_20260605/replay_reports/table1_controls_32_32/run_20260605_150408_mistral7_7088e0_mistral7_b717ce/hit_miss_amat_summary.csv
mistral_7b_instruct_v0p3,4k,4k_mistral_7b_instruct_v0p3_cmqa_budget_memory,fpga_h2o_plus_service_clean_victim_cache16_v245,H2O + victim cache,40.625,22.103,3.893411,68738.0,679,delivery/paper/repro_audit/longctx_table1_32_32_perf_20260605/replay_reports/table1_controls_32_32/run_20260605_150408_mistral7_7088e0_mistral7_b717ce/hit_miss_amat_summary.csv
mistral_7b_instruct_v0p3,4k,4k_mistral_7b_instruct_v0p3_mdqa_cross_doc_role,fpga_h2o_plus_service_strict_miss_prefetch_v206,H2O + guarded prefetch,28.743,42.253,4.17345,71917.0,1307,delivery/paper/repro_audit/longctx_table1_32_32_perf_20260605/replay_reports/table1_controls_32_32/run_20260605_150408_mistral7_7088e0_mistral7_b717ce/hit_miss_amat_summary.csv
mistral_7b_instruct_v0p3,4k,4k_mistral_7b_instruct_v0p3_mdqa_component_match,fpga_h2o_plus_service_strict_miss_prefetch_v206,H2O + guarded prefetch,22.493,47.168,4.234276,72392.0,1451,delivery/paper/repro_audit/longctx_table1_32_32_perf_20260605/replay_reports/table1_controls_32_32/run_20260605_150408_mistral7_7088e0_mistral7_b717ce/hit_miss_amat_summary.csv
mistral_7b_instruct_v0p3,4k,4k_mistral_7b_instruct_v0p3_mdqa_two_hop_summary,fpga_h2o_plus_service_strict_miss_prefetch_v206,H2O + guarded prefetch,23.861,49.316,4.264183,72947.0,1520,delivery/paper/repro_audit/longctx_table1_32_32_perf_20260605/replay_reports/table1_controls_32_32/run_20260605_150408_mistral7_7088e0_mistral7_b717ce/hit_miss_amat_summary.csv
mistral_7b_instruct_v0p3,4k,4k_mistral_7b_instruct_v0p3_mdqa_cross_doc_priority,fpga_h2o_plus_service_strict_miss_prefetch_v206,H2O + guarded prefetch,25.0,48.34,4.250707,72524.0,1487,delivery/paper/repro_audit/longctx_table1_32_32_perf_20260605/replay_reports/table1_controls_32_32/run_20260605_150408_mistral7_7088e0_mistral7_b717ce/hit_miss_amat_summary.csv
mistral_7b_instruct_v0p3,4k,4k_mistral_7b_instruct_v0p3_mdqa_chain_descriptor_fields,fpga_h2o_plus_service_strict_miss_prefetch_v206,H2O + guarded prefetch,29.102,44.368,4.196089,72174.0,1364,delivery/paper/repro_audit/longctx_table1_32_32_perf_20260605/replay_reports/table1_controls_32_32/run_20260605_150408_mistral7_7088e0_mistral7_b717ce/hit_miss_amat_summary.csv
mistral_7b_instruct_v0p3,4k,4k_mistral_7b_instruct_v0p3_mdqa_three_stage_lookup,fpga_h2o_plus_service_strict_miss_prefetch_v206,H2O + guarded prefetch,27.116,48.828,4.256709,72700.0,1501,delivery/paper/repro_audit/longctx_table1_32_32_perf_20260605/replay_reports/table1_controls_32_32/run_20260605_150408_mistral7_7088e0_mistral7_b717ce/hit_miss_amat_summary.csv
mistral_7b_instruct_v0p3,4k,4k_mistral_7b_instruct_v0p3_mdqa_compression_guard,fpga_h2o_plus_service_strict_miss_prefetch_v206,H2O + guarded prefetch,22.884,51.172,4.289576,73018.0,1575,delivery/paper/repro_audit/longctx_table1_32_32_perf_20260605/replay_reports/table1_controls_32_32/run_20260605_150408_mistral7_7088e0_mistral7_b717ce/hit_miss_amat_summary.csv
mistral_7b_instruct_v0p3,4k,4k_mistral_7b_instruct_v0p3_mdqa_query_cost_chain,fpga_h2o_plus_service_strict_miss_prefetch_v206,H2O + guarded prefetch,38.346,36.621,4.090997,70981.0,1127,delivery/paper/repro_audit/longctx_table1_32_32_perf_20260605/replay_reports/table1_controls_32_32/run_20260605_150408_mistral7_7088e0_mistral7_b717ce/hit_miss_amat_summary.csv
mistral_7b_instruct_v0p3,4k,4k_mistral_7b_instruct_v0p3_mdqa_head_budget_allocation,fpga_h2o_plus_service_strict_miss_prefetch_v206,H2O + guarded prefetch,25.716,47.168,4.238179,72544.0,1458,delivery/paper/repro_audit/longctx_table1_32_32_perf_20260605/replay_reports/table1_controls_32_32/run_20260605_150408_mistral7_7088e0_mistral7_b717ce/hit_miss_amat_summary.csv
mistral_7b_instruct_v0p3,4k,4k_mistral_7b_instruct_v0p3_mdqa_backend_admission_reason,fpga_h2o_plus_service_strict_miss_prefetch_v206,H2O + guarded prefetch,30.404,42.188,4.168816,71651.0,1301,delivery/paper/repro_audit/longctx_table1_32_32_perf_20260605/replay_reports/table1_controls_32_32/run_20260605_150408_mistral7_7088e0_mistral7_b717ce/hit_miss_amat_summary.csv
mistral_7b_instruct_v0p3,4k,4k_mistral_7b_instruct_v0p3_lcqa_anchor_timeline,fpga_h2o_plus_service_strict_miss_prefetch_v206,H2O + guarded prefetch,39.714,39.421,4.130289,71374.0,1212,delivery/paper/repro_audit/longctx_table1_32_32_perf_20260605/replay_reports/table1_controls_32_32/run_20260605_150408_mistral7_7088e0_mistral7_b717ce/hit_miss_amat_summary.csv
mistral_7b_instruct_v0p3,4k,4k_mistral_7b_instruct_v0p3_lcqa_revision_policy,fpga_h2o_plus_service_strict_miss_prefetch_v206,H2O + guarded prefetch,28.158,46.452,4.225353,72291.0,1430,delivery/paper/repro_audit/longctx_table1_32_32_perf_20260605/replay_reports/table1_controls_32_32/run_20260605_150408_mistral7_7088e0_mistral7_b717ce/hit_miss_amat_summary.csv
mistral_7b_instruct_v0p3,4k,4k_mistral_7b_instruct_v0p3_lcqa_sparse_fact,fpga_h2o_plus_service_strict_miss_prefetch_v206,H2O + guarded prefetch,21.322,52.799,4.312014,73272.0,1624,delivery/paper/repro_audit/longctx_table1_32_32_perf_20260605/replay_reports/table1_controls_32_32/run_20260605_150408_mistral7_7088e0_mistral7_b717ce/hit_miss_amat_summary.csv
mistral_7b_instruct_v0p3,4k,4k_mistral_7b_instruct_v0p3_lcqa_dual_anchor_incident,fpga_h2o_plus_service_strict_miss_prefetch_v206,H2O + guarded prefetch,29.655,42.741,4.175547,71834.0,1315,delivery/paper/repro_audit/longctx_table1_32_32_perf_20260605/replay_reports/table1_controls_32_32/run_20260605_150408_mistral7_7088e0_mistral7_b717ce/hit_miss_amat_summary.csv
mistral_7b_instruct_v0p3,4k,4k_mistral_7b_instruct_v0p3_lcqa_backend_priority_rule,fpga_h2o_plus_service_strict_miss_prefetch_v206,H2O + guarded prefetch,27.962,43.294,4.182475,71966.0,1331,delivery/paper/repro_audit/longctx_table1_32_32_perf_20260605/replay_reports/table1_controls_32_32/run_20260605_150408_mistral7_7088e0_mistral7_b717ce/hit_miss_amat_summary.csv
mistral_7b_instruct_v0p3,4k,4k_mistral_7b_instruct_v0p3_lcqa_epoch_window_recall,fpga_h2o_plus_service_strict_miss_prefetch_v206,H2O + guarded prefetch,32.064,45.345,4.213681,72320.0,1401,delivery/paper/repro_audit/longctx_table1_32_32_perf_20260605/replay_reports/table1_controls_32_32/run_20260605_150408_mistral7_7088e0_mistral7_b717ce/hit_miss_amat_summary.csv
mistral_7b_instruct_v0p3,4k,4k_mistral_7b_instruct_v0p3_lcqa_dual_budget_rule,fpga_h2o_plus_service_strict_miss_prefetch_v206,H2O + guarded prefetch,31.771,39.128,4.124471,71308.0,1202,delivery/paper/repro_audit/longctx_table1_32_32_perf_20260605/replay_reports/table1_controls_32_32/run_20260605_150408_mistral7_7088e0_mistral7_b717ce/hit_miss_amat_summary.csv
mistral_7b_instruct_v0p3,4k,4k_mistral_7b_instruct_v0p3_lcqa_query_relevance_note,fpga_h2o_plus_service_strict_miss_prefetch_v206,H2O + guarded prefetch,21.387,47.103,4.233469,72329.0,1448,delivery/paper/repro_audit/longctx_table1_32_32_perf_20260605/replay_reports/table1_controls_32_32/run_20260605_150408_mistral7_7088e0_mistral7_b717ce/hit_miss_amat_summary.csv
mistral_7b_instruct_v0p3,4k,4k_mistral_7b_instruct_v0p3_lcqa_spill_cost_reason,fpga_h2o_plus_service_strict_miss_prefetch_v206,H2O + guarded prefetch,33.561,41.211,4.15636,71723.0,1273,delivery/paper/repro_audit/longctx_table1_32_32_perf_20260605/replay_reports/table1_controls_32_32/run_20260605_150408_mistral7_7088e0_mistral7_b717ce/hit_miss_amat_summary.csv
mistral_7b_instruct_v0p3,4k,4k_mistral_7b_instruct_v0p3_lcqa_head_budget_rule,fpga_h2o_plus_service_strict_miss_prefetch_v206,H2O + guarded prefetch,25.163,50.391,4.282332,72936.0,1555,delivery/paper/repro_audit/longctx_table1_32_32_perf_20260605/replay_reports/table1_controls_32_32/run_20260605_150408_mistral7_7088e0_mistral7_b717ce/hit_miss_amat_summary.csv
mistral_7b_instruct_v0p3,4k,4k_mistral_7b_instruct_v0p3_cmqa_early_name_recall,fpga_h2o_plus_service_strict_miss_prefetch_v206,H2O + guarded prefetch,32.454,45.052,4.204947,72060.0,1384,delivery/paper/repro_audit/longctx_table1_32_32_perf_20260605/replay_reports/table1_controls_32_32/run_20260605_150408_mistral7_7088e0_mistral7_b717ce/hit_miss_amat_summary.csv
mistral_7b_instruct_v0p3,4k,4k_mistral_7b_instruct_v0p3_cmqa_policy_recall,fpga_h2o_plus_service_strict_miss_prefetch_v206,H2O + guarded prefetch,29.72,44.173,4.192565,72134.0,1357,delivery/paper/repro_audit/longctx_table1_32_32_perf_20260605/replay_reports/table1_controls_32_32/run_20260605_150408_mistral7_7088e0_mistral7_b717ce/hit_miss_amat_summary.csv
mistral_7b_instruct_v0p3,4k,4k_mistral_7b_instruct_v0p3_cmqa_anchor_reasoning,fpga_h2o_plus_service_strict_miss_prefetch_v206,H2O + guarded prefetch,34.928,42.513,4.17043,71776.0,1306,delivery/paper/repro_audit/longctx_table1_32_32_perf_20260605/replay_reports/table1_controls_32_32/run_20260605_150408_mistral7_7088e0_mistral7_b717ce/hit_miss_amat_summary.csv
mistral_7b_instruct_v0p3,4k,4k_mistral_7b_instruct_v0p3_cmqa_backend_recall,fpga_h2o_plus_service_strict_miss_prefetch_v206,H2O + guarded prefetch,36.458,38.639,4.11786,71233.0,1187,delivery/paper/repro_audit/longctx_table1_32_32_perf_20260605/replay_reports/table1_controls_32_32/run_20260605_150408_mistral7_7088e0_mistral7_b717ce/hit_miss_amat_summary.csv
mistral_7b_instruct_v0p3,4k,4k_mistral_7b_instruct_v0p3_cmqa_field_recall,fpga_h2o_plus_service_strict_miss_prefetch_v206,H2O + guarded prefetch,36.165,39.681,4.134636,71211.0,1222,delivery/paper/repro_audit/longctx_table1_32_32_perf_20260605/replay_reports/table1_controls_32_32/run_20260605_150408_mistral7_7088e0_mistral7_b717ce/hit_miss_amat_summary.csv
mistral_7b_instruct_v0p3,4k,4k_mistral_7b_instruct_v0p3_cmqa_epoch_memory,fpga_h2o_plus_service_strict_miss_prefetch_v206,H2O + guarded prefetch,36.751,40.82,4.147287,71620.0,1254,delivery/paper/repro_audit/longctx_table1_32_32_perf_20260605/replay_reports/table1_controls_32_32/run_20260605_150408_mistral7_7088e0_mistral7_b717ce/hit_miss_amat_summary.csv
mistral_7b_instruct_v0p3,4k,4k_mistral_7b_instruct_v0p3_cmqa_budget_memory,fpga_h2o_plus_service_strict_miss_prefetch_v206,H2O + guarded prefetch,40.625,34.017,4.055761,70581.0,1045,delivery/paper/repro_audit/longctx_table1_32_32_perf_20260605/replay_reports/table1_controls_32_32/run_20260605_150408_mistral7_7088e0_mistral7_b717ce/hit_miss_amat_summary.csv
qwen2p5_14b_instruct,4k,4k_qwen2p5_14b_instruct_mdqa_cross_doc_role,baseline,Traditional cache,38.965,35.449,4.158433,71640.0,1126,delivery/paper/repro_audit/longctx_table1_32_32_perf_20260605/replay_reports/table1_controls_32_32/run_20260605_151952_qwen2p51_8fb25c_qwen2p51_0e3828/hit_miss_amat_summary.csv
qwen2p5_14b_instruct,4k,4k_qwen2p5_14b_instruct_mdqa_component_match,baseline,Traditional cache,25.944,47.135,4.318335,73289.0,1488,delivery/paper/repro_audit/longctx_table1_32_32_perf_20260605/replay_reports/table1_controls_32_32/run_20260605_151952_qwen2p51_8fb25c_qwen2p51_0e3828/hit_miss_amat_summary.csv
qwen2p5_14b_instruct,4k,4k_qwen2p5_14b_instruct_mdqa_two_hop_summary,baseline,Traditional cache,23.6,47.135,4.322615,73392.0,1498,delivery/paper/repro_audit/longctx_table1_32_32_perf_20260605/replay_reports/table1_controls_32_32/run_20260605_151952_qwen2p51_8fb25c_qwen2p51_0e3828/hit_miss_amat_summary.csv
qwen2p5_14b_instruct,4k,4k_qwen2p5_14b_instruct_mdqa_cross_doc_priority,baseline,Traditional cache,32.812,41.471,4.244094,72665.0,1321,delivery/paper/repro_audit/longctx_table1_32_32_perf_20260605/replay_reports/table1_controls_32_32/run_20260605_151952_qwen2p51_8fb25c_qwen2p51_0e3828/hit_miss_amat_summary.csv
qwen2p5_14b_instruct,4k,4k_qwen2p5_14b_instruct_mdqa_chain_descriptor_fields,baseline,Traditional cache,27.865,45.866,4.305399,73306.0,1460,delivery/paper/repro_audit/longctx_table1_32_32_perf_20260605/replay_reports/table1_controls_32_32/run_20260605_151952_qwen2p51_8fb25c_qwen2p51_0e3828/hit_miss_amat_summary.csv
qwen2p5_14b_instruct,4k,4k_qwen2p5_14b_instruct_mdqa_three_stage_lookup,baseline,Traditional cache,27.311,45.247,4.296401,73204.0,1439,delivery/paper/repro_audit/longctx_table1_32_32_perf_20260605/replay_reports/table1_controls_32_32/run_20260605_151952_qwen2p51_8fb25c_qwen2p51_0e3828/hit_miss_amat_summary.csv
qwen2p5_14b_instruct,4k,4k_qwen2p5_14b_instruct_mdqa_compression_guard,baseline,Traditional cache,35.775,37.826,4.190148,71946.0,1198,delivery/paper/repro_audit/longctx_table1_32_32_perf_20260605/replay_reports/table1_controls_32_32/run_20260605_151952_qwen2p51_8fb25c_qwen2p51_0e3828/hit_miss_amat_summary.csv
qwen2p5_14b_instruct,4k,4k_qwen2p5_14b_instruct_mdqa_query_cost_chain,baseline,Traditional cache,28.255,45.54,4.296489,73205.0,1441,delivery/paper/repro_audit/longctx_table1_32_32_perf_20260605/replay_reports/table1_controls_32_32/run_20260605_151952_qwen2p51_8fb25c_qwen2p51_0e3828/hit_miss_amat_summary.csv
qwen2p5_14b_instruct,4k,4k_qwen2p5_14b_instruct_mdqa_head_budget_allocation,baseline,Traditional cache,28.516,42.643,4.26138,72807.0,1360,delivery/paper/repro_audit/longctx_table1_32_32_perf_20260605/replay_reports/table1_controls_32_32/run_20260605_151952_qwen2p51_8fb25c_qwen2p51_0e3828/hit_miss_amat_summary.csv
qwen2p5_14b_instruct,4k,4k_qwen2p5_14b_instruct_mdqa_backend_admission_reason,baseline,Traditional cache,30.111,41.797,4.247438,72541.0,1329,delivery/paper/repro_audit/longctx_table1_32_32_perf_20260605/replay_reports/table1_controls_32_32/run_20260605_151952_qwen2p51_8fb25c_qwen2p51_0e3828/hit_miss_amat_summary.csv
qwen2p5_14b_instruct,4k,4k_qwen2p5_14b_instruct_lcqa_anchor_timeline,baseline,Traditional cache,29.004,40.267,4.216502,72352.0,1259,delivery/paper/repro_audit/longctx_table1_32_32_perf_20260605/replay_reports/table1_controls_32_32/run_20260605_151952_qwen2p51_8fb25c_qwen2p51_0e3828/hit_miss_amat_summary.csv
qwen2p5_14b_instruct,4k,4k_qwen2p5_14b_instruct_lcqa_revision_policy,baseline,Traditional cache,33.301,41.602,4.239686,72615.0,1311,delivery/paper/repro_audit/longctx_table1_32_32_perf_20260605/replay_reports/table1_controls_32_32/run_20260605_151952_qwen2p51_8fb25c_qwen2p51_0e3828/hit_miss_amat_summary.csv
qwen2p5_14b_instruct,4k,4k_qwen2p5_14b_instruct_lcqa_sparse_fact,baseline,Traditional cache,28.776,46.647,4.313779,73401.0,1480,delivery/paper/repro_audit/longctx_table1_32_32_perf_20260605/replay_reports/table1_controls_32_32/run_20260605_151952_qwen2p51_8fb25c_qwen2p51_0e3828/hit_miss_amat_summary.csv
qwen2p5_14b_instruct,4k,4k_qwen2p5_14b_instruct_lcqa_dual_anchor_incident,baseline,Traditional cache,21.094,49.056,4.34834,73738.0,1557,delivery/paper/repro_audit/longctx_table1_32_32_perf_20260605/replay_reports/table1_controls_32_32/run_20260605_151952_qwen2p51_8fb25c_qwen2p51_0e3828/hit_miss_amat_summary.csv
qwen2p5_14b_instruct,4k,4k_qwen2p5_14b_instruct_lcqa_backend_priority_rule,baseline,Traditional cache,38.086,37.37,4.186133,71954.0,1190,delivery/paper/repro_audit/longctx_table1_32_32_perf_20260605/replay_reports/table1_controls_32_32/run_20260605_151952_qwen2p51_8fb25c_qwen2p51_0e3828/hit_miss_amat_summary.csv
qwen2p5_14b_instruct,4k,4k_qwen2p5_14b_instruct_lcqa_epoch_window_recall,baseline,Traditional cache,31.738,41.732,4.246466,72530.0,1327,delivery/paper/repro_audit/longctx_table1_32_32_perf_20260605/replay_reports/table1_controls_32_32/run_20260605_151952_qwen2p51_8fb25c_qwen2p51_0e3828/hit_miss_amat_summary.csv
qwen2p5_14b_instruct,4k,4k_qwen2p5_14b_instruct_lcqa_dual_budget_rule,baseline,Traditional cache,26.335,48.958,4.349205,73693.0,1560,delivery/paper/repro_audit/longctx_table1_32_32_perf_20260605/replay_reports/table1_controls_32_32/run_20260605_151952_qwen2p51_8fb25c_qwen2p51_0e3828/hit_miss_amat_summary.csv
qwen2p5_14b_instruct,4k,4k_qwen2p5_14b_instruct_lcqa_query_relevance_note,baseline,Traditional cache,30.013,46.029,4.310472,73418.0,1470,delivery/paper/repro_audit/longctx_table1_32_32_perf_20260605/replay_reports/table1_controls_32_32/run_20260605_151952_qwen2p51_8fb25c_qwen2p51_0e3828/hit_miss_amat_summary.csv
qwen2p5_14b_instruct,4k,4k_qwen2p5_14b_instruct_lcqa_spill_cost_reason,baseline,Traditional cache,34.115,40.755,4.24048,72624.0,1312,delivery/paper/repro_audit/longctx_table1_32_32_perf_20260605/replay_reports/table1_controls_32_32/run_20260605_151952_qwen2p51_8fb25c_qwen2p51_0e3828/hit_miss_amat_summary.csv
qwen2p5_14b_instruct,4k,4k_qwen2p5_14b_instruct_lcqa_head_budget_rule,baseline,Traditional cache,26.237,47.917,4.330597,73537.0,1517,delivery/paper/repro_audit/longctx_table1_32_32_perf_20260605/replay_reports/table1_controls_32_32/run_20260605_151952_qwen2p51_8fb25c_qwen2p51_0e3828/hit_miss_amat_summary.csv
qwen2p5_14b_instruct,4k,4k_qwen2p5_14b_instruct_cmqa_early_name_recall,baseline,Traditional cache,31.771,38.216,4.18953,71939.0,1197,delivery/paper/repro_audit/longctx_table1_32_32_perf_20260605/replay_reports/table1_controls_32_32/run_20260605_151952_qwen2p51_8fb25c_qwen2p51_0e3828/hit_miss_amat_summary.csv
qwen2p5_14b_instruct,4k,4k_qwen2p5_14b_instruct_cmqa_policy_recall,baseline,Traditional cache,31.934,35.156,4.154594,71490.0,1117,delivery/paper/repro_audit/longctx_table1_32_32_perf_20260605/replay_reports/table1_controls_32_32/run_20260605_151952_qwen2p51_8fb25c_qwen2p51_0e3828/hit_miss_amat_summary.csv
qwen2p5_14b_instruct,4k,4k_qwen2p5_14b_instruct_cmqa_anchor_reasoning,baseline,Traditional cache,38.314,36.296,4.168578,71755.0,1150,delivery/paper/repro_audit/longctx_table1_32_32_perf_20260605/replay_reports/table1_controls_32_32/run_20260605_151952_qwen2p51_8fb25c_qwen2p51_0e3828/hit_miss_amat_summary.csv
qwen2p5_14b_instruct,4k,4k_qwen2p5_14b_instruct_cmqa_backend_recall,baseline,Traditional cache,30.827,37.858,4.186795,72015.0,1191,delivery/paper/repro_audit/longctx_table1_32_32_perf_20260605/replay_reports/table1_controls_32_32/run_20260605_151952_qwen2p51_8fb25c_qwen2p51_0e3828/hit_miss_amat_summary.csv
qwen2p5_14b_instruct,4k,4k_qwen2p5_14b_instruct_cmqa_field_recall,baseline,Traditional cache,33.171,39.258,4.203896,72209.0,1230,delivery/paper/repro_audit/longctx_table1_32_32_perf_20260605/replay_reports/table1_controls_32_32/run_20260605_151952_qwen2p51_8fb25c_qwen2p51_0e3828/hit_miss_amat_summary.csv
qwen2p5_14b_instruct,4k,4k_qwen2p5_14b_instruct_cmqa_epoch_memory,baseline,Traditional cache,32.78,39.453,4.210039,72225.0,1243,delivery/paper/repro_audit/longctx_table1_32_32_perf_20260605/replay_reports/table1_controls_32_32/run_20260605_151952_qwen2p51_8fb25c_qwen2p51_0e3828/hit_miss_amat_summary.csv
qwen2p5_14b_instruct,4k,4k_qwen2p5_14b_instruct_cmqa_budget_memory,baseline,Traditional cache,36.068,37.012,4.175494,71780.0,1165,delivery/paper/repro_audit/longctx_table1_32_32_perf_20260605/replay_reports/table1_controls_32_32/run_20260605_151952_qwen2p51_8fb25c_qwen2p51_0e3828/hit_miss_amat_summary.csv
qwen2p5_14b_instruct,4k,4k_qwen2p5_14b_instruct_mdqa_cross_doc_role,fpga_true_h2o_pure,Pure H2O,38.867,40.983,4.225212,72397.0,1279,delivery/paper/repro_audit/longctx_table1_32_32_perf_20260605/replay_reports/table1_controls_32_32/run_20260605_151952_qwen2p51_8fb25c_qwen2p51_0e3828/hit_miss_amat_summary.csv
qwen2p5_14b_instruct,4k,4k_qwen2p5_14b_instruct_mdqa_component_match,fpga_true_h2o_pure,Pure H2O,25.684,51.693,4.370403,73878.0,1606,delivery/paper/repro_audit/longctx_table1_32_32_perf_20260605/replay_reports/table1_controls_32_32/run_20260605_151952_qwen2p51_8fb25c_qwen2p51_0e3828/hit_miss_amat_summary.csv
qwen2p5_14b_instruct,4k,4k_qwen2p5_14b_instruct_mdqa_two_hop_summary,fpga_true_h2o_pure,Pure H2O,23.145,52.734,4.391873,74176.0,1656,delivery/paper/repro_audit/longctx_table1_32_32_perf_20260605/replay_reports/table1_controls_32_32/run_20260605_151952_qwen2p51_8fb25c_qwen2p51_0e3828/hit_miss_amat_summary.csv
qwen2p5_14b_instruct,4k,4k_qwen2p5_14b_instruct_mdqa_cross_doc_priority,fpga_true_h2o_pure,Pure H2O,32.357,45.866,4.296104,73255.0,1440,delivery/paper/repro_audit/longctx_table1_32_32_perf_20260605/replay_reports/table1_controls_32_32/run_20260605_151952_qwen2p51_8fb25c_qwen2p51_0e3828/hit_miss_amat_summary.csv
qwen2p5_14b_instruct,4k,4k_qwen2p5_14b_instruct_mdqa_chain_descriptor_fields,fpga_true_h2o_pure,Pure H2O,27.572,51.986,4.381616,74170.0,1634,delivery/paper/repro_audit/longctx_table1_32_32_perf_20260605/replay_reports/table1_controls_32_32/run_20260605_151952_qwen2p51_8fb25c_qwen2p51_0e3828/hit_miss_amat_summary.csv
qwen2p5_14b_instruct,4k,4k_qwen2p5_14b_instruct_mdqa_three_stage_lookup,fpga_true_h2o_pure,Pure H2O,26.921,54.395,4.409227,74483.0,1696,delivery/paper/repro_audit/longctx_table1_32_32_perf_20260605/replay_reports/table1_controls_32_32/run_20260605_151952_qwen2p51_8fb25c_qwen2p51_0e3828/hit_miss_amat_summary.csv
qwen2p5_14b_instruct,4k,4k_qwen2p5_14b_instruct_mdqa_compression_guard,fpga_true_h2o_pure,Pure H2O,35.547,47.201,4.309763,73301.0,1470,delivery/paper/repro_audit/longctx_table1_32_32_perf_20260605/replay_reports/table1_controls_32_32/run_20260605_151952_qwen2p51_8fb25c_qwen2p51_0e3828/hit_miss_amat_summary.csv
qwen2p5_14b_instruct,4k,4k_qwen2p5_14b_instruct_mdqa_query_cost_chain,fpga_true_h2o_pure,Pure H2O,28.223,52.995,4.391055,74277.0,1655,delivery/paper/repro_audit/longctx_table1_32_32_perf_20260605/replay_reports/table1_controls_32_32/run_20260605_151952_qwen2p51_8fb25c_qwen2p51_0e3828/hit_miss_amat_summary.csv
qwen2p5_14b_instruct,4k,4k_qwen2p5_14b_instruct_mdqa_head_budget_allocation,fpga_true_h2o_pure,Pure H2O,28.385,53.516,4.396701,74341.0,1668,delivery/paper/repro_audit/longctx_table1_32_32_perf_20260605/replay_reports/table1_controls_32_32/run_20260605_151952_qwen2p51_8fb25c_qwen2p51_0e3828/hit_miss_amat_summary.csv
qwen2p5_14b_instruct,4k,4k_qwen2p5_14b_instruct_mdqa_backend_admission_reason,fpga_true_h2o_pure,Pure H2O,30.143,44.694,4.280742,72918.0,1404,delivery/paper/repro_audit/longctx_table1_32_32_perf_20260605/replay_reports/table1_controls_32_32/run_20260605_151952_qwen2p51_8fb25c_qwen2p51_0e3828/hit_miss_amat_summary.csv
qwen2p5_14b_instruct,4k,4k_qwen2p5_14b_instruct_lcqa_anchor_timeline,fpga_true_h2o_pure,Pure H2O,28.906,41.178,4.225934,72459.0,1280,delivery/paper/repro_audit/longctx_table1_32_32_perf_20260605/replay_reports/table1_controls_32_32/run_20260605_151952_qwen2p51_8fb25c_qwen2p51_0e3828/hit_miss_amat_summary.csv
qwen2p5_14b_instruct,4k,4k_qwen2p5_14b_instruct_lcqa_revision_policy,fpga_true_h2o_pure,Pure H2O,33.268,46.484,4.301128,73312.0,1451,delivery/paper/repro_audit/longctx_table1_32_32_perf_20260605/replay_reports/table1_controls_32_32/run_20260605_151952_qwen2p51_8fb25c_qwen2p51_0e3828/hit_miss_amat_summary.csv
qwen2p5_14b_instruct,4k,4k_qwen2p5_14b_instruct_lcqa_sparse_fact,fpga_true_h2o_pure,Pure H2O,28.841,50.163,4.355152,73870.0,1574,delivery/paper/repro_audit/longctx_table1_32_32_perf_20260605/replay_reports/table1_controls_32_32/run_20260605_151952_qwen2p51_8fb25c_qwen2p51_0e3828/hit_miss_amat_summary.csv
qwen2p5_14b_instruct,4k,4k_qwen2p5_14b_instruct_lcqa_dual_anchor_incident,fpga_true_h2o_pure,Pure H2O,21.029,57.324,4.451536,74907.0,1791,delivery/paper/repro_audit/longctx_table1_32_32_perf_20260605/replay_reports/table1_controls_32_32/run_20260605_151952_qwen2p51_8fb25c_qwen2p51_0e3828/hit_miss_amat_summary.csv
qwen2p5_14b_instruct,4k,4k_qwen2p5_14b_instruct_lcqa_backend_priority_rule,fpga_true_h2o_pure,Pure H2O,37.695,44.596,4.273377,72943.0,1389,delivery/paper/repro_audit/longctx_table1_32_32_perf_20260605/replay_reports/table1_controls_32_32/run_20260605_151952_qwen2p51_8fb25c_qwen2p51_0e3828/hit_miss_amat_summary.csv
qwen2p5_14b_instruct,4k,4k_qwen2p5_14b_instruct_lcqa_epoch_window_recall,fpga_true_h2o_pure,Pure H2O,31.706,51.693,4.374823,73983.0,1617,delivery/paper/repro_audit/longctx_table1_32_32_perf_20260605/replay_reports/table1_controls_32_32/run_20260605_151952_qwen2p51_8fb25c_qwen2p51_0e3828/hit_miss_amat_summary.csv
qwen2p5_14b_instruct,4k,4k_qwen2p5_14b_instruct_lcqa_dual_budget_rule,fpga_true_h2o_pure,Pure H2O,26.074,52.669,4.387367,74125.0,1645,delivery/paper/repro_audit/longctx_table1_32_32_perf_20260605/replay_reports/table1_controls_32_32/run_20260605_151952_qwen2p51_8fb25c_qwen2p51_0e3828/hit_miss_amat_summary.csv
qwen2p5_14b_instruct,4k,4k_qwen2p5_14b_instruct_lcqa_query_relevance_note,fpga_true_h2o_pure,Pure H2O,29.622,54.46,4.41079,74556.0,1700,delivery/paper/repro_audit/longctx_table1_32_32_perf_20260605/replay_reports/table1_controls_32_32/run_20260605_151952_qwen2p51_8fb25c_qwen2p51_0e3828/hit_miss_amat_summary.csv
qwen2p5_14b_instruct,4k,4k_qwen2p5_14b_instruct_lcqa_spill_cost_reason,fpga_true_h2o_pure,Pure H2O,33.952,48.763,4.336566,73714.0,1532,delivery/paper/repro_audit/longctx_table1_32_32_perf_20260605/replay_reports/table1_controls_32_32/run_20260605_151952_qwen2p51_8fb25c_qwen2p51_0e3828/hit_miss_amat_summary.csv
qwen2p5_14b_instruct,4k,4k_qwen2p5_14b_instruct_lcqa_head_budget_rule,fpga_true_h2o_pure,Pure H2O,25.846,50.684,4.357609,73843.0,1578,delivery/paper/repro_audit/longctx_table1_32_32_perf_20260605/replay_reports/table1_controls_32_32/run_20260605_151952_qwen2p51_8fb25c_qwen2p51_0e3828/hit_miss_amat_summary.csv
qwen2p5_14b_instruct,4k,4k_qwen2p5_14b_instruct_cmqa_early_name_recall,fpga_true_h2o_pure,Pure H2O,31.771,40.43,4.215837,72237.0,1257,delivery/paper/repro_audit/longctx_table1_32_32_perf_20260605/replay_reports/table1_controls_32_32/run_20260605_151952_qwen2p51_8fb25c_qwen2p51_0e3828/hit_miss_amat_summary.csv
qwen2p5_14b_instruct,4k,4k_qwen2p5_14b_instruct_cmqa_policy_recall,fpga_true_h2o_pure,Pure H2O,31.901,38.737,4.195053,71948.0,1210,delivery/paper/repro_audit/longctx_table1_32_32_perf_20260605/replay_reports/table1_controls_32_32/run_20260605_151952_qwen2p51_8fb25c_qwen2p51_0e3828/hit_miss_amat_summary.csv
qwen2p5_14b_instruct,4k,4k_qwen2p5_14b_instruct_cmqa_anchor_reasoning,fpga_true_h2o_pure,Pure H2O,38.184,49.154,4.33548,73647.0,1529,delivery/paper/repro_audit/longctx_table1_32_32_perf_20260605/replay_reports/table1_controls_32_32/run_20260605_151952_qwen2p51_8fb25c_qwen2p51_0e3828/hit_miss_amat_summary.csv
qwen2p5_14b_instruct,4k,4k_qwen2p5_14b_instruct_cmqa_backend_recall,fpga_true_h2o_pure,Pure H2O,30.599,44.368,4.270628,72966.0,1382,delivery/paper/repro_audit/longctx_table1_32_32_perf_20260605/replay_reports/table1_controls_32_32/run_20260605_151952_qwen2p51_8fb25c_qwen2p51_0e3828/hit_miss_amat_summary.csv
qwen2p5_14b_instruct,4k,4k_qwen2p5_14b_instruct_cmqa_field_recall,fpga_true_h2o_pure,Pure H2O,33.138,48.6,4.326516,73600.0,1509,delivery/paper/repro_audit/longctx_table1_32_32_perf_20260605/replay_reports/table1_controls_32_32/run_20260605_151952_qwen2p51_8fb25c_qwen2p51_0e3828/hit_miss_amat_summary.csv
qwen2p5_14b_instruct,4k,4k_qwen2p5_14b_instruct_cmqa_epoch_memory,fpga_true_h2o_pure,Pure H2O,32.617,42.188,4.242414,72592.0,1318,delivery/paper/repro_audit/longctx_table1_32_32_perf_20260605/replay_reports/table1_controls_32_32/run_20260605_151952_qwen2p51_8fb25c_qwen2p51_0e3828/hit_miss_amat_summary.csv
qwen2p5_14b_instruct,4k,4k_qwen2p5_14b_instruct_cmqa_budget_memory,fpga_true_h2o_pure,Pure H2O,36.165,44.922,4.277101,72931.0,1396,delivery/paper/repro_audit/longctx_table1_32_32_perf_20260605/replay_reports/table1_controls_32_32/run_20260605_151952_qwen2p51_8fb25c_qwen2p51_0e3828/hit_miss_amat_summary.csv
qwen2p5_14b_instruct,4k,4k_qwen2p5_14b_instruct_mdqa_cross_doc_role,fpga_h2o_plus_service_clean_victim_cache16_v245,H2O + victim cache,38.737,26.758,3.956157,69347.0,822,delivery/paper/repro_audit/longctx_table1_32_32_perf_20260605/replay_reports/table1_controls_32_32/run_20260605_151952_qwen2p51_8fb25c_qwen2p51_0e3828/hit_miss_amat_summary.csv
qwen2p5_14b_instruct,4k,4k_qwen2p5_14b_instruct_mdqa_component_match,fpga_h2o_plus_service_clean_victim_cache16_v245,H2O + victim cache,25.749,35.547,4.07576,70545.0,1092,delivery/paper/repro_audit/longctx_table1_32_32_perf_20260605/replay_reports/table1_controls_32_32/run_20260605_151952_qwen2p51_8fb25c_qwen2p51_0e3828/hit_miss_amat_summary.csv
qwen2p5_14b_instruct,4k,4k_qwen2p5_14b_instruct_mdqa_two_hop_summary,fpga_h2o_plus_service_clean_victim_cache16_v245,H2O + victim cache,22.656,37.858,4.106979,70951.0,1163,delivery/paper/repro_audit/longctx_table1_32_32_perf_20260605/replay_reports/table1_controls_32_32/run_20260605_151952_qwen2p51_8fb25c_qwen2p51_0e3828/hit_miss_amat_summary.csv
qwen2p5_14b_instruct,4k,4k_qwen2p5_14b_instruct_mdqa_cross_doc_priority,fpga_h2o_plus_service_clean_victim_cache16_v245,H2O + victim cache,32.161,29.46,3.992683,69813.0,905,delivery/paper/repro_audit/longctx_table1_32_32_perf_20260605/replay_reports/table1_controls_32_32/run_20260605_151952_qwen2p51_8fb25c_qwen2p51_0e3828/hit_miss_amat_summary.csv
qwen2p5_14b_instruct,4k,4k_qwen2p5_14b_instruct_mdqa_chain_descriptor_fields,fpga_h2o_plus_service_clean_victim_cache16_v245,H2O + victim cache,27.246,34.635,4.063073,70559.0,1064,delivery/paper/repro_audit/longctx_table1_32_32_perf_20260605/replay_reports/table1_controls_32_32/run_20260605_151952_qwen2p51_8fb25c_qwen2p51_0e3828/hit_miss_amat_summary.csv
qwen2p5_14b_instruct,4k,4k_qwen2p5_14b_instruct_mdqa_three_stage_lookup,fpga_h2o_plus_service_clean_victim_cache16_v245,H2O + victim cache,26.53,36.1,4.082833,70783.0,1109,delivery/paper/repro_audit/longctx_table1_32_32_perf_20260605/replay_reports/table1_controls_32_32/run_20260605_151952_qwen2p51_8fb25c_qwen2p51_0e3828/hit_miss_amat_summary.csv
qwen2p5_14b_instruct,4k,4k_qwen2p5_14b_instruct_mdqa_compression_guard,fpga_h2o_plus_service_clean_victim_cache16_v245,H2O + victim cache,35.71,28.288,3.976871,69530.0,869,delivery/paper/repro_audit/longctx_table1_32_32_perf_20260605/replay_reports/table1_controls_32_32/run_20260605_151952_qwen2p51_8fb25c_qwen2p51_0e3828/hit_miss_amat_summary.csv
qwen2p5_14b_instruct,4k,4k_qwen2p5_14b_instruct_mdqa_query_cost_chain,fpga_h2o_plus_service_clean_victim_cache16_v245,H2O + victim cache,28.06,35.352,4.072601,70667.0,1086,delivery/paper/repro_audit/longctx_table1_32_32_perf_20260605/replay_reports/table1_controls_32_32/run_20260605_151952_qwen2p51_8fb25c_qwen2p51_0e3828/hit_miss_amat_summary.csv
qwen2p5_14b_instruct,4k,4k_qwen2p5_14b_instruct_mdqa_head_budget_allocation,fpga_h2o_plus_service_clean_victim_cache16_v245,H2O + victim cache,28.874,35.807,4.078952,70739.0,1100,delivery/paper/repro_audit/longctx_table1_32_32_perf_20260605/replay_reports/table1_controls_32_32/run_20260605_151952_qwen2p51_8fb25c_qwen2p51_0e3828/hit_miss_amat_summary.csv
qwen2p5_14b_instruct,4k,4k_qwen2p5_14b_instruct_mdqa_backend_admission_reason,fpga_h2o_plus_service_clean_victim_cache16_v245,H2O + victim cache,30.208,30.241,4.003445,69779.0,929,delivery/paper/repro_audit/longctx_table1_32_32_perf_20260605/replay_reports/table1_controls_32_32/run_20260605_151952_qwen2p51_8fb25c_qwen2p51_0e3828/hit_miss_amat_summary.csv
qwen2p5_14b_instruct,4k,4k_qwen2p5_14b_instruct_lcqa_anchor_timeline,fpga_h2o_plus_service_clean_victim_cache16_v245,H2O + victim cache,29.167,26.432,3.951781,69349.0,812,delivery/paper/repro_audit/longctx_table1_32_32_perf_20260605/replay_reports/table1_controls_32_32/run_20260605_151952_qwen2p51_8fb25c_qwen2p51_0e3828/hit_miss_amat_summary.csv
qwen2p5_14b_instruct,4k,4k_qwen2p5_14b_instruct_lcqa_revision_policy,fpga_h2o_plus_service_clean_victim_cache16_v245,H2O + victim cache,33.04,31.576,4.021509,70140.0,970,delivery/paper/repro_audit/longctx_table1_32_32_perf_20260605/replay_reports/table1_controls_32_32/run_20260605_151952_qwen2p51_8fb25c_qwen2p51_0e3828/hit_miss_amat_summary.csv
qwen2p5_14b_instruct,4k,4k_qwen2p5_14b_instruct_lcqa_sparse_fact,fpga_h2o_plus_service_clean_victim_cache16_v245,H2O + victim cache,28.874,35.514,4.074894,70693.0,1091,delivery/paper/repro_audit/longctx_table1_32_32_perf_20260605/replay_reports/table1_controls_32_32/run_20260605_151952_qwen2p51_8fb25c_qwen2p51_0e3828/hit_miss_amat_summary.csv
qwen2p5_14b_instruct,4k,4k_qwen2p5_14b_instruct_lcqa_dual_anchor_incident,fpga_h2o_plus_service_clean_victim_cache16_v245,H2O + victim cache,20.833,40.332,4.140095,71379.0,1239,delivery/paper/repro_audit/longctx_table1_32_32_perf_20260605/replay_reports/table1_controls_32_32/run_20260605_151952_qwen2p51_8fb25c_qwen2p51_0e3828/hit_miss_amat_summary.csv
qwen2p5_14b_instruct,4k,4k_qwen2p5_14b_instruct_lcqa_backend_priority_rule,fpga_h2o_plus_service_clean_victim_cache16_v245,H2O + victim cache,37.598,29.036,3.987297,69700.0,892,delivery/paper/repro_audit/longctx_table1_32_32_perf_20260605/replay_reports/table1_controls_32_32/run_20260605_151952_qwen2p51_8fb25c_qwen2p51_0e3828/hit_miss_amat_summary.csv
qwen2p5_14b_instruct,4k,4k_qwen2p5_14b_instruct_lcqa_epoch_window_recall,fpga_h2o_plus_service_clean_victim_cache16_v245,H2O + victim cache,32.129,31.999,4.027562,70052.0,983,delivery/paper/repro_audit/longctx_table1_32_32_perf_20260605/replay_reports/table1_controls_32_32/run_20260605_151952_qwen2p51_8fb25c_qwen2p51_0e3828/hit_miss_amat_summary.csv
qwen2p5_14b_instruct,4k,4k_qwen2p5_14b_instruct_lcqa_dual_budget_rule,fpga_h2o_plus_service_clean_victim_cache16_v245,H2O + victim cache,26.139,38.672,4.117756,71073.0,1188,delivery/paper/repro_audit/longctx_table1_32_32_perf_20260605/replay_reports/table1_controls_32_32/run_20260605_151952_qwen2p51_8fb25c_qwen2p51_0e3828/hit_miss_amat_summary.csv
qwen2p5_14b_instruct,4k,4k_qwen2p5_14b_instruct_lcqa_query_relevance_note,fpga_h2o_plus_service_clean_victim_cache16_v245,H2O + victim cache,29.72,36.296,4.085331,70864.0,1115,delivery/paper/repro_audit/longctx_table1_32_32_perf_20260605/replay_reports/table1_controls_32_32/run_20260605_151952_qwen2p51_8fb25c_qwen2p51_0e3828/hit_miss_amat_summary.csv
qwen2p5_14b_instruct,4k,4k_qwen2p5_14b_instruct_lcqa_spill_cost_reason,fpga_h2o_plus_service_clean_victim_cache16_v245,H2O + victim cache,34.375,31.51,4.020628,70130.0,968,delivery/paper/repro_audit/longctx_table1_32_32_perf_20260605/replay_reports/table1_controls_32_32/run_20260605_151952_qwen2p51_8fb25c_qwen2p51_0e3828/hit_miss_amat_summary.csv
qwen2p5_14b_instruct,4k,4k_qwen2p5_14b_instruct_lcqa_head_budget_rule,fpga_h2o_plus_service_clean_victim_cache16_v245,H2O + victim cache,25.293,35.71,4.077684,70672.0,1097,delivery/paper/repro_audit/longctx_table1_32_32_perf_20260605/replay_reports/table1_controls_32_32/run_20260605_151952_qwen2p51_8fb25c_qwen2p51_0e3828/hit_miss_amat_summary.csv
qwen2p5_14b_instruct,4k,4k_qwen2p5_14b_instruct_cmqa_early_name_recall,fpga_h2o_plus_service_clean_victim_cache16_v245,H2O + victim cache,31.934,24.316,3.923199,68922.0,747,delivery/paper/repro_audit/longctx_table1_32_32_perf_20260605/replay_reports/table1_controls_32_32/run_20260605_151952_qwen2p51_8fb25c_qwen2p51_0e3828/hit_miss_amat_summary.csv
qwen2p5_14b_instruct,4k,4k_qwen2p5_14b_instruct_cmqa_policy_recall,fpga_h2o_plus_service_clean_victim_cache16_v245,H2O + victim cache,32.259,24.154,3.920848,68844.0,742,delivery/paper/repro_audit/longctx_table1_32_32_perf_20260605/replay_reports/table1_controls_32_32/run_20260605_151952_qwen2p51_8fb25c_qwen2p51_0e3828/hit_miss_amat_summary.csv
qwen2p5_14b_instruct,4k,4k_qwen2p5_14b_instruct_cmqa_anchor_reasoning,fpga_h2o_plus_service_clean_victim_cache16_v245,H2O + victim cache,38.151,28.255,3.976447,69577.0,868,delivery/paper/repro_audit/longctx_table1_32_32_perf_20260605/replay_reports/table1_controls_32_32/run_20260605_151952_qwen2p51_8fb25c_qwen2p51_0e3828/hit_miss_amat_summary.csv
qwen2p5_14b_instruct,4k,4k_qwen2p5_14b_instruct_cmqa_backend_recall,fpga_h2o_plus_service_clean_victim_cache16_v245,H2O + victim cache,30.501,27.311,3.963681,69484.0,839,delivery/paper/repro_audit/longctx_table1_32_32_perf_20260605/replay_reports/table1_controls_32_32/run_20260605_151952_qwen2p51_8fb25c_qwen2p51_0e3828/hit_miss_amat_summary.csv
qwen2p5_14b_instruct,4k,4k_qwen2p5_14b_instruct_cmqa_field_recall,fpga_h2o_plus_service_clean_victim_cache16_v245,H2O + victim cache,32.845,26.758,3.956365,69401.0,822,delivery/paper/repro_audit/longctx_table1_32_32_perf_20260605/replay_reports/table1_controls_32_32/run_20260605_151952_qwen2p51_8fb25c_qwen2p51_0e3828/hit_miss_amat_summary.csv
qwen2p5_14b_instruct,4k,4k_qwen2p5_14b_instruct_cmqa_epoch_memory,fpga_h2o_plus_service_clean_victim_cache16_v245,H2O + victim cache,33.464,29.72,3.996383,69803.0,913,delivery/paper/repro_audit/longctx_table1_32_32_perf_20260605/replay_reports/table1_controls_32_32/run_20260605_151952_qwen2p51_8fb25c_qwen2p51_0e3828/hit_miss_amat_summary.csv
qwen2p5_14b_instruct,4k,4k_qwen2p5_14b_instruct_cmqa_budget_memory,fpga_h2o_plus_service_clean_victim_cache16_v245,H2O + victim cache,36.1,28.581,3.980756,69574.0,878,delivery/paper/repro_audit/longctx_table1_32_32_perf_20260605/replay_reports/table1_controls_32_32/run_20260605_151952_qwen2p51_8fb25c_qwen2p51_0e3828/hit_miss_amat_summary.csv
qwen2p5_14b_instruct,4k,4k_qwen2p5_14b_instruct_mdqa_cross_doc_role,fpga_h2o_plus_service_strict_miss_prefetch_v206,H2O + guarded prefetch,38.737,39.29,4.12897,71306.0,1210,delivery/paper/repro_audit/longctx_table1_32_32_perf_20260605/replay_reports/table1_controls_32_32/run_20260605_151952_qwen2p51_8fb25c_qwen2p51_0e3828/hit_miss_amat_summary.csv
qwen2p5_14b_instruct,4k,4k_qwen2p5_14b_instruct_mdqa_component_match,fpga_h2o_plus_service_strict_miss_prefetch_v206,H2O + guarded prefetch,25.749,49.87,4.270509,72748.0,1533,delivery/paper/repro_audit/longctx_table1_32_32_perf_20260605/replay_reports/table1_controls_32_32/run_20260605_151952_qwen2p51_8fb25c_qwen2p51_0e3828/hit_miss_amat_summary.csv
qwen2p5_14b_instruct,4k,4k_qwen2p5_14b_instruct_mdqa_two_hop_summary,fpga_h2o_plus_service_strict_miss_prefetch_v206,H2O + guarded prefetch,22.656,53.451,4.322615,73392.0,1648,delivery/paper/repro_audit/longctx_table1_32_32_perf_20260605/replay_reports/table1_controls_32_32/run_20260605_151952_qwen2p51_8fb25c_qwen2p51_0e3828/hit_miss_amat_summary.csv
qwen2p5_14b_instruct,4k,4k_qwen2p5_14b_instruct_mdqa_cross_doc_priority,fpga_h2o_plus_service_strict_miss_prefetch_v206,H2O + guarded prefetch,32.096,47.852,4.253879,72776.0,1489,delivery/paper/repro_audit/longctx_table1_32_32_perf_20260605/replay_reports/table1_controls_32_32/run_20260605_151952_qwen2p51_8fb25c_qwen2p51_0e3828/hit_miss_amat_summary.csv
qwen2p5_14b_instruct,4k,4k_qwen2p5_14b_instruct_mdqa_chain_descriptor_fields,fpga_h2o_plus_service_strict_miss_prefetch_v206,H2O + guarded prefetch,27.246,49.642,4.268878,72892.0,1529,delivery/paper/repro_audit/longctx_table1_32_32_perf_20260605/replay_reports/table1_controls_32_32/run_20260605_151952_qwen2p51_8fb25c_qwen2p51_0e3828/hit_miss_amat_summary.csv
qwen2p5_14b_instruct,4k,4k_qwen2p5_14b_instruct_mdqa_three_stage_lookup,fpga_h2o_plus_service_strict_miss_prefetch_v206,H2O + guarded prefetch,26.53,53.613,4.322424,73499.0,1649,delivery/paper/repro_audit/longctx_table1_32_32_perf_20260605/replay_reports/table1_controls_32_32/run_20260605_151952_qwen2p51_8fb25c_qwen2p51_0e3828/hit_miss_amat_summary.csv
qwen2p5_14b_instruct,4k,4k_qwen2p5_14b_instruct_mdqa_compression_guard,fpga_h2o_plus_service_strict_miss_prefetch_v206,H2O + guarded prefetch,35.742,45.898,4.219898,72283.0,1417,delivery/paper/repro_audit/longctx_table1_32_32_perf_20260605/replay_reports/table1_controls_32_32/run_20260605_151952_qwen2p51_8fb25c_qwen2p51_0e3828/hit_miss_amat_summary.csv
qwen2p5_14b_instruct,4k,4k_qwen2p5_14b_instruct_mdqa_query_cost_chain,fpga_h2o_plus_service_strict_miss_prefetch_v206,H2O + guarded prefetch,28.06,56.348,4.35868,73910.0,1733,delivery/paper/repro_audit/longctx_table1_32_32_perf_20260605/replay_reports/table1_controls_32_32/run_20260605_151952_qwen2p51_8fb25c_qwen2p51_0e3828/hit_miss_amat_summary.csv
qwen2p5_14b_instruct,4k,4k_qwen2p5_14b_instruct_mdqa_head_budget_allocation,fpga_h2o_plus_service_strict_miss_prefetch_v206,H2O + guarded prefetch,28.874,51.986,4.300282,73248.0,1601,delivery/paper/repro_audit/longctx_table1_32_32_perf_20260605/replay_reports/table1_controls_32_32/run_20260605_151952_qwen2p51_8fb25c_qwen2p51_0e3828/hit_miss_amat_summary.csv
qwen2p5_14b_instruct,4k,4k_qwen2p5_14b_instruct_mdqa_backend_admission_reason,fpga_h2o_plus_service_strict_miss_prefetch_v206,H2O + guarded prefetch,30.208,43.197,4.180742,71786.0,1329,delivery/paper/repro_audit/longctx_table1_32_32_perf_20260605/replay_reports/table1_controls_32_32/run_20260605_151952_qwen2p51_8fb25c_qwen2p51_0e3828/hit_miss_amat_summary.csv
qwen2p5_14b_instruct,4k,4k_qwen2p5_14b_instruct_lcqa_anchor_timeline,fpga_h2o_plus_service_strict_miss_prefetch_v206,H2O + guarded prefetch,29.167,42.025,4.166784,71788.0,1297,delivery/paper/repro_audit/longctx_table1_32_32_perf_20260605/replay_reports/table1_controls_32_32/run_20260605_151952_qwen2p51_8fb25c_qwen2p51_0e3828/hit_miss_amat_summary.csv
qwen2p5_14b_instruct,4k,4k_qwen2p5_14b_instruct_lcqa_revision_policy,fpga_h2o_plus_service_strict_miss_prefetch_v206,H2O + guarded prefetch,33.04,46.419,4.225317,72452.0,1431,delivery/paper/repro_audit/longctx_table1_32_32_perf_20260605/replay_reports/table1_controls_32_32/run_20260605_151952_qwen2p51_8fb25c_qwen2p51_0e3828/hit_miss_amat_summary.csv
qwen2p5_14b_instruct,4k,4k_qwen2p5_14b_instruct_lcqa_sparse_fact,fpga_h2o_plus_service_strict_miss_prefetch_v206,H2O + guarded prefetch,28.874,52.083,4.302399,73272.0,1604,delivery/paper/repro_audit/longctx_table1_32_32_perf_20260605/replay_reports/table1_controls_32_32/run_20260605_151952_qwen2p51_8fb25c_qwen2p51_0e3828/hit_miss_amat_summary.csv
qwen2p5_14b_instruct,4k,4k_qwen2p5_14b_instruct_lcqa_dual_anchor_incident,fpga_h2o_plus_service_strict_miss_prefetch_v206,H2O + guarded prefetch,20.866,64.811,4.480579,75236.0,2007,delivery/paper/repro_audit/longctx_table1_32_32_perf_20260605/replay_reports/table1_controls_32_32/run_20260605_151952_qwen2p51_8fb25c_qwen2p51_0e3828/hit_miss_amat_summary.csv
qwen2p5_14b_instruct,4k,4k_qwen2p5_14b_instruct_lcqa_backend_priority_rule,fpga_h2o_plus_service_strict_miss_prefetch_v206,H2O + guarded prefetch,37.598,42.936,4.178634,71869.0,1321,delivery/paper/repro_audit/longctx_table1_32_32_perf_20260605/replay_reports/table1_controls_32_32/run_20260605_151952_qwen2p51_8fb25c_qwen2p51_0e3828/hit_miss_amat_summary.csv
qwen2p5_14b_instruct,4k,4k_qwen2p5_14b_instruct_lcqa_epoch_window_recall,fpga_h2o_plus_service_strict_miss_prefetch_v206,H2O + guarded prefetch,32.259,50.391,4.280654,72917.0,1552,delivery/paper/repro_audit/longctx_table1_32_32_perf_20260605/replay_reports/table1_controls_32_32/run_20260605_151952_qwen2p51_8fb25c_qwen2p51_0e3828/hit_miss_amat_summary.csv
qwen2p5_14b_instruct,4k,4k_qwen2p5_14b_instruct_lcqa_dual_budget_rule,fpga_h2o_plus_service_strict_miss_prefetch_v206,H2O + guarded prefetch,26.139,52.702,4.310247,73252.0,1621,delivery/paper/repro_audit/longctx_table1_32_32_perf_20260605/replay_reports/table1_controls_32_32/run_20260605_151952_qwen2p51_8fb25c_qwen2p51_0e3828/hit_miss_amat_summary.csv
qwen2p5_14b_instruct,4k,4k_qwen2p5_14b_instruct_lcqa_query_relevance_note,fpga_h2o_plus_service_strict_miss_prefetch_v206,H2O + guarded prefetch,29.59,51.009,4.287906,73162.0,1571,delivery/paper/repro_audit/longctx_table1_32_32_perf_20260605/replay_reports/table1_controls_32_32/run_20260605_151952_qwen2p51_8fb25c_qwen2p51_0e3828/hit_miss_amat_summary.csv
qwen2p5_14b_instruct,4k,4k_qwen2p5_14b_instruct_lcqa_spill_cost_reason,fpga_h2o_plus_service_strict_miss_prefetch_v206,H2O + guarded prefetch,34.342,45.41,4.211477,72295.0,1398,delivery/paper/repro_audit/longctx_table1_32_32_perf_20260605/replay_reports/table1_controls_32_32/run_20260605_151952_qwen2p51_8fb25c_qwen2p51_0e3828/hit_miss_amat_summary.csv
qwen2p5_14b_instruct,4k,4k_qwen2p5_14b_instruct_lcqa_head_budget_rule,fpga_h2o_plus_service_strict_miss_prefetch_v206,H2O + guarded prefetch,25.293,49.577,4.266331,72809.0,1524,delivery/paper/repro_audit/longctx_table1_32_32_perf_20260605/replay_reports/table1_controls_32_32/run_20260605_151952_qwen2p51_8fb25c_qwen2p51_0e3828/hit_miss_amat_summary.csv
qwen2p5_14b_instruct,4k,4k_qwen2p5_14b_instruct_cmqa_early_name_recall,fpga_h2o_plus_service_strict_miss_prefetch_v206,H2O + guarded prefetch,31.934,40.43,4.141949,71400.0,1242,delivery/paper/repro_audit/longctx_table1_32_32_perf_20260605/replay_reports/table1_controls_32_32/run_20260605_151952_qwen2p51_8fb25c_qwen2p51_0e3828/hit_miss_amat_summary.csv
qwen2p5_14b_instruct,4k,4k_qwen2p5_14b_instruct_cmqa_policy_recall,fpga_h2o_plus_service_strict_miss_prefetch_v206,H2O + guarded prefetch,32.259,35.417,4.07447,70583.0,1089,delivery/paper/repro_audit/longctx_table1_32_32_perf_20260605/replay_reports/table1_controls_32_32/run_20260605_151952_qwen2p51_8fb25c_qwen2p51_0e3828/hit_miss_amat_summary.csv
qwen2p5_14b_instruct,4k,4k_qwen2p5_14b_instruct_cmqa_anchor_reasoning,fpga_h2o_plus_service_strict_miss_prefetch_v206,H2O + guarded prefetch,38.151,47.07,4.234386,72501.0,1449,delivery/paper/repro_audit/longctx_table1_32_32_perf_20260605/replay_reports/table1_controls_32_32/run_20260605_151952_qwen2p51_8fb25c_qwen2p51_0e3828/hit_miss_amat_summary.csv
qwen2p5_14b_instruct,4k,4k_qwen2p5_14b_instruct_cmqa_backend_recall,fpga_h2o_plus_service_strict_miss_prefetch_v206,H2O + guarded prefetch,30.501,44.271,4.20134,72180.0,1372,delivery/paper/repro_audit/longctx_table1_32_32_perf_20260605/replay_reports/table1_controls_32_32/run_20260605_151952_qwen2p51_8fb25c_qwen2p51_0e3828/hit_miss_amat_summary.csv
qwen2p5_14b_instruct,4k,4k_qwen2p5_14b_instruct_cmqa_field_recall,fpga_h2o_plus_service_strict_miss_prefetch_v206,H2O + guarded prefetch,32.845,47.689,4.241361,72634.0,1468,delivery/paper/repro_audit/longctx_table1_32_32_perf_20260605/replay_reports/table1_controls_32_32/run_20260605_151952_qwen2p51_8fb25c_qwen2p51_0e3828/hit_miss_amat_summary.csv
qwen2p5_14b_instruct,4k,4k_qwen2p5_14b_instruct_cmqa_epoch_memory,fpga_h2o_plus_service_strict_miss_prefetch_v206,H2O + guarded prefetch,33.496,41.406,4.162579,71687.0,1286,delivery/paper/repro_audit/longctx_table1_32_32_perf_20260605/replay_reports/table1_controls_32_32/run_20260605_151952_qwen2p51_8fb25c_qwen2p51_0e3828/hit_miss_amat_summary.csv
qwen2p5_14b_instruct,4k,4k_qwen2p5_14b_instruct_cmqa_budget_memory,fpga_h2o_plus_service_strict_miss_prefetch_v206,H2O + guarded prefetch,36.1,44.629,4.200565,72064.0,1375,delivery/paper/repro_audit/longctx_table1_32_32_perf_20260605/replay_reports/table1_controls_32_32/run_20260605_151952_qwen2p51_8fb25c_qwen2p51_0e3828/hit_miss_amat_summary.csv
qwen2p5_7b_instruct,4k,4k_qwen2p5_7b_instruct_mdqa_cross_doc_role,baseline,Traditional cache,33.431,37.37,4.179517,71879.0,1174,delivery/paper/repro_audit/longctx_table1_32_32_perf_20260605/replay_reports/table1_controls_32_32/run_20260605_153440_qwen2p57_e3cab0_qwen2p57_e78994/hit_miss_amat_summary.csv
qwen2p5_7b_instruct,4k,4k_qwen2p5_7b_instruct_mdqa_component_match,baseline,Traditional cache,29.492,44.629,4.278819,72842.0,1398,delivery/paper/repro_audit/longctx_table1_32_32_perf_20260605/replay_reports/table1_controls_32_32/run_20260605_153440_qwen2p57_e3cab0_qwen2p57_e78994/hit_miss_amat_summary.csv
qwen2p5_7b_instruct,4k,4k_qwen2p5_7b_instruct_mdqa_two_hop_summary,baseline,Traditional cache,26.628,41.569,4.236837,72421.0,1304,delivery/paper/repro_audit/longctx_table1_32_32_perf_20260605/replay_reports/table1_controls_32_32/run_20260605_153440_qwen2p57_e3cab0_qwen2p57_e78994/hit_miss_amat_summary.csv
qwen2p5_7b_instruct,4k,4k_qwen2p5_7b_instruct_mdqa_cross_doc_priority,baseline,Traditional cache,30.892,42.383,4.245945,72686.0,1326,delivery/paper/repro_audit/longctx_table1_32_32_perf_20260605/replay_reports/table1_controls_32_32/run_20260605_153440_qwen2p57_e3cab0_qwen2p57_e78994/hit_miss_amat_summary.csv
qwen2p5_7b_instruct,4k,4k_qwen2p5_7b_instruct_mdqa_chain_descriptor_fields,baseline,Traditional cache,32.064,39.421,4.205275,72171.0,1233,delivery/paper/repro_audit/longctx_table1_32_32_perf_20260605/replay_reports/table1_controls_32_32/run_20260605_153440_qwen2p57_e3cab0_qwen2p57_e78994/hit_miss_amat_summary.csv
qwen2p5_7b_instruct,4k,4k_qwen2p5_7b_instruct_mdqa_three_stage_lookup,baseline,Traditional cache,32.975,35.938,4.161874,71679.0,1134,delivery/paper/repro_audit/longctx_table1_32_32_perf_20260605/replay_reports/table1_controls_32_32/run_20260605_153440_qwen2p57_e3cab0_qwen2p57_e78994/hit_miss_amat_summary.csv
qwen2p5_7b_instruct,4k,4k_qwen2p5_7b_instruct_mdqa_compression_guard,baseline,Traditional cache,25.26,45.475,4.289548,73072.0,1423,delivery/paper/repro_audit/longctx_table1_32_32_perf_20260605/replay_reports/table1_controls_32_32/run_20260605_153440_qwen2p57_e3cab0_qwen2p57_e78994/hit_miss_amat_summary.csv
qwen2p5_7b_instruct,4k,4k_qwen2p5_7b_instruct_mdqa_query_cost_chain,baseline,Traditional cache,30.208,39.876,4.210656,72232.0,1246,delivery/paper/repro_audit/longctx_table1_32_32_perf_20260605/replay_reports/table1_controls_32_32/run_20260605_153440_qwen2p57_e3cab0_qwen2p57_e78994/hit_miss_amat_summary.csv
qwen2p5_7b_instruct,4k,4k_qwen2p5_7b_instruct_mdqa_head_budget_allocation,baseline,Traditional cache,30.924,41.862,4.238356,72546.0,1309,delivery/paper/repro_audit/longctx_table1_32_32_perf_20260605/replay_reports/table1_controls_32_32/run_20260605_153440_qwen2p57_e3cab0_qwen2p57_e78994/hit_miss_amat_summary.csv
qwen2p5_7b_instruct,4k,4k_qwen2p5_7b_instruct_mdqa_backend_admission_reason,baseline,Traditional cache,27.018,44.889,4.283746,72952.0,1411,delivery/paper/repro_audit/longctx_table1_32_32_perf_20260605/replay_reports/table1_controls_32_32/run_20260605_153440_qwen2p57_e3cab0_qwen2p57_e78994/hit_miss_amat_summary.csv
qwen2p5_7b_instruct,4k,4k_qwen2p5_7b_instruct_lcqa_anchor_timeline,baseline,Traditional cache,27.409,40.592,4.217472,72363.0,1261,delivery/paper/repro_audit/longctx_table1_32_32_perf_20260605/replay_reports/table1_controls_32_32/run_20260605_153440_qwen2p57_e3cab0_qwen2p57_e78994/hit_miss_amat_summary.csv
qwen2p5_7b_instruct,4k,4k_qwen2p5_7b_instruct_lcqa_revision_policy,baseline,Traditional cache,30.404,38.574,4.194552,72103.0,1209,delivery/paper/repro_audit/longctx_table1_32_32_perf_20260605/replay_reports/table1_controls_32_32/run_20260605_153440_qwen2p57_e3cab0_qwen2p57_e78994/hit_miss_amat_summary.csv
qwen2p5_7b_instruct,4k,4k_qwen2p5_7b_instruct_lcqa_sparse_fact,baseline,Traditional cache,35.84,39.518,4.210127,72226.0,1244,delivery/paper/repro_audit/longctx_table1_32_32_perf_20260605/replay_reports/table1_controls_32_32/run_20260605_153440_qwen2p57_e3cab0_qwen2p57_e78994/hit_miss_amat_summary.csv
qwen2p5_7b_instruct,4k,4k_qwen2p5_7b_instruct_lcqa_dual_anchor_incident,baseline,Traditional cache,28.809,39.225,4.204008,72103.0,1229,delivery/paper/repro_audit/longctx_table1_32_32_perf_20260605/replay_reports/table1_controls_32_32/run_20260605_153440_qwen2p57_e3cab0_qwen2p57_e78994/hit_miss_amat_summary.csv
qwen2p5_7b_instruct,4k,4k_qwen2p5_7b_instruct_lcqa_backend_priority_rule,baseline,Traditional cache,28.19,42.285,4.241179,72578.0,1315,delivery/paper/repro_audit/longctx_table1_32_32_perf_20260605/replay_reports/table1_controls_32_32/run_20260605_153440_qwen2p57_e3cab0_qwen2p57_e78994/hit_miss_amat_summary.csv
qwen2p5_7b_instruct,4k,4k_qwen2p5_7b_instruct_lcqa_epoch_window_recall,baseline,Traditional cache,26.335,43.164,4.258481,72666.0,1353,delivery/paper/repro_audit/longctx_table1_32_32_perf_20260605/replay_reports/table1_controls_32_32/run_20260605_153440_qwen2p57_e3cab0_qwen2p57_e78994/hit_miss_amat_summary.csv
qwen2p5_7b_instruct,4k,4k_qwen2p5_7b_instruct_lcqa_dual_budget_rule,baseline,Traditional cache,27.344,42.253,4.241166,72470.0,1314,delivery/paper/repro_audit/longctx_table1_32_32_perf_20260605/replay_reports/table1_controls_32_32/run_20260605_153440_qwen2p57_e3cab0_qwen2p57_e78994/hit_miss_amat_summary.csv
qwen2p5_7b_instruct,4k,4k_qwen2p5_7b_instruct_lcqa_query_relevance_note,baseline,Traditional cache,32.715,39.095,4.205571,72228.0,1233,delivery/paper/repro_audit/longctx_table1_32_32_perf_20260605/replay_reports/table1_controls_32_32/run_20260605_153440_qwen2p57_e3cab0_qwen2p57_e78994/hit_miss_amat_summary.csv
qwen2p5_7b_instruct,4k,4k_qwen2p5_7b_instruct_lcqa_spill_cost_reason,baseline,Traditional cache,32.617,39.941,4.213946,72323.0,1253,delivery/paper/repro_audit/longctx_table1_32_32_perf_20260605/replay_reports/table1_controls_32_32/run_20260605_153440_qwen2p57_e3cab0_qwen2p57_e78994/hit_miss_amat_summary.csv
qwen2p5_7b_instruct,4k,4k_qwen2p5_7b_instruct_lcqa_head_budget_rule,baseline,Traditional cache,28.19,38.672,4.193326,71982.0,1206,delivery/paper/repro_audit/longctx_table1_32_32_perf_20260605/replay_reports/table1_controls_32_32/run_20260605_153440_qwen2p57_e3cab0_qwen2p57_e78994/hit_miss_amat_summary.csv
qwen2p5_7b_instruct,4k,4k_qwen2p5_7b_instruct_cmqa_early_name_recall,baseline,Traditional cache,31.185,38.672,4.195798,72010.0,1212,delivery/paper/repro_audit/longctx_table1_32_32_perf_20260605/replay_reports/table1_controls_32_32/run_20260605_153440_qwen2p57_e3cab0_qwen2p57_e78994/hit_miss_amat_summary.csv
qwen2p5_7b_instruct,4k,4k_qwen2p5_7b_instruct_cmqa_policy_recall,baseline,Traditional cache,29.264,38.639,4.195848,71957.0,1211,delivery/paper/repro_audit/longctx_table1_32_32_perf_20260605/replay_reports/table1_controls_32_32/run_20260605_153440_qwen2p57_e3cab0_qwen2p57_e78994/hit_miss_amat_summary.csv
qwen2p5_7b_instruct,4k,4k_qwen2p5_7b_instruct_cmqa_anchor_reasoning,baseline,Traditional cache,30.208,40.365,4.222653,72368.0,1273,delivery/paper/repro_audit/longctx_table1_32_32_perf_20260605/replay_reports/table1_controls_32_32/run_20260605_153440_qwen2p57_e3cab0_qwen2p57_e78994/hit_miss_amat_summary.csv
qwen2p5_7b_instruct,4k,4k_qwen2p5_7b_instruct_cmqa_backend_recall,baseline,Traditional cache,40.527,33.105,4.118565,71241.0,1037,delivery/paper/repro_audit/longctx_table1_32_32_perf_20260605/replay_reports/table1_controls_32_32/run_20260605_153440_qwen2p57_e3cab0_qwen2p57_e78994/hit_miss_amat_summary.csv
qwen2p5_7b_instruct,4k,4k_qwen2p5_7b_instruct_cmqa_field_recall,baseline,Traditional cache,38.411,34.082,4.134344,71420.0,1071,delivery/paper/repro_audit/longctx_table1_32_32_perf_20260605/replay_reports/table1_controls_32_32/run_20260605_153440_qwen2p57_e3cab0_qwen2p57_e78994/hit_miss_amat_summary.csv
qwen2p5_7b_instruct,4k,4k_qwen2p5_7b_instruct_cmqa_epoch_memory,baseline,Traditional cache,33.073,39.225,4.202805,72143.0,1228,delivery/paper/repro_audit/longctx_table1_32_32_perf_20260605/replay_reports/table1_controls_32_32/run_20260605_153440_qwen2p57_e3cab0_qwen2p57_e78994/hit_miss_amat_summary.csv
qwen2p5_7b_instruct,4k,4k_qwen2p5_7b_instruct_cmqa_budget_memory,baseline,Traditional cache,33.854,37.63,4.180879,71841.0,1177,delivery/paper/repro_audit/longctx_table1_32_32_perf_20260605/replay_reports/table1_controls_32_32/run_20260605_153440_qwen2p57_e3cab0_qwen2p57_e78994/hit_miss_amat_summary.csv
qwen2p5_7b_instruct,4k,4k_qwen2p5_7b_instruct_mdqa_cross_doc_role,fpga_true_h2o_pure,Pure H2O,33.268,48.405,4.323571,73512.0,1502,delivery/paper/repro_audit/longctx_table1_32_32_perf_20260605/replay_reports/table1_controls_32_32/run_20260605_153440_qwen2p57_e3cab0_qwen2p57_e78994/hit_miss_amat_summary.csv
qwen2p5_7b_instruct,4k,4k_qwen2p5_7b_instruct_mdqa_component_match,fpga_true_h2o_pure,Pure H2O,29.492,48.47,4.326644,73383.0,1507,delivery/paper/repro_audit/longctx_table1_32_32_perf_20260605/replay_reports/table1_controls_32_32/run_20260605_153440_qwen2p57_e3cab0_qwen2p57_e78994/hit_miss_amat_summary.csv
qwen2p5_7b_instruct,4k,4k_qwen2p5_7b_instruct_mdqa_two_hop_summary,fpga_true_h2o_pure,Pure H2O,26.465,47.331,4.311661,73268.0,1474,delivery/paper/repro_audit/longctx_table1_32_32_perf_20260605/replay_reports/table1_controls_32_32/run_20260605_153440_qwen2p57_e3cab0_qwen2p57_e78994/hit_miss_amat_summary.csv
qwen2p5_7b_instruct,4k,4k_qwen2p5_7b_instruct_mdqa_cross_doc_priority,fpga_true_h2o_pure,Pure H2O,30.827,44.173,4.267013,72925.0,1374,delivery/paper/repro_audit/longctx_table1_32_32_perf_20260605/replay_reports/table1_controls_32_32/run_20260605_153440_qwen2p57_e3cab0_qwen2p57_e78994/hit_miss_amat_summary.csv
qwen2p5_7b_instruct,4k,4k_qwen2p5_7b_instruct_mdqa_chain_descriptor_fields,fpga_true_h2o_pure,Pure H2O,31.901,41.341,4.22777,72426.0,1285,delivery/paper/repro_audit/longctx_table1_32_32_perf_20260605/replay_reports/table1_controls_32_32/run_20260605_153440_qwen2p57_e3cab0_qwen2p57_e78994/hit_miss_amat_summary.csv
qwen2p5_7b_instruct,4k,4k_qwen2p5_7b_instruct_mdqa_three_stage_lookup,fpga_true_h2o_pure,Pure H2O,32.91,40.43,4.215508,72287.0,1257,delivery/paper/repro_audit/longctx_table1_32_32_perf_20260605/replay_reports/table1_controls_32_32/run_20260605_153440_qwen2p57_e3cab0_qwen2p57_e78994/hit_miss_amat_summary.csv
qwen2p5_7b_instruct,4k,4k_qwen2p5_7b_instruct_mdqa_compression_guard,fpga_true_h2o_pure,Pure H2O,25.065,49.512,4.33916,73634.0,1536,delivery/paper/repro_audit/longctx_table1_32_32_perf_20260605/replay_reports/table1_controls_32_32/run_20260605_153440_qwen2p57_e3cab0_qwen2p57_e78994/hit_miss_amat_summary.csv
qwen2p5_7b_instruct,4k,4k_qwen2p5_7b_instruct_mdqa_query_cost_chain,fpga_true_h2o_pure,Pure H2O,29.915,51.4,4.362297,73951.0,1590,delivery/paper/repro_audit/longctx_table1_32_32_perf_20260605/replay_reports/table1_controls_32_32/run_20260605_153440_qwen2p57_e3cab0_qwen2p57_e78994/hit_miss_amat_summary.csv
qwen2p5_7b_instruct,4k,4k_qwen2p5_7b_instruct_mdqa_head_budget_allocation,fpga_true_h2o_pure,Pure H2O,30.827,45.801,4.288373,73113.0,1422,delivery/paper/repro_audit/longctx_table1_32_32_perf_20260605/replay_reports/table1_controls_32_32/run_20260605_153440_qwen2p57_e3cab0_qwen2p57_e78994/hit_miss_amat_summary.csv
qwen2p5_7b_instruct,4k,4k_qwen2p5_7b_instruct_mdqa_backend_admission_reason,fpga_true_h2o_pure,Pure H2O,27.051,49.74,4.346643,73664.0,1553,delivery/paper/repro_audit/longctx_table1_32_32_perf_20260605/replay_reports/table1_controls_32_32/run_20260605_153440_qwen2p57_e3cab0_qwen2p57_e78994/hit_miss_amat_summary.csv
qwen2p5_7b_instruct,4k,4k_qwen2p5_7b_instruct_lcqa_anchor_timeline,fpga_true_h2o_pure,Pure H2O,27.409,45.117,4.276798,73036.0,1396,delivery/paper/repro_audit/longctx_table1_32_32_perf_20260605/replay_reports/table1_controls_32_32/run_20260605_153440_qwen2p57_e3cab0_qwen2p57_e78994/hit_miss_amat_summary.csv
qwen2p5_7b_instruct,4k,4k_qwen2p5_7b_instruct_lcqa_revision_policy,fpga_true_h2o_pure,Pure H2O,30.013,43.62,4.259168,72836.0,1356,delivery/paper/repro_audit/longctx_table1_32_32_perf_20260605/replay_reports/table1_controls_32_32/run_20260605_153440_qwen2p57_e3cab0_qwen2p57_e78994/hit_miss_amat_summary.csv
qwen2p5_7b_instruct,4k,4k_qwen2p5_7b_instruct_lcqa_sparse_fact,fpga_true_h2o_pure,Pure H2O,35.872,44.271,4.264644,72844.0,1368,delivery/paper/repro_audit/longctx_table1_32_32_perf_20260605/replay_reports/table1_controls_32_32/run_20260605_153440_qwen2p57_e3cab0_qwen2p57_e78994/hit_miss_amat_summary.csv
qwen2p5_7b_instruct,4k,4k_qwen2p5_7b_instruct_lcqa_dual_anchor_incident,fpga_true_h2o_pure,Pure H2O,28.809,46.452,4.296787,73154.0,1440,delivery/paper/repro_audit/longctx_table1_32_32_perf_20260605/replay_reports/table1_controls_32_32/run_20260605_153440_qwen2p57_e3cab0_qwen2p57_e78994/hit_miss_amat_summary.csv
qwen2p5_7b_instruct,4k,4k_qwen2p5_7b_instruct_lcqa_backend_priority_rule,fpga_true_h2o_pure,Pure H2O,28.158,51.367,4.362826,73957.0,1591,delivery/paper/repro_audit/longctx_table1_32_32_perf_20260605/replay_reports/table1_controls_32_32/run_20260605_153440_qwen2p57_e3cab0_qwen2p57_e78994/hit_miss_amat_summary.csv
qwen2p5_7b_instruct,4k,4k_qwen2p5_7b_instruct_lcqa_epoch_window_recall,fpga_true_h2o_pure,Pure H2O,26.465,49.284,4.335866,73542.0,1528,delivery/paper/repro_audit/longctx_table1_32_32_perf_20260605/replay_reports/table1_controls_32_32/run_20260605_153440_qwen2p57_e3cab0_qwen2p57_e78994/hit_miss_amat_summary.csv
qwen2p5_7b_instruct,4k,4k_qwen2p5_7b_instruct_lcqa_dual_budget_rule,fpga_true_h2o_pure,Pure H2O,27.376,46.549,4.298145,73115.0,1443,delivery/paper/repro_audit/longctx_table1_32_32_perf_20260605/replay_reports/table1_controls_32_32/run_20260605_153440_qwen2p57_e3cab0_qwen2p57_e78994/hit_miss_amat_summary.csv
qwen2p5_7b_instruct,4k,4k_qwen2p5_7b_instruct_lcqa_query_relevance_note,fpga_true_h2o_pure,Pure H2O,32.52,41.309,4.229284,72497.0,1288,delivery/paper/repro_audit/longctx_table1_32_32_perf_20260605/replay_reports/table1_controls_32_32/run_20260605_153440_qwen2p57_e3cab0_qwen2p57_e78994/hit_miss_amat_summary.csv
qwen2p5_7b_instruct,4k,4k_qwen2p5_7b_instruct_lcqa_spill_cost_reason,fpga_true_h2o_pure,Pure H2O,32.585,45.703,4.287906,73162.0,1421,delivery/paper/repro_audit/longctx_table1_32_32_perf_20260605/replay_reports/table1_controls_32_32/run_20260605_153440_qwen2p57_e3cab0_qwen2p57_e78994/hit_miss_amat_summary.csv
qwen2p5_7b_instruct,4k,4k_qwen2p5_7b_instruct_lcqa_head_budget_rule,fpga_true_h2o_pure,Pure H2O,28.158,43.49,4.254414,72674.0,1344,delivery/paper/repro_audit/longctx_table1_32_32_perf_20260605/replay_reports/table1_controls_32_32/run_20260605_153440_qwen2p57_e3cab0_qwen2p57_e78994/hit_miss_amat_summary.csv
qwen2p5_7b_instruct,4k,4k_qwen2p5_7b_instruct_cmqa_early_name_recall,fpga_true_h2o_pure,Pure H2O,31.12,41.406,4.228019,72375.0,1285,delivery/paper/repro_audit/longctx_table1_32_32_perf_20260605/replay_reports/table1_controls_32_32/run_20260605_153440_qwen2p57_e3cab0_qwen2p57_e78994/hit_miss_amat_summary.csv
qwen2p5_7b_instruct,4k,4k_qwen2p5_7b_instruct_cmqa_policy_recall,fpga_true_h2o_pure,Pure H2O,29.167,53.223,4.387279,74124.0,1645,delivery/paper/repro_audit/longctx_table1_32_32_perf_20260605/replay_reports/table1_controls_32_32/run_20260605_153440_qwen2p57_e3cab0_qwen2p57_e78994/hit_miss_amat_summary.csv
qwen2p5_7b_instruct,4k,4k_qwen2p5_7b_instruct_cmqa_anchor_reasoning,fpga_true_h2o_pure,Pure H2O,30.046,46.126,4.292784,73163.0,1432,delivery/paper/repro_audit/longctx_table1_32_32_perf_20260605/replay_reports/table1_controls_32_32/run_20260605_153440_qwen2p57_e3cab0_qwen2p57_e78994/hit_miss_amat_summary.csv
qwen2p5_7b_instruct,4k,4k_qwen2p5_7b_instruct_cmqa_backend_recall,fpga_true_h2o_pure,Pure H2O,39.746,44.01,4.260314,72849.0,1359,delivery/paper/repro_audit/longctx_table1_32_32_perf_20260605/replay_reports/table1_controls_32_32/run_20260605_153440_qwen2p57_e3cab0_qwen2p57_e78994/hit_miss_amat_summary.csv
qwen2p5_7b_instruct,4k,4k_qwen2p5_7b_instruct_cmqa_field_recall,fpga_true_h2o_pure,Pure H2O,38.151,38.997,4.197902,72141.0,1217,delivery/paper/repro_audit/longctx_table1_32_32_perf_20260605/replay_reports/table1_controls_32_32/run_20260605_153440_qwen2p57_e3cab0_qwen2p57_e78994/hit_miss_amat_summary.csv
qwen2p5_7b_instruct,4k,4k_qwen2p5_7b_instruct_cmqa_epoch_memory,fpga_true_h2o_pure,Pure H2O,32.943,40.658,4.216567,72299.0,1259,delivery/paper/repro_audit/longctx_table1_32_32_perf_20260605/replay_reports/table1_controls_32_32/run_20260605_153440_qwen2p57_e3cab0_qwen2p57_e78994/hit_miss_amat_summary.csv
qwen2p5_7b_instruct,4k,4k_qwen2p5_7b_instruct_cmqa_budget_memory,fpga_true_h2o_pure,Pure H2O,33.724,52.083,4.372617,74013.0,1612,delivery/paper/repro_audit/longctx_table1_32_32_perf_20260605/replay_reports/table1_controls_32_32/run_20260605_153440_qwen2p57_e3cab0_qwen2p57_e78994/hit_miss_amat_summary.csv
qwen2p5_7b_instruct,4k,4k_qwen2p5_7b_instruct_mdqa_cross_doc_role,fpga_h2o_plus_service_clean_victim_cache16_v245,H2O + victim cache,33.301,28.581,3.980946,69628.0,878,delivery/paper/repro_audit/longctx_table1_32_32_perf_20260605/replay_reports/table1_controls_32_32/run_20260605_153440_qwen2p57_e3cab0_qwen2p57_e78994/hit_miss_amat_summary.csv
qwen2p5_7b_instruct,4k,4k_qwen2p5_7b_instruct_mdqa_component_match,fpga_h2o_plus_service_clean_victim_cache16_v245,H2O + victim cache,29.72,31.38,4.018918,69902.0,964,delivery/paper/repro_audit/longctx_table1_32_32_perf_20260605/replay_reports/table1_controls_32_32/run_20260605_153440_qwen2p57_e3cab0_qwen2p57_e78994/hit_miss_amat_summary.csv
qwen2p5_7b_instruct,4k,4k_qwen2p5_7b_instruct_mdqa_two_hop_summary,fpga_h2o_plus_service_clean_victim_cache16_v245,H2O + victim cache,26.79,33.496,4.047615,70279.0,1029,delivery/paper/repro_audit/longctx_table1_32_32_perf_20260605/replay_reports/table1_controls_32_32/run_20260605_153440_qwen2p57_e3cab0_qwen2p57_e78994/hit_miss_amat_summary.csv
qwen2p5_7b_instruct,4k,4k_qwen2p5_7b_instruct_mdqa_cross_doc_priority,fpga_h2o_plus_service_clean_victim_cache16_v245,H2O + victim cache,30.729,29.72,3.996386,69855.0,913,delivery/paper/repro_audit/longctx_table1_32_32_perf_20260605/replay_reports/table1_controls_32_32/run_20260605_153440_qwen2p57_e3cab0_qwen2p57_e78994/hit_miss_amat_summary.csv
qwen2p5_7b_instruct,4k,4k_qwen2p5_7b_instruct_mdqa_chain_descriptor_fields,fpga_h2o_plus_service_clean_victim_cache16_v245,H2O + victim cache,31.706,27.734,3.96939,69497.0,852,delivery/paper/repro_audit/longctx_table1_32_32_perf_20260605/replay_reports/table1_controls_32_32/run_20260605_153440_qwen2p57_e3cab0_qwen2p57_e78994/hit_miss_amat_summary.csv
qwen2p5_7b_instruct,4k,4k_qwen2p5_7b_instruct_mdqa_three_stage_lookup,fpga_h2o_plus_service_clean_victim_cache16_v245,H2O + victim cache,32.943,26.4,3.951482,69294.0,811,delivery/paper/repro_audit/longctx_table1_32_32_perf_20260605/replay_reports/table1_controls_32_32/run_20260605_153440_qwen2p57_e3cab0_qwen2p57_e78994/hit_miss_amat_summary.csv
qwen2p5_7b_instruct,4k,4k_qwen2p5_7b_instruct_mdqa_compression_guard,fpga_h2o_plus_service_clean_victim_cache16_v245,H2O + victim cache,25.033,33.984,4.054114,70405.0,1044,delivery/paper/repro_audit/longctx_table1_32_32_perf_20260605/replay_reports/table1_controls_32_32/run_20260605_153440_qwen2p57_e3cab0_qwen2p57_e78994/hit_miss_amat_summary.csv
qwen2p5_7b_instruct,4k,4k_qwen2p5_7b_instruct_mdqa_query_cost_chain,fpga_h2o_plus_service_clean_victim_cache16_v245,H2O + victim cache,29.915,31.966,4.026817,70148.0,982,delivery/paper/repro_audit/longctx_table1_32_32_perf_20260605/replay_reports/table1_controls_32_32/run_20260605_153440_qwen2p57_e3cab0_qwen2p57_e78994/hit_miss_amat_summary.csv
qwen2p5_7b_instruct,4k,4k_qwen2p5_7b_instruct_mdqa_head_budget_allocation,fpga_h2o_plus_service_clean_victim_cache16_v245,H2O + victim cache,30.501,29.492,3.993296,69768.0,906,delivery/paper/repro_audit/longctx_table1_32_32_perf_20260605/replay_reports/table1_controls_32_32/run_20260605_153440_qwen2p57_e3cab0_qwen2p57_e78994/hit_miss_amat_summary.csv
qwen2p5_7b_instruct,4k,4k_qwen2p5_7b_instruct_mdqa_backend_admission_reason,fpga_h2o_plus_service_clean_victim_cache16_v245,H2O + victim cache,27.214,28.027,3.973498,69440.0,861,delivery/paper/repro_audit/longctx_table1_32_32_perf_20260605/replay_reports/table1_controls_32_32/run_20260605_153440_qwen2p57_e3cab0_qwen2p57_e78994/hit_miss_amat_summary.csv
qwen2p5_7b_instruct,4k,4k_qwen2p5_7b_instruct_lcqa_anchor_timeline,fpga_h2o_plus_service_clean_victim_cache16_v245,H2O + victim cache,27.344,29.232,3.989686,69779.0,898,delivery/paper/repro_audit/longctx_table1_32_32_perf_20260605/replay_reports/table1_controls_32_32/run_20260605_153440_qwen2p57_e3cab0_qwen2p57_e78994/hit_miss_amat_summary.csv
qwen2p5_7b_instruct,4k,4k_qwen2p5_7b_instruct_lcqa_revision_policy,fpga_h2o_plus_service_clean_victim_cache16_v245,H2O + victim cache,30.078,27.962,3.972496,69584.0,859,delivery/paper/repro_audit/longctx_table1_32_32_perf_20260605/replay_reports/table1_controls_32_32/run_20260605_153440_qwen2p57_e3cab0_qwen2p57_e78994/hit_miss_amat_summary.csv
qwen2p5_7b_instruct,4k,4k_qwen2p5_7b_instruct_lcqa_sparse_fact,fpga_h2o_plus_service_clean_victim_cache16_v245,H2O + victim cache,35.905,31.087,4.014996,70014.0,955,delivery/paper/repro_audit/longctx_table1_32_32_perf_20260605/replay_reports/table1_controls_32_32/run_20260605_153440_qwen2p57_e3cab0_qwen2p57_e78994/hit_miss_amat_summary.csv
qwen2p5_7b_instruct,4k,4k_qwen2p5_7b_instruct_lcqa_dual_anchor_incident,fpga_h2o_plus_service_clean_victim_cache16_v245,H2O + victim cache,28.939,29.98,3.999912,69791.0,921,delivery/paper/repro_audit/longctx_table1_32_32_perf_20260605/replay_reports/table1_controls_32_32/run_20260605_153440_qwen2p57_e3cab0_qwen2p57_e78994/hit_miss_amat_summary.csv
qwen2p5_7b_instruct,4k,4k_qwen2p5_7b_instruct_lcqa_backend_priority_rule,fpga_h2o_plus_service_clean_victim_cache16_v245,H2O + victim cache,28.092,31.836,4.025053,70128.0,978,delivery/paper/repro_audit/longctx_table1_32_32_perf_20260605/replay_reports/table1_controls_32_32/run_20260605_153440_qwen2p57_e3cab0_qwen2p57_e78994/hit_miss_amat_summary.csv
qwen2p5_7b_instruct,4k,4k_qwen2p5_7b_instruct_lcqa_epoch_window_recall,fpga_h2o_plus_service_clean_victim_cache16_v245,H2O + victim cache,26.53,30.534,4.007686,69827.0,938,delivery/paper/repro_audit/longctx_table1_32_32_perf_20260605/replay_reports/table1_controls_32_32/run_20260605_153440_qwen2p57_e3cab0_qwen2p57_e78994/hit_miss_amat_summary.csv
qwen2p5_7b_instruct,4k,4k_qwen2p5_7b_instruct_lcqa_dual_budget_rule,fpga_h2o_plus_service_clean_victim_cache16_v245,H2O + victim cache,27.376,28.906,3.985247,69573.0,888,delivery/paper/repro_audit/longctx_table1_32_32_perf_20260605/replay_reports/table1_controls_32_32/run_20260605_153440_qwen2p57_e3cab0_qwen2p57_e78994/hit_miss_amat_summary.csv
qwen2p5_7b_instruct,4k,4k_qwen2p5_7b_instruct_lcqa_query_relevance_note,fpga_h2o_plus_service_clean_victim_cache16_v245,H2O + victim cache,33.561,28.223,3.976111,69625.0,867,delivery/paper/repro_audit/longctx_table1_32_32_perf_20260605/replay_reports/table1_controls_32_32/run_20260605_153440_qwen2p57_e3cab0_qwen2p57_e78994/hit_miss_amat_summary.csv
qwen2p5_7b_instruct,4k,4k_qwen2p5_7b_instruct_lcqa_spill_cost_reason,fpga_h2o_plus_service_clean_victim_cache16_v245,H2O + victim cache,32.585,28.255,3.976375,69628.0,868,delivery/paper/repro_audit/longctx_table1_32_32_perf_20260605/replay_reports/table1_controls_32_32/run_20260605_153440_qwen2p57_e3cab0_qwen2p57_e78994/hit_miss_amat_summary.csv
qwen2p5_7b_instruct,4k,4k_qwen2p5_7b_instruct_lcqa_head_budget_rule,fpga_h2o_plus_service_clean_victim_cache16_v245,H2O + victim cache,28.125,28.939,3.985699,69630.0,889,delivery/paper/repro_audit/longctx_table1_32_32_perf_20260605/replay_reports/table1_controls_32_32/run_20260605_153440_qwen2p57_e3cab0_qwen2p57_e78994/hit_miss_amat_summary.csv
qwen2p5_7b_instruct,4k,4k_qwen2p5_7b_instruct_cmqa_early_name_recall,fpga_h2o_plus_service_clean_victim_cache16_v245,H2O + victim cache,31.25,28.906,3.985258,69625.0,888,delivery/paper/repro_audit/longctx_table1_32_32_perf_20260605/replay_reports/table1_controls_32_32/run_20260605_153440_qwen2p57_e3cab0_qwen2p57_e78994/hit_miss_amat_summary.csv
qwen2p5_7b_instruct,4k,4k_qwen2p5_7b_instruct_cmqa_policy_recall,fpga_h2o_plus_service_clean_victim_cache16_v245,H2O + victim cache,28.743,29.167,3.988869,69614.0,896,delivery/paper/repro_audit/longctx_table1_32_32_perf_20260605/replay_reports/table1_controls_32_32/run_20260605_153440_qwen2p57_e3cab0_qwen2p57_e78994/hit_miss_amat_summary.csv
qwen2p5_7b_instruct,4k,4k_qwen2p5_7b_instruct_cmqa_anchor_reasoning,fpga_h2o_plus_service_clean_victim_cache16_v245,H2O + victim cache,29.818,30.273,4.003793,69887.0,930,delivery/paper/repro_audit/longctx_table1_32_32_perf_20260605/replay_reports/table1_controls_32_32/run_20260605_153440_qwen2p57_e3cab0_qwen2p57_e78994/hit_miss_amat_summary.csv
qwen2p5_7b_instruct,4k,4k_qwen2p5_7b_instruct_cmqa_backend_recall,fpga_h2o_plus_service_clean_victim_cache16_v245,H2O + victim cache,40.234,24.772,3.929214,69093.0,761,delivery/paper/repro_audit/longctx_table1_32_32_perf_20260605/replay_reports/table1_controls_32_32/run_20260605_153440_qwen2p57_e3cab0_qwen2p57_e78994/hit_miss_amat_summary.csv
qwen2p5_7b_instruct,4k,4k_qwen2p5_7b_instruct_cmqa_field_recall,fpga_h2o_plus_service_clean_victim_cache16_v245,H2O + victim cache,38.346,22.298,3.895804,68714.0,685,delivery/paper/repro_audit/longctx_table1_32_32_perf_20260605/replay_reports/table1_controls_32_32/run_20260605_153440_qwen2p57_e3cab0_qwen2p57_e78994/hit_miss_amat_summary.csv
qwen2p5_7b_instruct,4k,4k_qwen2p5_7b_instruct_cmqa_epoch_memory,fpga_h2o_plus_service_clean_victim_cache16_v245,H2O + victim cache,32.78,25.684,3.941602,69182.0,789,delivery/paper/repro_audit/longctx_table1_32_32_perf_20260605/replay_reports/table1_controls_32_32/run_20260605_153440_qwen2p57_e3cab0_qwen2p57_e78994/hit_miss_amat_summary.csv
qwen2p5_7b_instruct,4k,4k_qwen2p5_7b_instruct_cmqa_budget_memory,fpga_h2o_plus_service_clean_victim_cache16_v245,H2O + victim cache,33.464,29.753,3.996734,69755.0,914,delivery/paper/repro_audit/longctx_table1_32_32_perf_20260605/replay_reports/table1_controls_32_32/run_20260605_153440_qwen2p57_e3cab0_qwen2p57_e78994/hit_miss_amat_summary.csv
qwen2p5_7b_instruct,4k,4k_qwen2p5_7b_instruct_mdqa_cross_doc_role,fpga_h2o_plus_service_strict_miss_prefetch_v206,H2O + guarded prefetch,33.268,46.973,4.231651,72470.0,1445,delivery/paper/repro_audit/longctx_table1_32_32_perf_20260605/replay_reports/table1_controls_32_32/run_20260605_153440_qwen2p57_e3cab0_qwen2p57_e78994/hit_miss_amat_summary.csv
qwen2p5_7b_instruct,4k,4k_qwen2p5_7b_instruct_mdqa_component_match,fpga_h2o_plus_service_strict_miss_prefetch_v206,H2O + guarded prefetch,29.72,47.917,4.243723,72445.0,1472,delivery/paper/repro_audit/longctx_table1_32_32_perf_20260605/replay_reports/table1_controls_32_32/run_20260605_153440_qwen2p57_e3cab0_qwen2p57_e78994/hit_miss_amat_summary.csv
qwen2p5_7b_instruct,4k,4k_qwen2p5_7b_instruct_mdqa_two_hop_summary,fpga_h2o_plus_service_strict_miss_prefetch_v206,H2O + guarded prefetch,26.79,48.893,4.256979,72649.0,1502,delivery/paper/repro_audit/longctx_table1_32_32_perf_20260605/replay_reports/table1_controls_32_32/run_20260605_153440_qwen2p57_e3cab0_qwen2p57_e78994/hit_miss_amat_summary.csv
qwen2p5_7b_instruct,4k,4k_qwen2p5_7b_instruct_mdqa_cross_doc_priority,fpga_h2o_plus_service_strict_miss_prefetch_v206,H2O + guarded prefetch,30.729,44.368,4.19799,72142.0,1368,delivery/paper/repro_audit/longctx_table1_32_32_perf_20260605/replay_reports/table1_controls_32_32/run_20260605_153440_qwen2p57_e3cab0_qwen2p57_e78994/hit_miss_amat_summary.csv
qwen2p5_7b_instruct,4k,4k_qwen2p5_7b_instruct_mdqa_chain_descriptor_fields,fpga_h2o_plus_service_strict_miss_prefetch_v206,H2O + guarded prefetch,31.706,42.904,4.177576,71857.0,1322,delivery/paper/repro_audit/longctx_table1_32_32_perf_20260605/replay_reports/table1_controls_32_32/run_20260605_153440_qwen2p57_e3cab0_qwen2p57_e78994/hit_miss_amat_summary.csv
qwen2p5_7b_instruct,4k,4k_qwen2p5_7b_instruct_mdqa_three_stage_lookup,fpga_h2o_plus_service_strict_miss_prefetch_v206,H2O + guarded prefetch,32.943,37.077,4.099241,70969.0,1144,delivery/paper/repro_audit/longctx_table1_32_32_perf_20260605/replay_reports/table1_controls_32_32/run_20260605_153440_qwen2p57_e3cab0_qwen2p57_e78994/hit_miss_amat_summary.csv
qwen2p5_7b_instruct,4k,4k_qwen2p5_7b_instruct_mdqa_compression_guard,fpga_h2o_plus_service_strict_miss_prefetch_v206,H2O + guarded prefetch,25.033,49.316,4.263771,72780.0,1518,delivery/paper/repro_audit/longctx_table1_32_32_perf_20260605/replay_reports/table1_controls_32_32/run_20260605_153440_qwen2p57_e3cab0_qwen2p57_e78994/hit_miss_amat_summary.csv
qwen2p5_7b_instruct,4k,4k_qwen2p5_7b_instruct_mdqa_query_cost_chain,fpga_h2o_plus_service_strict_miss_prefetch_v206,H2O + guarded prefetch,29.915,48.177,4.2485,72661.0,1483,delivery/paper/repro_audit/longctx_table1_32_32_perf_20260605/replay_reports/table1_controls_32_32/run_20260605_153440_qwen2p57_e3cab0_qwen2p57_e78994/hit_miss_amat_summary.csv
qwen2p5_7b_instruct,4k,4k_qwen2p5_7b_instruct_mdqa_head_budget_allocation,fpga_h2o_plus_service_strict_miss_prefetch_v206,H2O + guarded prefetch,30.501,45.703,4.214361,72274.0,1407,delivery/paper/repro_audit/longctx_table1_32_32_perf_20260605/replay_reports/table1_controls_32_32/run_20260605_153440_qwen2p57_e3cab0_qwen2p57_e78994/hit_miss_amat_summary.csv
qwen2p5_7b_instruct,4k,4k_qwen2p5_7b_instruct_mdqa_backend_admission_reason,fpga_h2o_plus_service_strict_miss_prefetch_v206,H2O + guarded prefetch,27.214,43.001,4.17765,71751.0,1322,delivery/paper/repro_audit/longctx_table1_32_32_perf_20260605/replay_reports/table1_controls_32_32/run_20260605_153440_qwen2p57_e3cab0_qwen2p57_e78994/hit_miss_amat_summary.csv
qwen2p5_7b_instruct,4k,4k_qwen2p5_7b_instruct_lcqa_anchor_timeline,fpga_h2o_plus_service_strict_miss_prefetch_v206,H2O + guarded prefetch,27.344,43.229,4.181065,71950.0,1331,delivery/paper/repro_audit/longctx_table1_32_32_perf_20260605/replay_reports/table1_controls_32_32/run_20260605_153440_qwen2p57_e3cab0_qwen2p57_e78994/hit_miss_amat_summary.csv
qwen2p5_7b_instruct,4k,4k_qwen2p5_7b_instruct_lcqa_revision_policy,fpga_h2o_plus_service_strict_miss_prefetch_v206,H2O + guarded prefetch,30.078,42.383,4.168812,71811.0,1303,delivery/paper/repro_audit/longctx_table1_32_32_perf_20260605/replay_reports/table1_controls_32_32/run_20260605_153440_qwen2p57_e3cab0_qwen2p57_e78994/hit_miss_amat_summary.csv
qwen2p5_7b_instruct,4k,4k_qwen2p5_7b_instruct_lcqa_sparse_fact,fpga_h2o_plus_service_strict_miss_prefetch_v206,H2O + guarded prefetch,35.905,45.052,4.20651,72185.0,1389,delivery/paper/repro_audit/longctx_table1_32_32_perf_20260605/replay_reports/table1_controls_32_32/run_20260605_153440_qwen2p57_e3cab0_qwen2p57_e78994/hit_miss_amat_summary.csv
qwen2p5_7b_instruct,4k,4k_qwen2p5_7b_instruct_lcqa_dual_anchor_incident,fpga_h2o_plus_service_strict_miss_prefetch_v206,H2O + guarded prefetch,28.939,48.861,4.256179,72694.0,1501,delivery/paper/repro_audit/longctx_table1_32_32_perf_20260605/replay_reports/table1_controls_32_32/run_20260605_153440_qwen2p57_e3cab0_qwen2p57_e78994/hit_miss_amat_summary.csv
qwen2p5_7b_instruct,4k,4k_qwen2p5_7b_instruct_lcqa_backend_priority_rule,fpga_h2o_plus_service_strict_miss_prefetch_v206,H2O + guarded prefetch,28.092,48.568,4.252911,72711.0,1493,delivery/paper/repro_audit/longctx_table1_32_32_perf_20260605/replay_reports/table1_controls_32_32/run_20260605_153440_qwen2p57_e3cab0_qwen2p57_e78994/hit_miss_amat_summary.csv
qwen2p5_7b_instruct,4k,4k_qwen2p5_7b_instruct_lcqa_epoch_window_recall,fpga_h2o_plus_service_strict_miss_prefetch_v206,H2O + guarded prefetch,26.53,44.01,4.19682,71968.0,1362,delivery/paper/repro_audit/longctx_table1_32_32_perf_20260605/replay_reports/table1_controls_32_32/run_20260605_153440_qwen2p57_e3cab0_qwen2p57_e78994/hit_miss_amat_summary.csv
qwen2p5_7b_instruct,4k,4k_qwen2p5_7b_instruct_lcqa_dual_budget_rule,fpga_h2o_plus_service_strict_miss_prefetch_v206,H2O + guarded prefetch,27.214,45.182,4.210777,72126.0,1394,delivery/paper/repro_audit/longctx_table1_32_32_perf_20260605/replay_reports/table1_controls_32_32/run_20260605_153440_qwen2p57_e3cab0_qwen2p57_e78994/hit_miss_amat_summary.csv
qwen2p5_7b_instruct,4k,4k_qwen2p5_7b_instruct_lcqa_query_relevance_note,fpga_h2o_plus_service_strict_miss_prefetch_v206,H2O + guarded prefetch,33.561,41.406,4.156382,71670.0,1275,delivery/paper/repro_audit/longctx_table1_32_32_perf_20260605/replay_reports/table1_controls_32_32/run_20260605_153440_qwen2p57_e3cab0_qwen2p57_e78994/hit_miss_amat_summary.csv
qwen2p5_7b_instruct,4k,4k_qwen2p5_7b_instruct_lcqa_spill_cost_reason,fpga_h2o_plus_service_strict_miss_prefetch_v206,H2O + guarded prefetch,32.65,44.173,4.197109,72132.0,1365,delivery/paper/repro_audit/longctx_table1_32_32_perf_20260605/replay_reports/table1_controls_32_32/run_20260605_153440_qwen2p57_e3cab0_qwen2p57_e78994/hit_miss_amat_summary.csv
qwen2p5_7b_instruct,4k,4k_qwen2p5_7b_instruct_lcqa_head_budget_rule,fpga_h2o_plus_service_strict_miss_prefetch_v206,H2O + guarded prefetch,28.125,42.35,4.169315,71710.0,1304,delivery/paper/repro_audit/longctx_table1_32_32_perf_20260605/replay_reports/table1_controls_32_32/run_20260605_153440_qwen2p57_e3cab0_qwen2p57_e78994/hit_miss_amat_summary.csv
qwen2p5_7b_instruct,4k,4k_qwen2p5_7b_instruct_cmqa_early_name_recall,fpga_h2o_plus_service_strict_miss_prefetch_v206,H2O + guarded prefetch,31.25,38.932,4.123499,71191.0,1199,delivery/paper/repro_audit/longctx_table1_32_32_perf_20260605/replay_reports/table1_controls_32_32/run_20260605_153440_qwen2p57_e3cab0_qwen2p57_e78994/hit_miss_amat_summary.csv
qwen2p5_7b_instruct,4k,4k_qwen2p5_7b_instruct_cmqa_policy_recall,fpga_h2o_plus_service_strict_miss_prefetch_v206,H2O + guarded prefetch,28.743,51.042,4.293816,73066.0,1579,delivery/paper/repro_audit/longctx_table1_32_32_perf_20260605/replay_reports/table1_controls_32_32/run_20260605_153440_qwen2p57_e3cab0_qwen2p57_e78994/hit_miss_amat_summary.csv
qwen2p5_7b_instruct,4k,4k_qwen2p5_7b_instruct_cmqa_anchor_reasoning,fpga_h2o_plus_service_strict_miss_prefetch_v206,H2O + guarded prefetch,29.818,47.493,4.24012,72566.0,1463,delivery/paper/repro_audit/longctx_table1_32_32_perf_20260605/replay_reports/table1_controls_32_32/run_20260605_153440_qwen2p57_e3cab0_qwen2p57_e78994/hit_miss_amat_summary.csv
qwen2p5_7b_instruct,4k,4k_qwen2p5_7b_instruct_cmqa_backend_recall,fpga_h2o_plus_service_strict_miss_prefetch_v206,H2O + guarded prefetch,40.267,42.22,4.171897,71846.0,1308,delivery/paper/repro_audit/longctx_table1_32_32_perf_20260605/replay_reports/table1_controls_32_32/run_20260605_153440_qwen2p57_e3cab0_qwen2p57_e78994/hit_miss_amat_summary.csv
qwen2p5_7b_instruct,4k,4k_qwen2p5_7b_instruct_cmqa_field_recall,fpga_h2o_plus_service_strict_miss_prefetch_v206,H2O + guarded prefetch,38.346,36.686,4.092472,70945.0,1129,delivery/paper/repro_audit/longctx_table1_32_32_perf_20260605/replay_reports/table1_controls_32_32/run_20260605_153440_qwen2p57_e3cab0_qwen2p57_e78994/hit_miss_amat_summary.csv
qwen2p5_7b_instruct,4k,4k_qwen2p5_7b_instruct_cmqa_epoch_memory,fpga_h2o_plus_service_strict_miss_prefetch_v206,H2O + guarded prefetch,32.78,42.578,4.171401,71787.0,1309,delivery/paper/repro_audit/longctx_table1_32_32_perf_20260605/replay_reports/table1_controls_32_32/run_20260605_153440_qwen2p57_e3cab0_qwen2p57_e78994/hit_miss_amat_summary.csv
qwen2p5_7b_instruct,4k,4k_qwen2p5_7b_instruct_cmqa_budget_memory,fpga_h2o_plus_service_strict_miss_prefetch_v206,H2O + guarded prefetch,33.333,47.135,4.236405,72470.0,1454,delivery/paper/repro_audit/longctx_table1_32_32_perf_20260605/replay_reports/table1_controls_32_32/run_20260605_153440_qwen2p57_e3cab0_qwen2p57_e78994/hit_miss_amat_summary.csv
llama3p1_8b_instruct,8k,8k_llama3p1_8b_instruct_mdqa_cross_doc_role,baseline,Traditional cache,17.969,57.357,4.273087,127883.0,1830,delivery/paper/repro_audit/longctx_table1_32_32_perf_20260605/replay_reports/table1_controls_32_32/run_20260605_155052_llama3p1_606420_llama3p1_5673df/hit_miss_amat_summary.csv
llama3p1_8b_instruct,8k,8k_llama3p1_8b_instruct_mdqa_component_match,baseline,Traditional cache,20.801,57.715,4.273643,127948.0,1832,delivery/paper/repro_audit/longctx_table1_32_32_perf_20260605/replay_reports/table1_controls_32_32/run_20260605_155052_llama3p1_606420_llama3p1_5673df/hit_miss_amat_summary.csv
llama3p1_8b_instruct,8k,8k_llama3p1_8b_instruct_mdqa_two_hop_summary,baseline,Traditional cache,18.913,54.557,4.248044,127234.0,1730,delivery/paper/repro_audit/longctx_table1_32_32_perf_20260605/replay_reports/table1_controls_32_32/run_20260605_155052_llama3p1_606420_llama3p1_5673df/hit_miss_amat_summary.csv
llama3p1_8b_instruct,8k,8k_llama3p1_8b_instruct_mdqa_cross_doc_priority,baseline,Traditional cache,18.685,56.315,4.26486,127723.0,1795,delivery/paper/repro_audit/longctx_table1_32_32_perf_20260605/replay_reports/table1_controls_32_32/run_20260605_155052_llama3p1_606420_llama3p1_5673df/hit_miss_amat_summary.csv
llama3p1_8b_instruct,8k,8k_llama3p1_8b_instruct_mdqa_chain_descriptor_fields,baseline,Traditional cache,20.833,52.409,4.226029,126914.0,1647,delivery/paper/repro_audit/longctx_table1_32_32_perf_20260605/replay_reports/table1_controls_32_32/run_20260605_155052_llama3p1_606420_llama3p1_5673df/hit_miss_amat_summary.csv
llama3p1_8b_instruct,8k,8k_llama3p1_8b_instruct_mdqa_three_stage_lookup,baseline,Traditional cache,16.732,55.306,4.25386,127401.0,1754,delivery/paper/repro_audit/longctx_table1_32_32_perf_20260605/replay_reports/table1_controls_32_32/run_20260605_155052_llama3p1_606420_llama3p1_5673df/hit_miss_amat_summary.csv
llama3p1_8b_instruct,8k,8k_llama3p1_8b_instruct_mdqa_compression_guard,baseline,Traditional cache,20.866,54.232,4.242741,127131.0,1710,delivery/paper/repro_audit/longctx_table1_32_32_perf_20260605/replay_reports/table1_controls_32_32/run_20260605_155052_llama3p1_606420_llama3p1_5673df/hit_miss_amat_summary.csv
llama3p1_8b_instruct,8k,8k_llama3p1_8b_instruct_mdqa_query_cost_chain,baseline,Traditional cache,19.531,50.195,4.209345,126536.0,1581,delivery/paper/repro_audit/longctx_table1_32_32_perf_20260605/replay_reports/table1_controls_32_32/run_20260605_155052_llama3p1_606420_llama3p1_5673df/hit_miss_amat_summary.csv
llama3p1_8b_instruct,8k,8k_llama3p1_8b_instruct_mdqa_head_budget_allocation,baseline,Traditional cache,21.484,50.423,4.213977,126626.0,1598,delivery/paper/repro_audit/longctx_table1_32_32_perf_20260605/replay_reports/table1_controls_32_32/run_20260605_155052_llama3p1_606420_llama3p1_5673df/hit_miss_amat_summary.csv
llama3p1_8b_instruct,8k,8k_llama3p1_8b_instruct_mdqa_backend_admission_reason,baseline,Traditional cache,18.001,52.995,4.235237,127093.0,1681,delivery/paper/repro_audit/longctx_table1_32_32_perf_20260605/replay_reports/table1_controls_32_32/run_20260605_155052_llama3p1_606420_llama3p1_5673df/hit_miss_amat_summary.csv
llama3p1_8b_instruct,8k,8k_llama3p1_8b_instruct_lcqa_anchor_timeline,baseline,Traditional cache,17.708,51.139,4.21875,126665.0,1617,delivery/paper/repro_audit/longctx_table1_32_32_perf_20260605/replay_reports/table1_controls_32_32/run_20260605_155052_llama3p1_606420_llama3p1_5673df/hit_miss_amat_summary.csv
llama3p1_8b_instruct,8k,8k_llama3p1_8b_instruct_lcqa_revision_policy,baseline,Traditional cache,16.439,50.521,4.211831,126638.0,1590,delivery/paper/repro_audit/longctx_table1_32_32_perf_20260605/replay_reports/table1_controls_32_32/run_20260605_155052_llama3p1_606420_llama3p1_5673df/hit_miss_amat_summary.csv
llama3p1_8b_instruct,8k,8k_llama3p1_8b_instruct_lcqa_sparse_fact,baseline,Traditional cache,19.238,51.432,4.218969,126723.0,1619,delivery/paper/repro_audit/longctx_table1_32_32_perf_20260605/replay_reports/table1_controls_32_32/run_20260605_155052_llama3p1_606420_llama3p1_5673df/hit_miss_amat_summary.csv
llama3p1_8b_instruct,8k,8k_llama3p1_8b_instruct_lcqa_dual_anchor_incident,baseline,Traditional cache,22.168,50.098,4.210064,126711.0,1584,delivery/paper/repro_audit/longctx_table1_32_32_perf_20260605/replay_reports/table1_controls_32_32/run_20260605_155052_llama3p1_606420_llama3p1_5673df/hit_miss_amat_summary.csv
llama3p1_8b_instruct,8k,8k_llama3p1_8b_instruct_lcqa_backend_priority_rule,baseline,Traditional cache,15.885,48.047,4.188967,126140.0,1502,delivery/paper/repro_audit/longctx_table1_32_32_perf_20260605/replay_reports/table1_controls_32_32/run_20260605_155052_llama3p1_606420_llama3p1_5673df/hit_miss_amat_summary.csv
llama3p1_8b_instruct,8k,8k_llama3p1_8b_instruct_lcqa_epoch_window_recall,baseline,Traditional cache,17.546,54.329,4.24619,127198.0,1724,delivery/paper/repro_audit/longctx_table1_32_32_perf_20260605/replay_reports/table1_controls_32_32/run_20260605_155052_llama3p1_606420_llama3p1_5673df/hit_miss_amat_summary.csv
llama3p1_8b_instruct,8k,8k_llama3p1_8b_instruct_lcqa_dual_budget_rule,baseline,Traditional cache,20.964,50.814,4.216124,126614.0,1608,delivery/paper/repro_audit/longctx_table1_32_32_perf_20260605/replay_reports/table1_controls_32_32/run_20260605_155052_llama3p1_606420_llama3p1_5673df/hit_miss_amat_summary.csv
llama3p1_8b_instruct,8k,8k_llama3p1_8b_instruct_lcqa_query_relevance_note,baseline,Traditional cache,20.866,51.335,4.221079,126764.0,1627,delivery/paper/repro_audit/longctx_table1_32_32_perf_20260605/replay_reports/table1_controls_32_32/run_20260605_155052_llama3p1_606420_llama3p1_5673df/hit_miss_amat_summary.csv
llama3p1_8b_instruct,8k,8k_llama3p1_8b_instruct_lcqa_spill_cost_reason,baseline,Traditional cache,21.875,50.26,4.213051,126608.0,1596,delivery/paper/repro_audit/longctx_table1_32_32_perf_20260605/replay_reports/table1_controls_32_32/run_20260605_155052_llama3p1_606420_llama3p1_5673df/hit_miss_amat_summary.csv
llama3p1_8b_instruct,8k,8k_llama3p1_8b_instruct_lcqa_head_budget_rule,baseline,Traditional cache,21.354,51.79,4.226276,126865.0,1647,delivery/paper/repro_audit/longctx_table1_32_32_perf_20260605/replay_reports/table1_controls_32_32/run_20260605_155052_llama3p1_606420_llama3p1_5673df/hit_miss_amat_summary.csv
llama3p1_8b_instruct,8k,8k_llama3p1_8b_instruct_cmqa_early_name_recall,baseline,Traditional cache,20.638,47.526,4.192288,126151.0,1515,delivery/paper/repro_audit/longctx_table1_32_32_perf_20260605/replay_reports/table1_controls_32_32/run_20260605_155052_llama3p1_606420_llama3p1_5673df/hit_miss_amat_summary.csv
llama3p1_8b_instruct,8k,8k_llama3p1_8b_instruct_cmqa_policy_recall,baseline,Traditional cache,22.038,49.414,4.205864,126522.0,1567,delivery/paper/repro_audit/longctx_table1_32_32_perf_20260605/replay_reports/table1_controls_32_32/run_20260605_155052_llama3p1_606420_llama3p1_5673df/hit_miss_amat_summary.csv
llama3p1_8b_instruct,8k,8k_llama3p1_8b_instruct_cmqa_anchor_reasoning,baseline,Traditional cache,26.042,46.191,4.177426,126076.0,1458,delivery/paper/repro_audit/longctx_table1_32_32_perf_20260605/replay_reports/table1_controls_32_32/run_20260605_155052_llama3p1_606420_llama3p1_5673df/hit_miss_amat_summary.csv
llama3p1_8b_instruct,8k,8k_llama3p1_8b_instruct_cmqa_backend_recall,baseline,Traditional cache,22.363,45.768,4.174372,125803.0,1445,delivery/paper/repro_audit/longctx_table1_32_32_perf_20260605/replay_reports/table1_controls_32_32/run_20260605_155052_llama3p1_606420_llama3p1_5673df/hit_miss_amat_summary.csv
llama3p1_8b_instruct,8k,8k_llama3p1_8b_instruct_cmqa_field_recall,baseline,Traditional cache,19.401,49.479,4.20485,126395.0,1563,delivery/paper/repro_audit/longctx_table1_32_32_perf_20260605/replay_reports/table1_controls_32_32/run_20260605_155052_llama3p1_606420_llama3p1_5673df/hit_miss_amat_summary.csv
llama3p1_8b_instruct,8k,8k_llama3p1_8b_instruct_cmqa_epoch_memory,baseline,Traditional cache,19.531,49.902,4.208419,126518.0,1579,delivery/paper/repro_audit/longctx_table1_32_32_perf_20260605/replay_reports/table1_controls_32_32/run_20260605_155052_llama3p1_606420_llama3p1_5673df/hit_miss_amat_summary.csv
llama3p1_8b_instruct,8k,8k_llama3p1_8b_instruct_cmqa_budget_memory,baseline,Traditional cache,21.322,45.475,4.169257,125757.0,1426,delivery/paper/repro_audit/longctx_table1_32_32_perf_20260605/replay_reports/table1_controls_32_32/run_20260605_155052_llama3p1_606420_llama3p1_5673df/hit_miss_amat_summary.csv
llama3p1_8b_instruct,8k,8k_llama3p1_8b_instruct_mdqa_cross_doc_role,fpga_true_h2o_pure,Pure H2O,17.741,60.71,4.294838,128306.0,1915,delivery/paper/repro_audit/longctx_table1_32_32_perf_20260605/replay_reports/table1_controls_32_32/run_20260605_155052_llama3p1_606420_llama3p1_5673df/hit_miss_amat_summary.csv
llama3p1_8b_instruct,8k,8k_llama3p1_8b_instruct_mdqa_component_match,fpga_true_h2o_pure,Pure H2O,20.573,58.301,4.273849,127952.0,1834,delivery/paper/repro_audit/longctx_table1_32_32_perf_20260605/replay_reports/table1_controls_32_32/run_20260605_155052_llama3p1_606420_llama3p1_5673df/hit_miss_amat_summary.csv
llama3p1_8b_instruct,8k,8k_llama3p1_8b_instruct_mdqa_two_hop_summary,fpga_true_h2o_pure,Pure H2O,18.424,58.398,4.273322,127725.0,1830,delivery/paper/repro_audit/longctx_table1_32_32_perf_20260605/replay_reports/table1_controls_32_32/run_20260605_155052_llama3p1_606420_llama3p1_5673df/hit_miss_amat_summary.csv
llama3p1_8b_instruct,8k,8k_llama3p1_8b_instruct_mdqa_cross_doc_priority,fpga_true_h2o_pure,Pure H2O,18.685,56.315,4.256325,127557.0,1765,delivery/paper/repro_audit/longctx_table1_32_32_perf_20260605/replay_reports/table1_controls_32_32/run_20260605_155052_llama3p1_606420_llama3p1_5673df/hit_miss_amat_summary.csv
llama3p1_8b_instruct,8k,8k_llama3p1_8b_instruct_mdqa_chain_descriptor_fields,fpga_true_h2o_pure,Pure H2O,20.866,52.897,4.227058,126934.0,1651,delivery/paper/repro_audit/longctx_table1_32_32_perf_20260605/replay_reports/table1_controls_32_32/run_20260605_155052_llama3p1_606420_llama3p1_5673df/hit_miss_amat_summary.csv
llama3p1_8b_instruct,8k,8k_llama3p1_8b_instruct_mdqa_three_stage_lookup,fpga_true_h2o_pure,Pure H2O,16.602,54.232,4.241663,127164.0,1707,delivery/paper/repro_audit/longctx_table1_32_32_perf_20260605/replay_reports/table1_controls_32_32/run_20260605_155052_llama3p1_606420_llama3p1_5673df/hit_miss_amat_summary.csv
llama3p1_8b_instruct,8k,8k_llama3p1_8b_instruct_mdqa_compression_guard,fpga_true_h2o_pure,Pure H2O,20.996,57.422,4.263643,127537.0,1792,delivery/paper/repro_audit/longctx_table1_32_32_perf_20260605/replay_reports/table1_controls_32_32/run_20260605_155052_llama3p1_606420_llama3p1_5673df/hit_miss_amat_summary.csv
llama3p1_8b_instruct,8k,8k_llama3p1_8b_instruct_mdqa_query_cost_chain,fpga_true_h2o_pure,Pure H2O,19.368,54.525,4.238884,127110.0,1696,delivery/paper/repro_audit/longctx_table1_32_32_perf_20260605/replay_reports/table1_controls_32_32/run_20260605_155052_llama3p1_606420_llama3p1_5673df/hit_miss_amat_summary.csv
llama3p1_8b_instruct,8k,8k_llama3p1_8b_instruct_mdqa_head_budget_allocation,fpga_true_h2o_pure,Pure H2O,21.549,53.581,4.234562,127026.0,1680,delivery/paper/repro_audit/longctx_table1_32_32_perf_20260605/replay_reports/table1_controls_32_32/run_20260605_155052_llama3p1_606420_llama3p1_5673df/hit_miss_amat_summary.csv
llama3p1_8b_instruct,8k,8k_llama3p1_8b_instruct_mdqa_backend_admission_reason,fpga_true_h2o_pure,Pure H2O,17.904,58.203,4.273405,127835.0,1832,delivery/paper/repro_audit/longctx_table1_32_32_perf_20260605/replay_reports/table1_controls_32_32/run_20260605_155052_llama3p1_606420_llama3p1_5673df/hit_miss_amat_summary.csv
llama3p1_8b_instruct,8k,8k_llama3p1_8b_instruct_lcqa_anchor_timeline,fpga_true_h2o_pure,Pure H2O,17.741,56.217,4.25834,127434.0,1772,delivery/paper/repro_audit/longctx_table1_32_32_perf_20260605/replay_reports/table1_controls_32_32/run_20260605_155052_llama3p1_606420_llama3p1_5673df/hit_miss_amat_summary.csv
llama3p1_8b_instruct,8k,8k_llama3p1_8b_instruct_lcqa_revision_policy,fpga_true_h2o_pure,Pure H2O,16.374,60.417,4.286471,128089.0,1882,delivery/paper/repro_audit/longctx_table1_32_32_perf_20260605/replay_reports/table1_controls_32_32/run_20260605_155052_llama3p1_606420_llama3p1_5673df/hit_miss_amat_summary.csv
llama3p1_8b_instruct,8k,8k_llama3p1_8b_instruct_lcqa_sparse_fact,fpga_true_h2o_pure,Pure H2O,19.303,60.482,4.289574,128095.0,1893,delivery/paper/repro_audit/longctx_table1_32_32_perf_20260605/replay_reports/table1_controls_32_32/run_20260605_155052_llama3p1_606420_llama3p1_5673df/hit_miss_amat_summary.csv
llama3p1_8b_instruct,8k,8k_llama3p1_8b_instruct_lcqa_dual_anchor_incident,fpga_true_h2o_pure,Pure H2O,21.94,50.195,4.205232,126617.0,1567,delivery/paper/repro_audit/longctx_table1_32_32_perf_20260605/replay_reports/table1_controls_32_32/run_20260605_155052_llama3p1_606420_llama3p1_5673df/hit_miss_amat_summary.csv
llama3p1_8b_instruct,8k,8k_llama3p1_8b_instruct_lcqa_backend_priority_rule,fpga_true_h2o_pure,Pure H2O,15.885,54.297,4.238678,127106.0,1696,delivery/paper/repro_audit/longctx_table1_32_32_perf_20260605/replay_reports/table1_controls_32_32/run_20260605_155052_llama3p1_606420_llama3p1_5673df/hit_miss_amat_summary.csv
llama3p1_8b_instruct,8k,8k_llama3p1_8b_instruct_lcqa_epoch_window_recall,fpga_true_h2o_pure,Pure H2O,17.611,56.901,4.263488,127534.0,1792,delivery/paper/repro_audit/longctx_table1_32_32_perf_20260605/replay_reports/table1_controls_32_32/run_20260605_155052_llama3p1_606420_llama3p1_5673df/hit_miss_amat_summary.csv
llama3p1_8b_instruct,8k,8k_llama3p1_8b_instruct_lcqa_dual_budget_rule,fpga_true_h2o_pure,Pure H2O,20.931,58.268,4.274248,127743.0,1834,delivery/paper/repro_audit/longctx_table1_32_32_perf_20260605/replay_reports/table1_controls_32_32/run_20260605_155052_llama3p1_606420_llama3p1_5673df/hit_miss_amat_summary.csv
llama3p1_8b_instruct,8k,8k_llama3p1_8b_instruct_lcqa_query_relevance_note,fpga_true_h2o_pure,Pure H2O,21.029,52.409,4.226276,126865.0,1648,delivery/paper/repro_audit/longctx_table1_32_32_perf_20260605/replay_reports/table1_controls_32_32/run_20260605_155052_llama3p1_606420_llama3p1_5673df/hit_miss_amat_summary.csv
llama3p1_8b_instruct,8k,8k_llama3p1_8b_instruct_lcqa_spill_cost_reason,fpga_true_h2o_pure,Pure H2O,21.94,58.626,4.277995,127870.0,1849,delivery/paper/repro_audit/longctx_table1_32_32_perf_20260605/replay_reports/table1_controls_32_32/run_20260605_155052_llama3p1_606420_llama3p1_5673df/hit_miss_amat_summary.csv
llama3p1_8b_instruct,8k,8k_llama3p1_8b_instruct_lcqa_head_budget_rule,fpga_true_h2o_pure,Pure H2O,21.419,50.911,4.218763,126719.0,1619,delivery/paper/repro_audit/longctx_table1_32_32_perf_20260605/replay_reports/table1_controls_32_32/run_20260605_155052_llama3p1_606420_llama3p1_5673df/hit_miss_amat_summary.csv
llama3p1_8b_instruct,8k,8k_llama3p1_8b_instruct_cmqa_early_name_recall,fpga_true_h2o_pure,Pure H2O,20.475,57.65,4.272292,127705.0,1826,delivery/paper/repro_audit/longctx_table1_32_32_perf_20260605/replay_reports/table1_controls_32_32/run_20260605_155052_llama3p1_606420_llama3p1_5673df/hit_miss_amat_summary.csv
llama3p1_8b_instruct,8k,8k_llama3p1_8b_instruct_cmqa_policy_recall,fpga_true_h2o_pure,Pure H2O,22.135,47.917,4.192027,126253.0,1515,delivery/paper/repro_audit/longctx_table1_32_32_perf_20260605/replay_reports/table1_controls_32_32/run_20260605_155052_llama3p1_606420_llama3p1_5673df/hit_miss_amat_summary.csv
llama3p1_8b_instruct,8k,8k_llama3p1_8b_instruct_cmqa_anchor_reasoning,fpga_true_h2o_pure,Pure H2O,25.684,50.488,4.208522,126681.0,1579,delivery/paper/repro_audit/longctx_table1_32_32_perf_20260605/replay_reports/table1_controls_32_32/run_20260605_155052_llama3p1_606420_llama3p1_5673df/hit_miss_amat_summary.csv
llama3p1_8b_instruct,8k,8k_llama3p1_8b_instruct_cmqa_backend_recall,fpga_true_h2o_pure,Pure H2O,22.331,53.874,4.235688,126994.0,1684,delivery/paper/repro_audit/longctx_table1_32_32_perf_20260605/replay_reports/table1_controls_32_32/run_20260605_155052_llama3p1_606420_llama3p1_5673df/hit_miss_amat_summary.csv
llama3p1_8b_instruct,8k,8k_llama3p1_8b_instruct_cmqa_field_recall,fpga_true_h2o_pure,Pure H2O,19.401,54.688,4.244234,127160.0,1717,delivery/paper/repro_audit/longctx_table1_32_32_perf_20260605/replay_reports/table1_controls_32_32/run_20260605_155052_llama3p1_606420_llama3p1_5673df/hit_miss_amat_summary.csv
llama3p1_8b_instruct,8k,8k_llama3p1_8b_instruct_cmqa_epoch_memory,fpga_true_h2o_pure,Pure H2O,19.564,50.456,4.209397,126537.0,1582,delivery/paper/repro_audit/longctx_table1_32_32_perf_20260605/replay_reports/table1_controls_32_32/run_20260605_155052_llama3p1_606420_llama3p1_5673df/hit_miss_amat_summary.csv
llama3p1_8b_instruct,8k,8k_llama3p1_8b_instruct_cmqa_budget_memory,fpga_true_h2o_pure,Pure H2O,21.354,44.661,4.161744,125611.0,1397,delivery/paper/repro_audit/longctx_table1_32_32_perf_20260605/replay_reports/table1_controls_32_32/run_20260605_155052_llama3p1_606420_llama3p1_5673df/hit_miss_amat_summary.csv
llama3p1_8b_instruct,8k,8k_llama3p1_8b_instruct_mdqa_cross_doc_role,fpga_h2o_plus_service_clean_victim_cache16_v245,H2O + victim cache,17.806,42.025,4.095177,124423.0,1291,delivery/paper/repro_audit/longctx_table1_32_32_perf_20260605/replay_reports/table1_controls_32_32/run_20260605_155052_llama3p1_606420_llama3p1_5673df/hit_miss_amat_summary.csv
llama3p1_8b_instruct,8k,8k_llama3p1_8b_instruct_mdqa_component_match,fpga_h2o_plus_service_clean_victim_cache16_v245,H2O + victim cache,20.768,42.513,4.098993,124550.0,1306,delivery/paper/repro_audit/longctx_table1_32_32_perf_20260605/replay_reports/table1_controls_32_32/run_20260605_155052_llama3p1_606420_llama3p1_5673df/hit_miss_amat_summary.csv
llama3p1_8b_instruct,8k,8k_llama3p1_8b_instruct_mdqa_two_hop_summary,fpga_h2o_plus_service_clean_victim_cache16_v245,H2O + victim cache,18.717,37.826,4.061985,123620.0,1162,delivery/paper/repro_audit/longctx_table1_32_32_perf_20260605/replay_reports/table1_controls_32_32/run_20260605_155052_llama3p1_606420_llama3p1_5673df/hit_miss_amat_summary.csv
llama3p1_8b_instruct,8k,8k_llama3p1_8b_instruct_mdqa_cross_doc_priority,fpga_h2o_plus_service_clean_victim_cache16_v245,H2O + victim cache,19.043,39.974,4.078826,124105.0,1228,delivery/paper/repro_audit/longctx_table1_32_32_perf_20260605/replay_reports/table1_controls_32_32/run_20260605_155052_llama3p1_606420_llama3p1_5673df/hit_miss_amat_summary.csv
llama3p1_8b_instruct,8k,8k_llama3p1_8b_instruct_mdqa_chain_descriptor_fields,fpga_h2o_plus_service_clean_victim_cache16_v245,H2O + victim cache,21.126,36.589,4.052058,123532.0,1124,delivery/paper/repro_audit/longctx_table1_32_32_perf_20260605/replay_reports/table1_controls_32_32/run_20260605_155052_llama3p1_606420_llama3p1_5673df/hit_miss_amat_summary.csv
llama3p1_8b_instruct,8k,8k_llama3p1_8b_instruct_mdqa_three_stage_lookup,fpga_h2o_plus_service_clean_victim_cache16_v245,H2O + victim cache,17.643,38.411,4.066591,123762.0,1180,delivery/paper/repro_audit/longctx_table1_32_32_perf_20260605/replay_reports/table1_controls_32_32/run_20260605_155052_llama3p1_606420_llama3p1_5673df/hit_miss_amat_summary.csv
llama3p1_8b_instruct,8k,8k_llama3p1_8b_instruct_mdqa_compression_guard,fpga_h2o_plus_service_clean_victim_cache16_v245,H2O + victim cache,21.908,37.891,4.062449,123629.0,1164,delivery/paper/repro_audit/longctx_table1_32_32_perf_20260605/replay_reports/table1_controls_32_32/run_20260605_155052_llama3p1_606420_llama3p1_5673df/hit_miss_amat_summary.csv
llama3p1_8b_instruct,8k,8k_llama3p1_8b_instruct_mdqa_query_cost_chain,fpga_h2o_plus_service_clean_victim_cache16_v245,H2O + victim cache,19.629,32.227,4.017651,122811.0,990,delivery/paper/repro_audit/longctx_table1_32_32_perf_20260605/replay_reports/table1_controls_32_32/run_20260605_155052_llama3p1_606420_llama3p1_5673df/hit_miss_amat_summary.csv
llama3p1_8b_instruct,8k,8k_llama3p1_8b_instruct_mdqa_head_budget_allocation,fpga_h2o_plus_service_clean_victim_cache16_v245,H2O + victim cache,21.224,35.742,4.045441,123351.0,1098,delivery/paper/repro_audit/longctx_table1_32_32_perf_20260605/replay_reports/table1_controls_32_32/run_20260605_155052_llama3p1_606420_llama3p1_5673df/hit_miss_amat_summary.csv
llama3p1_8b_instruct,8k,8k_llama3p1_8b_instruct_mdqa_backend_admission_reason,fpga_h2o_plus_service_clean_victim_cache16_v245,H2O + victim cache,17.936,35.514,4.043673,123369.0,1091,delivery/paper/repro_audit/longctx_table1_32_32_perf_20260605/replay_reports/table1_controls_32_32/run_20260605_155052_llama3p1_606420_llama3p1_5673df/hit_miss_amat_summary.csv
llama3p1_8b_instruct,8k,8k_llama3p1_8b_instruct_lcqa_anchor_timeline,fpga_h2o_plus_service_clean_victim_cache16_v245,H2O + victim cache,18.262,35.742,4.045562,123301.0,1098,delivery/paper/repro_audit/longctx_table1_32_32_perf_20260605/replay_reports/table1_controls_32_32/run_20260605_155052_llama3p1_606420_llama3p1_5673df/hit_miss_amat_summary.csv
llama3p1_8b_instruct,8k,8k_llama3p1_8b_instruct_lcqa_revision_policy,fpga_h2o_plus_service_clean_victim_cache16_v245,H2O + victim cache,16.536,38.802,4.069547,123872.0,1192,delivery/paper/repro_audit/longctx_table1_32_32_perf_20260605/replay_reports/table1_controls_32_32/run_20260605_155052_llama3p1_606420_llama3p1_5673df/hit_miss_amat_summary.csv
llama3p1_8b_instruct,8k,8k_llama3p1_8b_instruct_lcqa_sparse_fact,fpga_h2o_plus_service_clean_victim_cache16_v245,H2O + victim cache,19.792,36.719,4.053263,123503.0,1128,delivery/paper/repro_audit/longctx_table1_32_32_perf_20260605/replay_reports/table1_controls_32_32/run_20260605_155052_llama3p1_606420_llama3p1_5673df/hit_miss_amat_summary.csv
llama3p1_8b_instruct,8k,8k_llama3p1_8b_instruct_lcqa_dual_anchor_incident,fpga_h2o_plus_service_clean_victim_cache16_v245,H2O + victim cache,21.908,35.482,4.043329,123467.0,1090,delivery/paper/repro_audit/longctx_table1_32_32_perf_20260605/replay_reports/table1_controls_32_32/run_20260605_155052_llama3p1_606420_llama3p1_5673df/hit_miss_amat_summary.csv
llama3p1_8b_instruct,8k,8k_llama3p1_8b_instruct_lcqa_backend_priority_rule,fpga_h2o_plus_service_clean_victim_cache16_v245,H2O + victim cache,16.634,32.454,4.019555,122848.0,997,delivery/paper/repro_audit/longctx_table1_32_32_perf_20260605/replay_reports/table1_controls_32_32/run_20260605_155052_llama3p1_606420_llama3p1_5673df/hit_miss_amat_summary.csv
llama3p1_8b_instruct,8k,8k_llama3p1_8b_instruct_lcqa_epoch_window_recall,fpga_h2o_plus_service_clean_victim_cache16_v245,H2O + victim cache,17.936,37.37,4.05833,123549.0,1148,delivery/paper/repro_audit/longctx_table1_32_32_perf_20260605/replay_reports/table1_controls_32_32/run_20260605_155052_llama3p1_606420_llama3p1_5673df/hit_miss_amat_summary.csv
llama3p1_8b_instruct,8k,8k_llama3p1_8b_instruct_lcqa_dual_budget_rule,fpga_h2o_plus_service_clean_victim_cache16_v245,H2O + victim cache,20.964,34.18,4.033258,123062.0,1050,delivery/paper/repro_audit/longctx_table1_32_32_perf_20260605/replay_reports/table1_controls_32_32/run_20260605_155052_llama3p1_606420_llama3p1_5673df/hit_miss_amat_summary.csv
llama3p1_8b_instruct,8k,8k_llama3p1_8b_instruct_lcqa_query_relevance_note,fpga_h2o_plus_service_clean_victim_cache16_v245,H2O + victim cache,20.866,33.203,4.025473,122963.0,1020,delivery/paper/repro_audit/longctx_table1_32_32_perf_20260605/replay_reports/table1_controls_32_32/run_20260605_155052_llama3p1_606420_llama3p1_5673df/hit_miss_amat_summary.csv
llama3p1_8b_instruct,8k,8k_llama3p1_8b_instruct_lcqa_spill_cost_reason,fpga_h2o_plus_service_clean_victim_cache16_v245,H2O + victim cache,21.81,37.402,4.058615,123607.0,1149,delivery/paper/repro_audit/longctx_table1_32_32_perf_20260605/replay_reports/table1_controls_32_32/run_20260605_155052_llama3p1_606420_llama3p1_5673df/hit_miss_amat_summary.csv
llama3p1_8b_instruct,8k,8k_llama3p1_8b_instruct_lcqa_head_budget_rule,fpga_h2o_plus_service_clean_victim_cache16_v245,H2O + victim cache,21.419,33.952,4.031392,123078.0,1043,delivery/paper/repro_audit/longctx_table1_32_32_perf_20260605/replay_reports/table1_controls_32_32/run_20260605_155052_llama3p1_606420_llama3p1_5673df/hit_miss_amat_summary.csv
llama3p1_8b_instruct,8k,8k_llama3p1_8b_instruct_cmqa_early_name_recall,fpga_h2o_plus_service_clean_victim_cache16_v245,H2O + victim cache,20.605,33.659,4.028985,122979.0,1034,delivery/paper/repro_audit/longctx_table1_32_32_perf_20260605/replay_reports/table1_controls_32_32/run_20260605_155052_llama3p1_606420_llama3p1_5673df/hit_miss_amat_summary.csv
llama3p1_8b_instruct,8k,8k_llama3p1_8b_instruct_cmqa_policy_recall,fpga_h2o_plus_service_clean_victim_cache16_v245,H2O + victim cache,22.461,35.124,4.040586,123309.0,1079,delivery/paper/repro_audit/longctx_table1_32_32_perf_20260605/replay_reports/table1_controls_32_32/run_20260605_155052_llama3p1_606420_llama3p1_5673df/hit_miss_amat_summary.csv
llama3p1_8b_instruct,8k,8k_llama3p1_8b_instruct_cmqa_anchor_reasoning,fpga_h2o_plus_service_clean_victim_cache16_v245,H2O + victim cache,25.716,31.771,4.014134,122899.0,976,delivery/paper/repro_audit/longctx_table1_32_32_perf_20260605/replay_reports/table1_controls_32_32/run_20260605_155052_llama3p1_606420_llama3p1_5673df/hit_miss_amat_summary.csv
llama3p1_8b_instruct,8k,8k_llama3p1_8b_instruct_cmqa_backend_recall,fpga_h2o_plus_service_clean_victim_cache16_v245,H2O + victim cache,22.363,35.612,4.044378,123278.0,1094,delivery/paper/repro_audit/longctx_table1_32_32_perf_20260605/replay_reports/table1_controls_32_32/run_20260605_155052_llama3p1_606420_llama3p1_5673df/hit_miss_amat_summary.csv
llama3p1_8b_instruct,8k,8k_llama3p1_8b_instruct_cmqa_field_recall,fpga_h2o_plus_service_clean_victim_cache16_v245,H2O + victim cache,19.596,38.281,4.06564,123691.0,1176,delivery/paper/repro_audit/longctx_table1_32_32_perf_20260605/replay_reports/table1_controls_32_32/run_20260605_155052_llama3p1_606420_llama3p1_5673df/hit_miss_amat_summary.csv
llama3p1_8b_instruct,8k,8k_llama3p1_8b_instruct_cmqa_epoch_memory,fpga_h2o_plus_service_clean_victim_cache16_v245,H2O + victim cache,19.661,32.552,4.020327,122863.0,1000,delivery/paper/repro_audit/longctx_table1_32_32_perf_20260605/replay_reports/table1_controls_32_32/run_20260605_155052_llama3p1_606420_llama3p1_5673df/hit_miss_amat_summary.csv
llama3p1_8b_instruct,8k,8k_llama3p1_8b_instruct_cmqa_budget_memory,fpga_h2o_plus_service_clean_victim_cache16_v245,H2O + victim cache,21.387,30.143,4.001544,122498.0,926,delivery/paper/repro_audit/longctx_table1_32_32_perf_20260605/replay_reports/table1_controls_32_32/run_20260605_155052_llama3p1_606420_llama3p1_5673df/hit_miss_amat_summary.csv
llama3p1_8b_instruct,8k,8k_llama3p1_8b_instruct_mdqa_cross_doc_role,fpga_h2o_plus_service_strict_miss_prefetch_v206,H2O + guarded prefetch,17.806,59.44,4.233597,127115.0,1828,delivery/paper/repro_audit/longctx_table1_32_32_perf_20260605/replay_reports/table1_controls_32_32/run_20260605_155052_llama3p1_606420_llama3p1_5673df/hit_miss_amat_summary.csv
llama3p1_8b_instruct,8k,8k_llama3p1_8b_instruct_mdqa_component_match,fpga_h2o_plus_service_strict_miss_prefetch_v206,H2O + guarded prefetch,20.768,56.901,4.212634,126761.0,1748,delivery/paper/repro_audit/longctx_table1_32_32_perf_20260605/replay_reports/table1_controls_32_32/run_20260605_155052_llama3p1_606420_llama3p1_5673df/hit_miss_amat_summary.csv
llama3p1_8b_instruct,8k,8k_llama3p1_8b_instruct_mdqa_two_hop_summary,fpga_h2o_plus_service_strict_miss_prefetch_v206,H2O + guarded prefetch,18.717,54.85,4.198002,126262.0,1689,delivery/paper/repro_audit/longctx_table1_32_32_perf_20260605/replay_reports/table1_controls_32_32/run_20260605_155052_llama3p1_606420_llama3p1_5673df/hit_miss_amat_summary.csv
llama3p1_8b_instruct,8k,8k_llama3p1_8b_instruct_mdqa_cross_doc_priority,fpga_h2o_plus_service_strict_miss_prefetch_v206,H2O + guarded prefetch,19.043,54.688,4.196473,126393.0,1684,delivery/paper/repro_audit/longctx_table1_32_32_perf_20260605/replay_reports/table1_controls_32_32/run_20260605_155052_llama3p1_606420_llama3p1_5673df/hit_miss_amat_summary.csv
llama3p1_8b_instruct,8k,8k_llama3p1_8b_instruct_mdqa_chain_descriptor_fields,fpga_h2o_plus_service_strict_miss_prefetch_v206,H2O + guarded prefetch,21.126,54.036,4.190689,126227.0,1662,delivery/paper/repro_audit/longctx_table1_32_32_perf_20260605/replay_reports/table1_controls_32_32/run_20260605_155052_llama3p1_606420_llama3p1_5673df/hit_miss_amat_summary.csv
llama3p1_8b_instruct,8k,8k_llama3p1_8b_instruct_mdqa_three_stage_lookup,fpga_h2o_plus_service_strict_miss_prefetch_v206,H2O + guarded prefetch,17.643,54.525,4.19576,126272.0,1681,delivery/paper/repro_audit/longctx_table1_32_32_perf_20260605/replay_reports/table1_controls_32_32/run_20260605_155052_llama3p1_606420_llama3p1_5673df/hit_miss_amat_summary.csv
llama3p1_8b_instruct,8k,8k_llama3p1_8b_instruct_mdqa_compression_guard,fpga_h2o_plus_service_strict_miss_prefetch_v206,H2O + guarded prefetch,21.908,63.411,4.264981,127563.0,1949,delivery/paper/repro_audit/longctx_table1_32_32_perf_20260605/replay_reports/table1_controls_32_32/run_20260605_155052_llama3p1_606420_llama3p1_5673df/hit_miss_amat_summary.csv
llama3p1_8b_instruct,8k,8k_llama3p1_8b_instruct_mdqa_query_cost_chain,fpga_h2o_plus_service_strict_miss_prefetch_v206,H2O + guarded prefetch,19.629,52.832,4.18135,125992.0,1625,delivery/paper/repro_audit/longctx_table1_32_32_perf_20260605/replay_reports/table1_controls_32_32/run_20260605_155052_llama3p1_606420_llama3p1_5673df/hit_miss_amat_summary.csv
llama3p1_8b_instruct,8k,8k_llama3p1_8b_instruct_mdqa_head_budget_allocation,fpga_h2o_plus_service_strict_miss_prefetch_v206,H2O + guarded prefetch,21.224,51.758,4.173065,125831.0,1592,delivery/paper/repro_audit/longctx_table1_32_32_perf_20260605/replay_reports/table1_controls_32_32/run_20260605_155052_llama3p1_606420_llama3p1_5673df/hit_miss_amat_summary.csv
llama3p1_8b_instruct,8k,8k_llama3p1_8b_instruct_mdqa_backend_admission_reason,fpga_h2o_plus_service_strict_miss_prefetch_v206,H2O + guarded prefetch,17.936,59.18,4.231379,127018.0,1820,delivery/paper/repro_audit/longctx_table1_32_32_perf_20260605/replay_reports/table1_controls_32_32/run_20260605_155052_llama3p1_606420_llama3p1_5673df/hit_miss_amat_summary.csv
llama3p1_8b_instruct,8k,8k_llama3p1_8b_instruct_lcqa_anchor_timeline,fpga_h2o_plus_service_strict_miss_prefetch_v206,H2O + guarded prefetch,18.262,53.776,4.189714,126101.0,1657,delivery/paper/repro_audit/longctx_table1_32_32_perf_20260605/replay_reports/table1_controls_32_32/run_20260605_155052_llama3p1_606420_llama3p1_5673df/hit_miss_amat_summary.csv
llama3p1_8b_instruct,8k,8k_llama3p1_8b_instruct_lcqa_revision_policy,fpga_h2o_plus_service_strict_miss_prefetch_v206,H2O + guarded prefetch,16.536,58.105,4.226852,126930.0,1800,delivery/paper/repro_audit/longctx_table1_32_32_perf_20260605/replay_reports/table1_controls_32_32/run_20260605_155052_llama3p1_606420_llama3p1_5673df/hit_miss_amat_summary.csv
llama3p1_8b_instruct,8k,8k_llama3p1_8b_instruct_lcqa_sparse_fact,fpga_h2o_plus_service_strict_miss_prefetch_v206,H2O + guarded prefetch,19.792,60.482,4.2412,127155.0,1858,delivery/paper/repro_audit/longctx_table1_32_32_perf_20260605/replay_reports/table1_controls_32_32/run_20260605_155052_llama3p1_606420_llama3p1_5673df/hit_miss_amat_summary.csv
llama3p1_8b_instruct,8k,8k_llama3p1_8b_instruct_lcqa_dual_anchor_incident,fpga_h2o_plus_service_strict_miss_prefetch_v206,H2O + guarded prefetch,21.908,50.228,4.162315,125782.0,1550,delivery/paper/repro_audit/longctx_table1_32_32_perf_20260605/replay_reports/table1_controls_32_32/run_20260605_155052_llama3p1_606420_llama3p1_5673df/hit_miss_amat_summary.csv
llama3p1_8b_instruct,8k,8k_llama3p1_8b_instruct_lcqa_backend_priority_rule,fpga_h2o_plus_service_strict_miss_prefetch_v206,H2O + guarded prefetch,16.634,54.46,4.195914,126275.0,1679,delivery/paper/repro_audit/longctx_table1_32_32_perf_20260605/replay_reports/table1_controls_32_32/run_20260605_155052_llama3p1_606420_llama3p1_5673df/hit_miss_amat_summary.csv
llama3p1_8b_instruct,8k,8k_llama3p1_8b_instruct_lcqa_epoch_window_recall,fpga_h2o_plus_service_strict_miss_prefetch_v206,H2O + guarded prefetch,17.936,57.682,4.219728,126684.0,1774,delivery/paper/repro_audit/longctx_table1_32_32_perf_20260605/replay_reports/table1_controls_32_32/run_20260605_155052_llama3p1_606420_llama3p1_5673df/hit_miss_amat_summary.csv
llama3p1_8b_instruct,8k,8k_llama3p1_8b_instruct_lcqa_dual_budget_rule,fpga_h2o_plus_service_strict_miss_prefetch_v206,H2O + guarded prefetch,20.964,55.859,4.206034,126418.0,1721,delivery/paper/repro_audit/longctx_table1_32_32_perf_20260605/replay_reports/table1_controls_32_32/run_20260605_155052_llama3p1_606420_llama3p1_5673df/hit_miss_amat_summary.csv
llama3p1_8b_instruct,8k,8k_llama3p1_8b_instruct_lcqa_query_relevance_note,fpga_h2o_plus_service_strict_miss_prefetch_v206,H2O + guarded prefetch,20.866,52.897,4.181814,126001.0,1627,delivery/paper/repro_audit/longctx_table1_32_32_perf_20260605/replay_reports/table1_controls_32_32/run_20260605_155052_llama3p1_606420_llama3p1_5673df/hit_miss_amat_summary.csv
llama3p1_8b_instruct,8k,8k_llama3p1_8b_instruct_lcqa_spill_cost_reason,fpga_h2o_plus_service_strict_miss_prefetch_v206,H2O + guarded prefetch,21.81,57.812,4.220307,126749.0,1776,delivery/paper/repro_audit/longctx_table1_32_32_perf_20260605/replay_reports/table1_controls_32_32/run_20260605_155052_llama3p1_606420_llama3p1_5673df/hit_miss_amat_summary.csv
llama3p1_8b_instruct,8k,8k_llama3p1_8b_instruct_lcqa_head_budget_rule,fpga_h2o_plus_service_strict_miss_prefetch_v206,H2O + guarded prefetch,21.419,52.051,4.175124,125871.0,1601,delivery/paper/repro_audit/longctx_table1_32_32_perf_20260605/replay_reports/table1_controls_32_32/run_20260605_155052_llama3p1_606420_llama3p1_5673df/hit_miss_amat_summary.csv
llama3p1_8b_instruct,8k,8k_llama3p1_8b_instruct_cmqa_early_name_recall,fpga_h2o_plus_service_strict_miss_prefetch_v206,H2O + guarded prefetch,20.605,56.283,4.209843,126492.0,1735,delivery/paper/repro_audit/longctx_table1_32_32_perf_20260605/replay_reports/table1_controls_32_32/run_20260605_155052_llama3p1_606420_llama3p1_5673df/hit_miss_amat_summary.csv
llama3p1_8b_instruct,8k,8k_llama3p1_8b_instruct_cmqa_policy_recall,fpga_h2o_plus_service_strict_miss_prefetch_v206,H2O + guarded prefetch,22.201,52.344,4.18035,126026.0,1620,delivery/paper/repro_audit/longctx_table1_32_32_perf_20260605/replay_reports/table1_controls_32_32/run_20260605_155052_llama3p1_606420_llama3p1_5673df/hit_miss_amat_summary.csv
llama3p1_8b_instruct,8k,8k_llama3p1_8b_instruct_cmqa_anchor_reasoning,fpga_h2o_plus_service_strict_miss_prefetch_v206,H2O + guarded prefetch,25.716,49.447,4.153988,125620.0,1519,delivery/paper/repro_audit/longctx_table1_32_32_perf_20260605/replay_reports/table1_controls_32_32/run_20260605_155052_llama3p1_606420_llama3p1_5673df/hit_miss_amat_summary.csv
llama3p1_8b_instruct,8k,8k_llama3p1_8b_instruct_cmqa_backend_recall,fpga_h2o_plus_service_strict_miss_prefetch_v206,H2O + guarded prefetch,22.135,55.99,4.209946,126494.0,1731,delivery/paper/repro_audit/longctx_table1_32_32_perf_20260605/replay_reports/table1_controls_32_32/run_20260605_155052_llama3p1_606420_llama3p1_5673df/hit_miss_amat_summary.csv
llama3p1_8b_instruct,8k,8k_llama3p1_8b_instruct_cmqa_field_recall,fpga_h2o_plus_service_strict_miss_prefetch_v206,H2O + guarded prefetch,19.596,62.142,4.255457,127378.0,1913,delivery/paper/repro_audit/longctx_table1_32_32_perf_20260605/replay_reports/table1_controls_32_32/run_20260605_155052_llama3p1_606420_llama3p1_5673df/hit_miss_amat_summary.csv
llama3p1_8b_instruct,8k,8k_llama3p1_8b_instruct_cmqa_epoch_memory,fpga_h2o_plus_service_strict_miss_prefetch_v206,H2O + guarded prefetch,19.661,52.148,4.178829,125943.0,1613,delivery/paper/repro_audit/longctx_table1_32_32_perf_20260605/replay_reports/table1_controls_32_32/run_20260605_155052_llama3p1_606420_llama3p1_5673df/hit_miss_amat_summary.csv
llama3p1_8b_instruct,8k,8k_llama3p1_8b_instruct_cmqa_budget_memory,fpga_h2o_plus_service_strict_miss_prefetch_v206,H2O + guarded prefetch,21.224,47.624,4.1426,125239.0,1472,delivery/paper/repro_audit/longctx_table1_32_32_perf_20260605/replay_reports/table1_controls_32_32/run_20260605_155052_llama3p1_606420_llama3p1_5673df/hit_miss_amat_summary.csv
mistral_7b_instruct_v0p3,8k,8k_mistral_7b_instruct_v0p3_mdqa_cross_doc_role,baseline,Traditional cache,16.081,55.046,4.254936,127530.0,1758,delivery/paper/repro_audit/longctx_table1_32_32_perf_20260605/replay_reports/table1_controls_32_32/run_20260605_161133_mistral7_905257_mistral7_b717ce/hit_miss_amat_summary.csv
mistral_7b_instruct_v0p3,8k,8k_mistral_7b_instruct_v0p3_mdqa_component_match,baseline,Traditional cache,16.341,61.328,4.309565,128429.0,1967,delivery/paper/repro_audit/longctx_table1_32_32_perf_20260605/replay_reports/table1_controls_32_32/run_20260605_161133_mistral7_905257_mistral7_b717ce/hit_miss_amat_summary.csv
mistral_7b_instruct_v0p3,8k,8k_mistral_7b_instruct_v0p3_mdqa_two_hop_summary,baseline,Traditional cache,16.667,55.371,4.255656,127544.0,1763,delivery/paper/repro_audit/longctx_table1_32_32_perf_20260605/replay_reports/table1_controls_32_32/run_20260605_161133_mistral7_905257_mistral7_b717ce/hit_miss_amat_summary.csv
mistral_7b_instruct_v0p3,8k,8k_mistral_7b_instruct_v0p3_mdqa_cross_doc_priority,baseline,Traditional cache,24.805,48.145,4.196752,126452.0,1533,delivery/paper/repro_audit/longctx_table1_32_32_perf_20260605/replay_reports/table1_controls_32_32/run_20260605_161133_mistral7_905257_mistral7_b717ce/hit_miss_amat_summary.csv
mistral_7b_instruct_v0p3,8k,8k_mistral_7b_instruct_v0p3_mdqa_chain_descriptor_fields,baseline,Traditional cache,17.057,57.78,4.2795,127845.0,1853,delivery/paper/repro_audit/longctx_table1_32_32_perf_20260605/replay_reports/table1_controls_32_32/run_20260605_161133_mistral7_905257_mistral7_b717ce/hit_miss_amat_summary.csv
mistral_7b_instruct_v0p3,8k,8k_mistral_7b_instruct_v0p3_mdqa_three_stage_lookup,baseline,Traditional cache,18.555,56.51,4.267291,127662.0,1807,delivery/paper/repro_audit/longctx_table1_32_32_perf_20260605/replay_reports/table1_controls_32_32/run_20260605_161133_mistral7_905257_mistral7_b717ce/hit_miss_amat_summary.csv
mistral_7b_instruct_v0p3,8k,8k_mistral_7b_instruct_v0p3_mdqa_compression_guard,baseline,Traditional cache,19.629,52.799,4.235842,126997.0,1684,delivery/paper/repro_audit/longctx_table1_32_32_perf_20260605/replay_reports/table1_controls_32_32/run_20260605_161133_mistral7_905257_mistral7_b717ce/hit_miss_amat_summary.csv
mistral_7b_instruct_v0p3,8k,8k_mistral_7b_instruct_v0p3_mdqa_query_cost_chain,baseline,Traditional cache,12.598,61.263,4.304739,128553.0,1952,delivery/paper/repro_audit/longctx_table1_32_32_perf_20260605/replay_reports/table1_controls_32_32/run_20260605_161133_mistral7_905257_mistral7_b717ce/hit_miss_amat_summary.csv
mistral_7b_instruct_v0p3,8k,8k_mistral_7b_instruct_v0p3_mdqa_head_budget_allocation,baseline,Traditional cache,18.717,57.227,4.271202,127738.0,1821,delivery/paper/repro_audit/longctx_table1_32_32_perf_20260605/replay_reports/table1_controls_32_32/run_20260605_161133_mistral7_905257_mistral7_b717ce/hit_miss_amat_summary.csv
mistral_7b_instruct_v0p3,8k,8k_mistral_7b_instruct_v0p3_mdqa_backend_admission_reason,baseline,Traditional cache,21.647,51.237,4.220897,126868.0,1628,delivery/paper/repro_audit/longctx_table1_32_32_perf_20260605/replay_reports/table1_controls_32_32/run_20260605_161133_mistral7_905257_mistral7_b717ce/hit_miss_amat_summary.csv
mistral_7b_instruct_v0p3,8k,8k_mistral_7b_instruct_v0p3_lcqa_anchor_timeline,baseline,Traditional cache,17.383,55.534,4.257156,127411.0,1766,delivery/paper/repro_audit/longctx_table1_32_32_perf_20260605/replay_reports/table1_controls_32_32/run_20260605_161133_mistral7_905257_mistral7_b717ce/hit_miss_amat_summary.csv
mistral_7b_instruct_v0p3,8k,8k_mistral_7b_instruct_v0p3_lcqa_revision_policy,baseline,Traditional cache,16.829,58.073,4.277252,127964.0,1846,delivery/paper/repro_audit/longctx_table1_32_32_perf_20260605/replay_reports/table1_controls_32_32/run_20260605_161133_mistral7_905257_mistral7_b717ce/hit_miss_amat_summary.csv
mistral_7b_instruct_v0p3,8k,8k_mistral_7b_instruct_v0p3_lcqa_sparse_fact,baseline,Traditional cache,13.737,58.464,4.282754,128071.0,1866,delivery/paper/repro_audit/longctx_table1_32_32_perf_20260605/replay_reports/table1_controls_32_32/run_20260605_161133_mistral7_905257_mistral7_b717ce/hit_miss_amat_summary.csv
mistral_7b_instruct_v0p3,8k,8k_mistral_7b_instruct_v0p3_lcqa_dual_anchor_incident,baseline,Traditional cache,16.699,53.125,4.23514,127145.0,1682,delivery/paper/repro_audit/longctx_table1_32_32_perf_20260605/replay_reports/table1_controls_32_32/run_20260605_161133_mistral7_905257_mistral7_b717ce/hit_miss_amat_summary.csv
mistral_7b_instruct_v0p3,8k,8k_mistral_7b_instruct_v0p3_lcqa_backend_priority_rule,baseline,Traditional cache,16.406,56.315,4.264295,127712.0,1795,delivery/paper/repro_audit/longctx_table1_32_32_perf_20260605/replay_reports/table1_controls_32_32/run_20260605_161133_mistral7_905257_mistral7_b717ce/hit_miss_amat_summary.csv
mistral_7b_instruct_v0p3,8k,8k_mistral_7b_instruct_v0p3_lcqa_epoch_window_recall,baseline,Traditional cache,17.155,54.199,4.247326,127382.0,1729,delivery/paper/repro_audit/longctx_table1_32_32_perf_20260605/replay_reports/table1_controls_32_32/run_20260605_161133_mistral7_905257_mistral7_b717ce/hit_miss_amat_summary.csv
mistral_7b_instruct_v0p3,8k,8k_mistral_7b_instruct_v0p3_lcqa_dual_budget_rule,baseline,Traditional cache,14.16,60.677,4.301483,128272.0,1939,delivery/paper/repro_audit/longctx_table1_32_32_perf_20260605/replay_reports/table1_controls_32_32/run_20260605_161133_mistral7_905257_mistral7_b717ce/hit_miss_amat_summary.csv
mistral_7b_instruct_v0p3,8k,8k_mistral_7b_instruct_v0p3_lcqa_query_relevance_note,baseline,Traditional cache,17.676,56.413,4.265953,127636.0,1801,delivery/paper/repro_audit/longctx_table1_32_32_perf_20260605/replay_reports/table1_controls_32_32/run_20260605_161133_mistral7_905257_mistral7_b717ce/hit_miss_amat_summary.csv
mistral_7b_instruct_v0p3,8k,8k_mistral_7b_instruct_v0p3_lcqa_spill_cost_reason,baseline,Traditional cache,15.234,59.277,4.286383,128033.0,1882,delivery/paper/repro_audit/longctx_table1_32_32_perf_20260605/replay_reports/table1_controls_32_32/run_20260605_161133_mistral7_905257_mistral7_b717ce/hit_miss_amat_summary.csv
mistral_7b_instruct_v0p3,8k,8k_mistral_7b_instruct_v0p3_lcqa_head_budget_rule,baseline,Traditional cache,18.717,52.474,4.231636,127023.0,1667,delivery/paper/repro_audit/longctx_table1_32_32_perf_20260605/replay_reports/table1_controls_32_32/run_20260605_161133_mistral7_905257_mistral7_b717ce/hit_miss_amat_summary.csv
mistral_7b_instruct_v0p3,8k,8k_mistral_7b_instruct_v0p3_cmqa_early_name_recall,baseline,Traditional cache,15.755,55.404,4.250051,127543.0,1740,delivery/paper/repro_audit/longctx_table1_32_32_perf_20260605/replay_reports/table1_controls_32_32/run_20260605_161133_mistral7_905257_mistral7_b717ce/hit_miss_amat_summary.csv
mistral_7b_instruct_v0p3,8k,8k_mistral_7b_instruct_v0p3_cmqa_policy_recall,baseline,Traditional cache,15.462,54.753,4.246556,127421.0,1728,delivery/paper/repro_audit/longctx_table1_32_32_perf_20260605/replay_reports/table1_controls_32_32/run_20260605_161133_mistral7_905257_mistral7_b717ce/hit_miss_amat_summary.csv
mistral_7b_instruct_v0p3,8k,8k_mistral_7b_instruct_v0p3_cmqa_anchor_reasoning,baseline,Traditional cache,18.783,50.684,4.214469,126743.0,1602,delivery/paper/repro_audit/longctx_table1_32_32_perf_20260605/replay_reports/table1_controls_32_32/run_20260605_161133_mistral7_905257_mistral7_b717ce/hit_miss_amat_summary.csv
mistral_7b_instruct_v0p3,8k,8k_mistral_7b_instruct_v0p3_cmqa_backend_recall,baseline,Traditional cache,14.616,59.733,4.290449,128112.0,1896,delivery/paper/repro_audit/longctx_table1_32_32_perf_20260605/replay_reports/table1_controls_32_32/run_20260605_161133_mistral7_905257_mistral7_b717ce/hit_miss_amat_summary.csv
mistral_7b_instruct_v0p3,8k,8k_mistral_7b_instruct_v0p3_cmqa_field_recall,baseline,Traditional cache,18.424,54.036,4.247738,127390.0,1731,delivery/paper/repro_audit/longctx_table1_32_32_perf_20260605/replay_reports/table1_controls_32_32/run_20260605_161133_mistral7_905257_mistral7_b717ce/hit_miss_amat_summary.csv
mistral_7b_instruct_v0p3,8k,8k_mistral_7b_instruct_v0p3_cmqa_epoch_memory,baseline,Traditional cache,15.69,55.176,4.25108,127401.0,1743,delivery/paper/repro_audit/longctx_table1_32_32_perf_20260605/replay_reports/table1_controls_32_32/run_20260605_161133_mistral7_905257_mistral7_b717ce/hit_miss_amat_summary.csv
mistral_7b_instruct_v0p3,8k,8k_mistral_7b_instruct_v0p3_cmqa_budget_memory,baseline,Traditional cache,13.932,58.301,4.277212,127909.0,1844,delivery/paper/repro_audit/longctx_table1_32_32_perf_20260605/replay_reports/table1_controls_32_32/run_20260605_161133_mistral7_905257_mistral7_b717ce/hit_miss_amat_summary.csv
mistral_7b_instruct_v0p3,8k,8k_mistral_7b_instruct_v0p3_mdqa_cross_doc_role,fpga_true_h2o_pure,Pure H2O,16.276,52.441,4.229947,127044.0,1663,delivery/paper/repro_audit/longctx_table1_32_32_perf_20260605/replay_reports/table1_controls_32_32/run_20260605_161133_mistral7_905257_mistral7_b717ce/hit_miss_amat_summary.csv
mistral_7b_instruct_v0p3,8k,8k_mistral_7b_instruct_v0p3_mdqa_component_match,fpga_true_h2o_pure,Pure H2O,16.536,57.129,4.268379,127629.0,1811,delivery/paper/repro_audit/longctx_table1_32_32_perf_20260605/replay_reports/table1_controls_32_32/run_20260605_161133_mistral7_905257_mistral7_b717ce/hit_miss_amat_summary.csv
mistral_7b_instruct_v0p3,8k,8k_mistral_7b_instruct_v0p3_mdqa_two_hop_summary,fpga_true_h2o_pure,Pure H2O,16.732,54.069,4.241464,127268.0,1708,delivery/paper/repro_audit/longctx_table1_32_32_perf_20260605/replay_reports/table1_controls_32_32/run_20260605_161133_mistral7_905257_mistral7_b717ce/hit_miss_amat_summary.csv
mistral_7b_instruct_v0p3,8k,8k_mistral_7b_instruct_v0p3_mdqa_cross_doc_priority,fpga_true_h2o_pure,Pure H2O,24.837,47.819,4.190327,126327.0,1509,delivery/paper/repro_audit/longctx_table1_32_32_perf_20260605/replay_reports/table1_controls_32_32/run_20260605_161133_mistral7_905257_mistral7_b717ce/hit_miss_amat_summary.csv
mistral_7b_instruct_v0p3,8k,8k_mistral_7b_instruct_v0p3_mdqa_chain_descriptor_fields,fpga_true_h2o_pure,Pure H2O,17.48,55.078,4.250772,127287.0,1742,delivery/paper/repro_audit/longctx_table1_32_32_perf_20260605/replay_reports/table1_controls_32_32/run_20260605_161133_mistral7_905257_mistral7_b717ce/hit_miss_amat_summary.csv
mistral_7b_instruct_v0p3,8k,8k_mistral_7b_instruct_v0p3_mdqa_three_stage_lookup,fpga_true_h2o_pure,Pure H2O,18.783,55.241,4.251492,127355.0,1746,delivery/paper/repro_audit/longctx_table1_32_32_perf_20260605/replay_reports/table1_controls_32_32/run_20260605_161133_mistral7_905257_mistral7_b717ce/hit_miss_amat_summary.csv
mistral_7b_instruct_v0p3,8k,8k_mistral_7b_instruct_v0p3_mdqa_compression_guard,fpga_true_h2o_pure,Pure H2O,19.824,52.539,4.230128,126886.0,1662,delivery/paper/repro_audit/longctx_table1_32_32_perf_20260605/replay_reports/table1_controls_32_32/run_20260605_161133_mistral7_905257_mistral7_b717ce/hit_miss_amat_summary.csv
mistral_7b_instruct_v0p3,8k,8k_mistral_7b_instruct_v0p3_mdqa_query_cost_chain,fpga_true_h2o_pure,Pure H2O,12.5,61.035,4.293843,128341.0,1912,delivery/paper/repro_audit/longctx_table1_32_32_perf_20260605/replay_reports/table1_controls_32_32/run_20260605_161133_mistral7_905257_mistral7_b717ce/hit_miss_amat_summary.csv
mistral_7b_instruct_v0p3,8k,8k_mistral_7b_instruct_v0p3_mdqa_head_budget_allocation,fpga_true_h2o_pure,Pure H2O,19.173,55.143,4.248508,127297.0,1734,delivery/paper/repro_audit/longctx_table1_32_32_perf_20260605/replay_reports/table1_controls_32_32/run_20260605_161133_mistral7_905257_mistral7_b717ce/hit_miss_amat_summary.csv
mistral_7b_instruct_v0p3,8k,8k_mistral_7b_instruct_v0p3_mdqa_backend_admission_reason,fpga_true_h2o_pure,Pure H2O,21.875,47.331,4.184492,126160.0,1486,delivery/paper/repro_audit/longctx_table1_32_32_perf_20260605/replay_reports/table1_controls_32_32/run_20260605_161133_mistral7_905257_mistral7_b717ce/hit_miss_amat_summary.csv
mistral_7b_instruct_v0p3,8k,8k_mistral_7b_instruct_v0p3_lcqa_anchor_timeline,fpga_true_h2o_pure,Pure H2O,17.513,52.702,4.232856,126939.0,1673,delivery/paper/repro_audit/longctx_table1_32_32_perf_20260605/replay_reports/table1_controls_32_32/run_20260605_161133_mistral7_905257_mistral7_b717ce/hit_miss_amat_summary.csv
mistral_7b_instruct_v0p3,8k,8k_mistral_7b_instruct_v0p3_lcqa_revision_policy,fpga_true_h2o_pure,Pure H2O,16.829,52.214,4.223982,126928.0,1640,delivery/paper/repro_audit/longctx_table1_32_32_perf_20260605/replay_reports/table1_controls_32_32/run_20260605_161133_mistral7_905257_mistral7_b717ce/hit_miss_amat_summary.csv
mistral_7b_instruct_v0p3,8k,8k_mistral_7b_instruct_v0p3_lcqa_sparse_fact,fpga_true_h2o_pure,Pure H2O,13.867,56.152,4.261261,127653.0,1785,delivery/paper/repro_audit/longctx_table1_32_32_perf_20260605/replay_reports/table1_controls_32_32/run_20260605_161133_mistral7_905257_mistral7_b717ce/hit_miss_amat_summary.csv
mistral_7b_instruct_v0p3,8k,8k_mistral_7b_instruct_v0p3_lcqa_dual_anchor_incident,fpga_true_h2o_pure,Pure H2O,16.732,50.781,4.213595,126726.0,1599,delivery/paper/repro_audit/longctx_table1_32_32_perf_20260605/replay_reports/table1_controls_32_32/run_20260605_161133_mistral7_905257_mistral7_b717ce/hit_miss_amat_summary.csv
mistral_7b_instruct_v0p3,8k,8k_mistral_7b_instruct_v0p3_lcqa_backend_priority_rule,fpga_true_h2o_pure,Pure H2O,16.439,55.762,4.253599,127504.0,1755,delivery/paper/repro_audit/longctx_table1_32_32_perf_20260605/replay_reports/table1_controls_32_32/run_20260605_161133_mistral7_905257_mistral7_b717ce/hit_miss_amat_summary.csv
mistral_7b_instruct_v0p3,8k,8k_mistral_7b_instruct_v0p3_lcqa_epoch_window_recall,fpga_true_h2o_pure,Pure H2O,17.318,51.66,4.219508,126841.0,1622,delivery/paper/repro_audit/longctx_table1_32_32_perf_20260605/replay_reports/table1_controls_32_32/run_20260605_161133_mistral7_905257_mistral7_b717ce/hit_miss_amat_summary.csv
mistral_7b_instruct_v0p3,8k,8k_mistral_7b_instruct_v0p3_lcqa_dual_budget_rule,fpga_true_h2o_pure,Pure H2O,14.388,51.237,4.222611,126740.0,1634,delivery/paper/repro_audit/longctx_table1_32_32_perf_20260605/replay_reports/table1_controls_32_32/run_20260605_161133_mistral7_905257_mistral7_b717ce/hit_miss_amat_summary.csv
mistral_7b_instruct_v0p3,8k,8k_mistral_7b_instruct_v0p3_lcqa_query_relevance_note,fpga_true_h2o_pure,Pure H2O,17.741,59.928,4.291015,128123.0,1900,delivery/paper/repro_audit/longctx_table1_32_32_perf_20260605/replay_reports/table1_controls_32_32/run_20260605_161133_mistral7_905257_mistral7_b717ce/hit_miss_amat_summary.csv
mistral_7b_instruct_v0p3,8k,8k_mistral_7b_instruct_v0p3_lcqa_spill_cost_reason,fpga_true_h2o_pure,Pure H2O,15.365,62.012,4.303571,128367.0,1948,delivery/paper/repro_audit/longctx_table1_32_32_perf_20260605/replay_reports/table1_controls_32_32/run_20260605_161133_mistral7_905257_mistral7_b717ce/hit_miss_amat_summary.csv
mistral_7b_instruct_v0p3,8k,8k_mistral_7b_instruct_v0p3_lcqa_head_budget_rule,fpga_true_h2o_pure,Pure H2O,18.62,51.009,4.215329,126706.0,1606,delivery/paper/repro_audit/longctx_table1_32_32_perf_20260605/replay_reports/table1_controls_32_32/run_20260605_161133_mistral7_905257_mistral7_b717ce/hit_miss_amat_summary.csv
mistral_7b_instruct_v0p3,8k,8k_mistral_7b_instruct_v0p3_cmqa_early_name_recall,fpga_true_h2o_pure,Pure H2O,15.69,55.469,4.248356,127510.0,1735,delivery/paper/repro_audit/longctx_table1_32_32_perf_20260605/replay_reports/table1_controls_32_32/run_20260605_161133_mistral7_905257_mistral7_b717ce/hit_miss_amat_summary.csv
mistral_7b_instruct_v0p3,8k,8k_mistral_7b_instruct_v0p3_cmqa_policy_recall,fpga_true_h2o_pure,Pure H2O,15.332,54.785,4.241828,127329.0,1709,delivery/paper/repro_audit/longctx_table1_32_32_perf_20260605/replay_reports/table1_controls_32_32/run_20260605_161133_mistral7_905257_mistral7_b717ce/hit_miss_amat_summary.csv
mistral_7b_instruct_v0p3,8k,8k_mistral_7b_instruct_v0p3_cmqa_anchor_reasoning,fpga_true_h2o_pure,Pure H2O,18.88,47.852,4.1884,126236.0,1501,delivery/paper/repro_audit/longctx_table1_32_32_perf_20260605/replay_reports/table1_controls_32_32/run_20260605_161133_mistral7_905257_mistral7_b717ce/hit_miss_amat_summary.csv
mistral_7b_instruct_v0p3,8k,8k_mistral_7b_instruct_v0p3_cmqa_backend_recall,fpga_true_h2o_pure,Pure H2O,14.518,57.454,4.267497,127666.0,1808,delivery/paper/repro_audit/longctx_table1_32_32_perf_20260605/replay_reports/table1_controls_32_32/run_20260605_161133_mistral7_905257_mistral7_b717ce/hit_miss_amat_summary.csv
mistral_7b_instruct_v0p3,8k,8k_mistral_7b_instruct_v0p3_cmqa_field_recall,fpga_true_h2o_pure,Pure H2O,18.164,48.698,4.203414,126528.0,1560,delivery/paper/repro_audit/longctx_table1_32_32_perf_20260605/replay_reports/table1_controls_32_32/run_20260605_161133_mistral7_905257_mistral7_b717ce/hit_miss_amat_summary.csv
mistral_7b_instruct_v0p3,8k,8k_mistral_7b_instruct_v0p3_cmqa_epoch_memory,fpga_true_h2o_pure,Pure H2O,15.723,53.353,4.236368,127115.0,1687,delivery/paper/repro_audit/longctx_table1_32_32_perf_20260605/replay_reports/table1_controls_32_32/run_20260605_161133_mistral7_905257_mistral7_b717ce/hit_miss_amat_summary.csv
mistral_7b_instruct_v0p3,8k,8k_mistral_7b_instruct_v0p3_cmqa_budget_memory,fpga_true_h2o_pure,Pure H2O,13.997,57.845,4.266667,127704.0,1805,delivery/paper/repro_audit/longctx_table1_32_32_perf_20260605/replay_reports/table1_controls_32_32/run_20260605_161133_mistral7_905257_mistral7_b717ce/hit_miss_amat_summary.csv
mistral_7b_instruct_v0p3,8k,8k_mistral_7b_instruct_v0p3_mdqa_cross_doc_role,fpga_h2o_plus_service_clean_victim_cache16_v245,H2O + victim cache,13.9,35.091,4.040313,123356.0,1078,delivery/paper/repro_audit/longctx_table1_32_32_perf_20260605/replay_reports/table1_controls_32_32/run_20260605_161133_mistral7_905257_mistral7_b717ce/hit_miss_amat_summary.csv
mistral_7b_instruct_v0p3,8k,8k_mistral_7b_instruct_v0p3_mdqa_component_match,fpga_h2o_plus_service_clean_victim_cache16_v245,H2O + victim cache,14.388,42.611,4.099722,124353.0,1309,delivery/paper/repro_audit/longctx_table1_32_32_perf_20260605/replay_reports/table1_controls_32_32/run_20260605_161133_mistral7_905257_mistral7_b717ce/hit_miss_amat_summary.csv
mistral_7b_instruct_v0p3,8k,8k_mistral_7b_instruct_v0p3_mdqa_two_hop_summary,fpga_h2o_plus_service_clean_victim_cache16_v245,H2O + victim cache,14.355,37.923,4.062783,123793.0,1165,delivery/paper/repro_audit/longctx_table1_32_32_perf_20260605/replay_reports/table1_controls_32_32/run_20260605_161133_mistral7_905257_mistral7_b717ce/hit_miss_amat_summary.csv
mistral_7b_instruct_v0p3,8k,8k_mistral_7b_instruct_v0p3_mdqa_cross_doc_priority,fpga_h2o_plus_service_clean_victim_cache16_v245,H2O + victim cache,22.754,33.008,4.023797,123087.0,1014,delivery/paper/repro_audit/longctx_table1_32_32_perf_20260605/replay_reports/table1_controls_32_32/run_20260605_161133_mistral7_905257_mistral7_b717ce/hit_miss_amat_summary.csv
mistral_7b_instruct_v0p3,8k,8k_mistral_7b_instruct_v0p3_mdqa_chain_descriptor_fields,fpga_h2o_plus_service_clean_victim_cache16_v245,H2O + victim cache,15.169,41.634,4.092154,124206.0,1279,delivery/paper/repro_audit/longctx_table1_32_32_perf_20260605/replay_reports/table1_controls_32_32/run_20260605_161133_mistral7_905257_mistral7_b717ce/hit_miss_amat_summary.csv
mistral_7b_instruct_v0p3,8k,8k_mistral_7b_instruct_v0p3_mdqa_three_stage_lookup,fpga_h2o_plus_service_clean_victim_cache16_v245,H2O + victim cache,16.927,37.24,4.05738,123583.0,1144,delivery/paper/repro_audit/longctx_table1_32_32_perf_20260605/replay_reports/table1_controls_32_32/run_20260605_161133_mistral7_905257_mistral7_b717ce/hit_miss_amat_summary.csv
mistral_7b_instruct_v0p3,8k,8k_mistral_7b_instruct_v0p3_mdqa_compression_guard,fpga_h2o_plus_service_clean_victim_cache16_v245,H2O + victim cache,17.48,34.798,4.038097,123156.0,1069,delivery/paper/repro_audit/longctx_table1_32_32_perf_20260605/replay_reports/table1_controls_32_32/run_20260605_161133_mistral7_905257_mistral7_b717ce/hit_miss_amat_summary.csv
mistral_7b_instruct_v0p3,8k,8k_mistral_7b_instruct_v0p3_mdqa_query_cost_chain,fpga_h2o_plus_service_clean_victim_cache16_v245,H2O + victim cache,10.482,40.918,4.086297,124303.0,1257,delivery/paper/repro_audit/longctx_table1_32_32_perf_20260605/replay_reports/table1_controls_32_32/run_20260605_161133_mistral7_905257_mistral7_b717ce/hit_miss_amat_summary.csv
mistral_7b_instruct_v0p3,8k,8k_mistral_7b_instruct_v0p3_mdqa_head_budget_allocation,fpga_h2o_plus_service_clean_victim_cache16_v245,H2O + victim cache,17.025,39.974,4.078993,124003.0,1228,delivery/paper/repro_audit/longctx_table1_32_32_perf_20260605/replay_reports/table1_controls_32_32/run_20260605_161133_mistral7_905257_mistral7_b717ce/hit_miss_amat_summary.csv
mistral_7b_instruct_v0p3,8k,8k_mistral_7b_instruct_v0p3_mdqa_backend_admission_reason,fpga_h2o_plus_service_clean_victim_cache16_v245,H2O + victim cache,19.694,33.757,4.029977,123155.0,1037,delivery/paper/repro_audit/longctx_table1_32_32_perf_20260605/replay_reports/table1_controls_32_32/run_20260605_161133_mistral7_905257_mistral7_b717ce/hit_miss_amat_summary.csv
mistral_7b_instruct_v0p3,8k,8k_mistral_7b_instruct_v0p3_lcqa_anchor_timeline,fpga_h2o_plus_service_clean_victim_cache16_v245,H2O + victim cache,15.007,35.221,4.041341,123219.0,1082,delivery/paper/repro_audit/longctx_table1_32_32_perf_20260605/replay_reports/table1_controls_32_32/run_20260605_161133_mistral7_905257_mistral7_b717ce/hit_miss_amat_summary.csv
mistral_7b_instruct_v0p3,8k,8k_mistral_7b_instruct_v0p3_lcqa_revision_policy,fpga_h2o_plus_service_clean_victim_cache16_v245,H2O + victim cache,15.039,35.514,4.043706,123422.0,1091,delivery/paper/repro_audit/longctx_table1_32_32_perf_20260605/replay_reports/table1_controls_32_32/run_20260605_161133_mistral7_905257_mistral7_b717ce/hit_miss_amat_summary.csv
mistral_7b_instruct_v0p3,8k,8k_mistral_7b_instruct_v0p3_lcqa_sparse_fact,fpga_h2o_plus_service_clean_victim_cache16_v245,H2O + victim cache,11.784,38.509,4.067616,123887.0,1183,delivery/paper/repro_audit/longctx_table1_32_32_perf_20260605/replay_reports/table1_controls_32_32/run_20260605_161133_mistral7_905257_mistral7_b717ce/hit_miss_amat_summary.csv
mistral_7b_instruct_v0p3,8k,8k_mistral_7b_instruct_v0p3_lcqa_dual_anchor_incident,fpga_h2o_plus_service_clean_victim_cache16_v245,H2O + victim cache,14.746,31.868,4.015014,122864.0,979,delivery/paper/repro_audit/longctx_table1_32_32_perf_20260605/replay_reports/table1_controls_32_32/run_20260605_161133_mistral7_905257_mistral7_b717ce/hit_miss_amat_summary.csv
mistral_7b_instruct_v0p3,8k,8k_mistral_7b_instruct_v0p3_lcqa_backend_priority_rule,fpga_h2o_plus_service_clean_victim_cache16_v245,H2O + victim cache,14.486,39.779,4.077334,124076.0,1222,delivery/paper/repro_audit/longctx_table1_32_32_perf_20260605/replay_reports/table1_controls_32_32/run_20260605_161133_mistral7_905257_mistral7_b717ce/hit_miss_amat_summary.csv
mistral_7b_instruct_v0p3,8k,8k_mistral_7b_instruct_v0p3_lcqa_epoch_window_recall,fpga_h2o_plus_service_clean_victim_cache16_v245,H2O + victim cache,15.462,34.733,4.037433,123300.0,1067,delivery/paper/repro_audit/longctx_table1_32_32_perf_20260605/replay_reports/table1_controls_32_32/run_20260605_161133_mistral7_905257_mistral7_b717ce/hit_miss_amat_summary.csv
mistral_7b_instruct_v0p3,8k,8k_mistral_7b_instruct_v0p3_lcqa_dual_budget_rule,fpga_h2o_plus_service_clean_victim_cache16_v245,H2O + victim cache,12.695,40.169,4.080467,123979.0,1234,delivery/paper/repro_audit/longctx_table1_32_32_perf_20260605/replay_reports/table1_controls_32_32/run_20260605_161133_mistral7_905257_mistral7_b717ce/hit_miss_amat_summary.csv
mistral_7b_instruct_v0p3,8k,8k_mistral_7b_instruct_v0p3_lcqa_query_relevance_note,fpga_h2o_plus_service_clean_victim_cache16_v245,H2O + victim cache,16.113,46.322,4.129323,124981.0,1423,delivery/paper/repro_audit/longctx_table1_32_32_perf_20260605/replay_reports/table1_controls_32_32/run_20260605_161133_mistral7_905257_mistral7_b717ce/hit_miss_amat_summary.csv
mistral_7b_instruct_v0p3,8k,8k_mistral_7b_instruct_v0p3_lcqa_spill_cost_reason,fpga_h2o_plus_service_clean_victim_cache16_v245,H2O + victim cache,13.216,40.527,4.083265,124086.0,1245,delivery/paper/repro_audit/longctx_table1_32_32_perf_20260605/replay_reports/table1_controls_32_32/run_20260605_161133_mistral7_905257_mistral7_b717ce/hit_miss_amat_summary.csv
mistral_7b_instruct_v0p3,8k,8k_mistral_7b_instruct_v0p3_lcqa_head_budget_rule,fpga_h2o_plus_service_clean_victim_cache16_v245,H2O + victim cache,15.755,33.952,4.031379,123130.0,1043,delivery/paper/repro_audit/longctx_table1_32_32_perf_20260605/replay_reports/table1_controls_32_32/run_20260605_161133_mistral7_905257_mistral7_b717ce/hit_miss_amat_summary.csv
mistral_7b_instruct_v0p3,8k,8k_mistral_7b_instruct_v0p3_cmqa_early_name_recall,fpga_h2o_plus_service_clean_victim_cache16_v245,H2O + victim cache,15.007,37.272,4.057491,123795.0,1145,delivery/paper/repro_audit/longctx_table1_32_32_perf_20260605/replay_reports/table1_controls_32_32/run_20260605_161133_mistral7_905257_mistral7_b717ce/hit_miss_amat_summary.csv
mistral_7b_instruct_v0p3,8k,8k_mistral_7b_instruct_v0p3_cmqa_policy_recall,fpga_h2o_plus_service_clean_victim_cache16_v245,H2O + victim cache,14.648,35.677,4.04487,123497.0,1096,delivery/paper/repro_audit/longctx_table1_32_32_perf_20260605/replay_reports/table1_controls_32_32/run_20260605_161133_mistral7_905257_mistral7_b717ce/hit_miss_amat_summary.csv
mistral_7b_instruct_v0p3,8k,8k_mistral_7b_instruct_v0p3_cmqa_anchor_reasoning,fpga_h2o_plus_service_clean_victim_cache16_v245,H2O + victim cache,17.936,33.724,4.029669,123149.0,1036,delivery/paper/repro_audit/longctx_table1_32_32_perf_20260605/replay_reports/table1_controls_32_32/run_20260605_161133_mistral7_905257_mistral7_b717ce/hit_miss_amat_summary.csv
mistral_7b_instruct_v0p3,8k,8k_mistral_7b_instruct_v0p3_cmqa_backend_recall,fpga_h2o_plus_service_clean_victim_cache16_v245,H2O + victim cache,14.16,40.43,4.082493,124071.0,1242,delivery/paper/repro_audit/longctx_table1_32_32_perf_20260605/replay_reports/table1_controls_32_32/run_20260605_161133_mistral7_905257_mistral7_b717ce/hit_miss_amat_summary.csv
mistral_7b_instruct_v0p3,8k,8k_mistral_7b_instruct_v0p3_cmqa_field_recall,fpga_h2o_plus_service_clean_victim_cache16_v245,H2O + victim cache,17.546,32.617,4.020773,122976.0,1002,delivery/paper/repro_audit/longctx_table1_32_32_perf_20260605/replay_reports/table1_controls_32_32/run_20260605_161133_mistral7_905257_mistral7_b717ce/hit_miss_amat_summary.csv
mistral_7b_instruct_v0p3,8k,8k_mistral_7b_instruct_v0p3_cmqa_epoch_memory,fpga_h2o_plus_service_clean_victim_cache16_v245,H2O + victim cache,14.974,34.733,4.037449,123248.0,1067,delivery/paper/repro_audit/longctx_table1_32_32_perf_20260605/replay_reports/table1_controls_32_32/run_20260605_161133_mistral7_905257_mistral7_b717ce/hit_miss_amat_summary.csv
mistral_7b_instruct_v0p3,8k,8k_mistral_7b_instruct_v0p3_cmqa_budget_memory,fpga_h2o_plus_service_clean_victim_cache16_v245,H2O + victim cache,13.281,38.639,4.068261,123847.0,1187,delivery/paper/repro_audit/longctx_table1_32_32_perf_20260605/replay_reports/table1_controls_32_32/run_20260605_161133_mistral7_905257_mistral7_b717ce/hit_miss_amat_summary.csv
mistral_7b_instruct_v0p3,8k,8k_mistral_7b_instruct_v0p3_mdqa_cross_doc_role,fpga_h2o_plus_service_strict_miss_prefetch_v206,H2O + guarded prefetch,14.095,52.604,4.182487,126121.0,1628,delivery/paper/repro_audit/longctx_table1_32_32_perf_20260605/replay_reports/table1_controls_32_32/run_20260605_161133_mistral7_905257_mistral7_b717ce/hit_miss_amat_summary.csv
mistral_7b_instruct_v0p3,8k,8k_mistral_7b_instruct_v0p3_mdqa_component_match,fpga_h2o_plus_service_strict_miss_prefetch_v206,H2O + guarded prefetch,14.486,58.301,4.224722,126781.0,1794,delivery/paper/repro_audit/longctx_table1_32_32_perf_20260605/replay_reports/table1_controls_32_32/run_20260605_161133_mistral7_905257_mistral7_b717ce/hit_miss_amat_summary.csv
mistral_7b_instruct_v0p3,8k,8k_mistral_7b_instruct_v0p3_mdqa_two_hop_summary,fpga_h2o_plus_service_strict_miss_prefetch_v206,H2O + guarded prefetch,14.518,54.72,4.196884,126401.0,1685,delivery/paper/repro_audit/longctx_table1_32_32_perf_20260605/replay_reports/table1_controls_32_32/run_20260605_161133_mistral7_905257_mistral7_b717ce/hit_miss_amat_summary.csv
mistral_7b_instruct_v0p3,8k,8k_mistral_7b_instruct_v0p3_mdqa_cross_doc_priority,fpga_h2o_plus_service_strict_miss_prefetch_v206,H2O + guarded prefetch,22.754,47.201,4.139391,125336.0,1461,delivery/paper/repro_audit/longctx_table1_32_32_perf_20260605/replay_reports/table1_controls_32_32/run_20260605_161133_mistral7_905257_mistral7_b717ce/hit_miss_amat_summary.csv
mistral_7b_instruct_v0p3,8k,8k_mistral_7b_instruct_v0p3_mdqa_chain_descriptor_fields,fpga_h2o_plus_service_strict_miss_prefetch_v206,H2O + guarded prefetch,15.365,55.436,4.203305,126365.0,1710,delivery/paper/repro_audit/longctx_table1_32_32_perf_20260605/replay_reports/table1_controls_32_32/run_20260605_161133_mistral7_905257_mistral7_b717ce/hit_miss_amat_summary.csv
mistral_7b_instruct_v0p3,8k,8k_mistral_7b_instruct_v0p3_mdqa_three_stage_lookup,fpga_h2o_plus_service_strict_miss_prefetch_v206,H2O + guarded prefetch,17.025,52.832,4.181762,126000.0,1626,delivery/paper/repro_audit/longctx_table1_32_32_perf_20260605/replay_reports/table1_controls_32_32/run_20260605_161133_mistral7_905257_mistral7_b717ce/hit_miss_amat_summary.csv
mistral_7b_instruct_v0p3,8k,8k_mistral_7b_instruct_v0p3_mdqa_compression_guard,fpga_h2o_plus_service_strict_miss_prefetch_v206,H2O + guarded prefetch,17.611,52.051,4.175865,125832.0,1604,delivery/paper/repro_audit/longctx_table1_32_32_perf_20260605/replay_reports/table1_controls_32_32/run_20260605_161133_mistral7_905257_mistral7_b717ce/hit_miss_amat_summary.csv
mistral_7b_instruct_v0p3,8k,8k_mistral_7b_instruct_v0p3_mdqa_query_cost_chain,fpga_h2o_plus_service_strict_miss_prefetch_v206,H2O + guarded prefetch,10.807,59.147,4.236945,127234.0,1836,delivery/paper/repro_audit/longctx_table1_32_32_perf_20260605/replay_reports/table1_controls_32_32/run_20260605_161133_mistral7_905257_mistral7_b717ce/hit_miss_amat_summary.csv
mistral_7b_instruct_v0p3,8k,8k_mistral_7b_instruct_v0p3_mdqa_head_budget_allocation,fpga_h2o_plus_service_strict_miss_prefetch_v206,H2O + guarded prefetch,17.122,55.469,4.20245,126402.0,1707,delivery/paper/repro_audit/longctx_table1_32_32_perf_20260605/replay_reports/table1_controls_32_32/run_20260605_161133_mistral7_905257_mistral7_b717ce/hit_miss_amat_summary.csv
mistral_7b_instruct_v0p3,8k,8k_mistral_7b_instruct_v0p3_mdqa_backend_admission_reason,fpga_h2o_plus_service_strict_miss_prefetch_v206,H2O + guarded prefetch,19.792,48.893,4.150452,125498.0,1506,delivery/paper/repro_audit/longctx_table1_32_32_perf_20260605/replay_reports/table1_controls_32_32/run_20260605_161133_mistral7_905257_mistral7_b717ce/hit_miss_amat_summary.csv
mistral_7b_instruct_v0p3,8k,8k_mistral_7b_instruct_v0p3_lcqa_anchor_timeline,fpga_h2o_plus_service_strict_miss_prefetch_v206,H2O + guarded prefetch,15.299,53.711,4.191001,126126.0,1659,delivery/paper/repro_audit/longctx_table1_32_32_perf_20260605/replay_reports/table1_controls_32_32/run_20260605_161133_mistral7_905257_mistral7_b717ce/hit_miss_amat_summary.csv
mistral_7b_instruct_v0p3,8k,8k_mistral_7b_instruct_v0p3_lcqa_revision_policy,fpga_h2o_plus_service_strict_miss_prefetch_v206,H2O + guarded prefetch,15.072,52.767,4.180481,126082.0,1622,delivery/paper/repro_audit/longctx_table1_32_32_perf_20260605/replay_reports/table1_controls_32_32/run_20260605_161133_mistral7_905257_mistral7_b717ce/hit_miss_amat_summary.csv
mistral_7b_instruct_v0p3,8k,8k_mistral_7b_instruct_v0p3_lcqa_sparse_fact,fpga_h2o_plus_service_strict_miss_prefetch_v206,H2O + guarded prefetch,11.882,58.008,4.222285,126895.0,1785,delivery/paper/repro_audit/longctx_table1_32_32_perf_20260605/replay_reports/table1_controls_32_32/run_20260605_161133_mistral7_905257_mistral7_b717ce/hit_miss_amat_summary.csv
mistral_7b_instruct_v0p3,8k,8k_mistral_7b_instruct_v0p3_lcqa_dual_anchor_incident,fpga_h2o_plus_service_strict_miss_prefetch_v206,H2O + guarded prefetch,14.779,48.6,4.14783,125447.0,1495,delivery/paper/repro_audit/longctx_table1_32_32_perf_20260605/replay_reports/table1_controls_32_32/run_20260605_161133_mistral7_905257_mistral7_b717ce/hit_miss_amat_summary.csv
mistral_7b_instruct_v0p3,8k,8k_mistral_7b_instruct_v0p3_lcqa_backend_priority_rule,fpga_h2o_plus_service_strict_miss_prefetch_v206,H2O + guarded prefetch,14.746,55.046,4.202489,126510.0,1703,delivery/paper/repro_audit/longctx_table1_32_32_perf_20260605/replay_reports/table1_controls_32_32/run_20260605_161133_mistral7_905257_mistral7_b717ce/hit_miss_amat_summary.csv
mistral_7b_instruct_v0p3,8k,8k_mistral_7b_instruct_v0p3_lcqa_epoch_window_recall,fpga_h2o_plus_service_strict_miss_prefetch_v206,H2O + guarded prefetch,15.69,50.651,4.16449,125771.0,1559,delivery/paper/repro_audit/longctx_table1_32_32_perf_20260605/replay_reports/table1_controls_32_32/run_20260605_161133_mistral7_905257_mistral7_b717ce/hit_miss_amat_summary.csv
mistral_7b_instruct_v0p3,8k,8k_mistral_7b_instruct_v0p3_lcqa_dual_budget_rule,fpga_h2o_plus_service_strict_miss_prefetch_v206,H2O + guarded prefetch,12.923,52.93,4.183484,125980.0,1633,delivery/paper/repro_audit/longctx_table1_32_32_perf_20260605/replay_reports/table1_controls_32_32/run_20260605_161133_mistral7_905257_mistral7_b717ce/hit_miss_amat_summary.csv
mistral_7b_instruct_v0p3,8k,8k_mistral_7b_instruct_v0p3_lcqa_query_relevance_note,fpga_h2o_plus_service_strict_miss_prefetch_v206,H2O + guarded prefetch,16.243,65.365,4.282884,127965.0,2016,delivery/paper/repro_audit/longctx_table1_32_32_perf_20260605/replay_reports/table1_controls_32_32/run_20260605_161133_mistral7_905257_mistral7_b717ce/hit_miss_amat_summary.csv
mistral_7b_instruct_v0p3,8k,8k_mistral_7b_instruct_v0p3_lcqa_spill_cost_reason,fpga_h2o_plus_service_strict_miss_prefetch_v206,H2O + guarded prefetch,13.314,57.91,4.221953,126781.0,1783,delivery/paper/repro_audit/longctx_table1_32_32_perf_20260605/replay_reports/table1_controls_32_32/run_20260605_161133_mistral7_905257_mistral7_b717ce/hit_miss_amat_summary.csv
mistral_7b_instruct_v0p3,8k,8k_mistral_7b_instruct_v0p3_lcqa_head_budget_rule,fpga_h2o_plus_service_strict_miss_prefetch_v206,H2O + guarded prefetch,15.918,51.204,4.168981,125805.0,1575,delivery/paper/repro_audit/longctx_table1_32_32_perf_20260605/replay_reports/table1_controls_32_32/run_20260605_161133_mistral7_905257_mistral7_b717ce/hit_miss_amat_summary.csv
mistral_7b_instruct_v0p3,8k,8k_mistral_7b_instruct_v0p3_cmqa_early_name_recall,fpga_h2o_plus_service_strict_miss_prefetch_v206,H2O + guarded prefetch,15.169,60.905,4.246249,127469.0,1874,delivery/paper/repro_audit/longctx_table1_32_32_perf_20260605/replay_reports/table1_controls_32_32/run_20260605_161133_mistral7_905257_mistral7_b717ce/hit_miss_amat_summary.csv
mistral_7b_instruct_v0p3,8k,8k_mistral_7b_instruct_v0p3_cmqa_policy_recall,fpga_h2o_plus_service_strict_miss_prefetch_v206,H2O + guarded prefetch,14.648,54.622,4.194644,126411.0,1678,delivery/paper/repro_audit/longctx_table1_32_32_perf_20260605/replay_reports/table1_controls_32_32/run_20260605_161133_mistral7_905257_mistral7_b717ce/hit_miss_amat_summary.csv
mistral_7b_instruct_v0p3,8k,8k_mistral_7b_instruct_v0p3_cmqa_anchor_reasoning,fpga_h2o_plus_service_strict_miss_prefetch_v206,H2O + guarded prefetch,18.392,49.219,4.157651,125638.0,1528,delivery/paper/repro_audit/longctx_table1_32_32_perf_20260605/replay_reports/table1_controls_32_32/run_20260605_161133_mistral7_905257_mistral7_b717ce/hit_miss_amat_summary.csv
mistral_7b_instruct_v0p3,8k,8k_mistral_7b_instruct_v0p3_cmqa_backend_recall,fpga_h2o_plus_service_strict_miss_prefetch_v206,H2O + guarded prefetch,14.193,58.333,4.224629,126833.0,1792,delivery/paper/repro_audit/longctx_table1_32_32_perf_20260605/replay_reports/table1_controls_32_32/run_20260605_161133_mistral7_905257_mistral7_b717ce/hit_miss_amat_summary.csv
mistral_7b_instruct_v0p3,8k,8k_mistral_7b_instruct_v0p3_cmqa_field_recall,fpga_h2o_plus_service_strict_miss_prefetch_v206,H2O + guarded prefetch,17.708,48.079,4.147059,125432.0,1491,delivery/paper/repro_audit/longctx_table1_32_32_perf_20260605/replay_reports/table1_controls_32_32/run_20260605_161133_mistral7_905257_mistral7_b717ce/hit_miss_amat_summary.csv
mistral_7b_instruct_v0p3,8k,8k_mistral_7b_instruct_v0p3_cmqa_epoch_memory,fpga_h2o_plus_service_strict_miss_prefetch_v206,H2O + guarded prefetch,15.137,55.208,4.20216,126450.0,1702,delivery/paper/repro_audit/longctx_table1_32_32_perf_20260605/replay_reports/table1_controls_32_32/run_20260605_161133_mistral7_905257_mistral7_b717ce/hit_miss_amat_summary.csv
mistral_7b_instruct_v0p3,8k,8k_mistral_7b_instruct_v0p3_cmqa_budget_memory,fpga_h2o_plus_service_strict_miss_prefetch_v206,H2O + guarded prefetch,13.444,57.324,4.218467,126767.0,1768,delivery/paper/repro_audit/longctx_table1_32_32_perf_20260605/replay_reports/table1_controls_32_32/run_20260605_161133_mistral7_905257_mistral7_b717ce/hit_miss_amat_summary.csv
qwen2p5_14b_instruct,8k,8k_qwen2p5_14b_instruct_mdqa_cross_doc_role,baseline,Traditional cache,20.508,51.4,4.224691,126888.0,1640,delivery/paper/repro_audit/longctx_table1_32_32_perf_20260605/replay_reports/table1_controls_32_32/run_20260605_163215_qwen2p51_c2798c_qwen2p51_0e3828/hit_miss_amat_summary.csv
qwen2p5_14b_instruct,8k,8k_qwen2p5_14b_instruct_mdqa_component_match,baseline,Traditional cache,20.833,54.362,4.244704,127331.0,1719,delivery/paper/repro_audit/longctx_table1_32_32_perf_20260605/replay_reports/table1_controls_32_32/run_20260605_163215_qwen2p51_c2798c_qwen2p51_0e3828/hit_miss_amat_summary.csv
qwen2p5_14b_instruct,8k,8k_qwen2p5_14b_instruct_mdqa_two_hop_summary,baseline,Traditional cache,15.853,55.273,4.253085,127494.0,1752,delivery/paper/repro_audit/longctx_table1_32_32_perf_20260605/replay_reports/table1_controls_32_32/run_20260605_163215_qwen2p51_c2798c_qwen2p51_0e3828/hit_miss_amat_summary.csv
qwen2p5_14b_instruct,8k,8k_qwen2p5_14b_instruct_mdqa_cross_doc_priority,baseline,Traditional cache,22.559,49.251,4.202418,126455.0,1553,delivery/paper/repro_audit/longctx_table1_32_32_perf_20260605/replay_reports/table1_controls_32_32/run_20260605_163215_qwen2p51_c2798c_qwen2p51_0e3828/hit_miss_amat_summary.csv
qwen2p5_14b_instruct,8k,8k_qwen2p5_14b_instruct_mdqa_chain_descriptor_fields,baseline,Traditional cache,21.615,52.702,4.234407,127023.0,1677,delivery/paper/repro_audit/longctx_table1_32_32_perf_20260605/replay_reports/table1_controls_32_32/run_20260605_163215_qwen2p51_c2798c_qwen2p51_0e3828/hit_miss_amat_summary.csv
qwen2p5_14b_instruct,8k,8k_qwen2p5_14b_instruct_mdqa_three_stage_lookup,baseline,Traditional cache,18.49,54.297,4.24789,127285.0,1732,delivery/paper/repro_audit/longctx_table1_32_32_perf_20260605/replay_reports/table1_controls_32_32/run_20260605_163215_qwen2p51_c2798c_qwen2p51_0e3828/hit_miss_amat_summary.csv
qwen2p5_14b_instruct,8k,8k_qwen2p5_14b_instruct_mdqa_compression_guard,baseline,Traditional cache,21.842,49.74,4.209741,126490.0,1581,delivery/paper/repro_audit/longctx_table1_32_32_perf_20260605/replay_reports/table1_controls_32_32/run_20260605_163215_qwen2p51_c2798c_qwen2p51_0e3828/hit_miss_amat_summary.csv
qwen2p5_14b_instruct,8k,8k_qwen2p5_14b_instruct_mdqa_query_cost_chain,baseline,Traditional cache,18.327,54.915,4.249794,127322.0,1740,delivery/paper/repro_audit/longctx_table1_32_32_perf_20260605/replay_reports/table1_controls_32_32/run_20260605_163215_qwen2p51_c2798c_qwen2p51_0e3828/hit_miss_amat_summary.csv
qwen2p5_14b_instruct,8k,8k_qwen2p5_14b_instruct_mdqa_head_budget_allocation,baseline,Traditional cache,21.289,52.767,4.234664,127028.0,1678,delivery/paper/repro_audit/longctx_table1_32_32_perf_20260605/replay_reports/table1_controls_32_32/run_20260605_163215_qwen2p51_c2798c_qwen2p51_0e3828/hit_miss_amat_summary.csv
qwen2p5_14b_instruct,8k,8k_qwen2p5_14b_instruct_mdqa_backend_admission_reason,baseline,Traditional cache,20.996,50.781,4.216564,126730.0,1609,delivery/paper/repro_audit/longctx_table1_32_32_perf_20260605/replay_reports/table1_controls_32_32/run_20260605_163215_qwen2p51_c2798c_qwen2p51_0e3828/hit_miss_amat_summary.csv
qwen2p5_14b_instruct,8k,8k_qwen2p5_14b_instruct_lcqa_anchor_timeline,baseline,Traditional cache,19.303,52.507,4.230967,127010.0,1664,delivery/paper/repro_audit/longctx_table1_32_32_perf_20260605/replay_reports/table1_controls_32_32/run_20260605_163215_qwen2p51_c2798c_qwen2p51_0e3828/hit_miss_amat_summary.csv
qwen2p5_14b_instruct,8k,8k_qwen2p5_14b_instruct_lcqa_revision_policy,baseline,Traditional cache,18.815,52.669,4.231217,126961.0,1667,delivery/paper/repro_audit/longctx_table1_32_32_perf_20260605/replay_reports/table1_controls_32_32/run_20260605_163215_qwen2p51_c2798c_qwen2p51_0e3828/hit_miss_amat_summary.csv
qwen2p5_14b_instruct,8k,8k_qwen2p5_14b_instruct_lcqa_sparse_fact,baseline,Traditional cache,18.066,52.799,4.233591,127061.0,1676,delivery/paper/repro_audit/longctx_table1_32_32_perf_20260605/replay_reports/table1_controls_32_32/run_20260605_163215_qwen2p51_c2798c_qwen2p51_0e3828/hit_miss_amat_summary.csv
qwen2p5_14b_instruct,8k,8k_qwen2p5_14b_instruct_lcqa_dual_anchor_incident,baseline,Traditional cache,19.206,52.279,4.232569,127095.0,1671,delivery/paper/repro_audit/longctx_table1_32_32_perf_20260605/replay_reports/table1_controls_32_32/run_20260605_163215_qwen2p51_c2798c_qwen2p51_0e3828/hit_miss_amat_summary.csv
qwen2p5_14b_instruct,8k,8k_qwen2p5_14b_instruct_lcqa_backend_priority_rule,baseline,Traditional cache,21.81,52.865,4.235488,127044.0,1681,delivery/paper/repro_audit/longctx_table1_32_32_perf_20260605/replay_reports/table1_controls_32_32/run_20260605_163215_qwen2p51_c2798c_qwen2p51_0e3828/hit_miss_amat_summary.csv
qwen2p5_14b_instruct,8k,8k_qwen2p5_14b_instruct_lcqa_epoch_window_recall,baseline,Traditional cache,20.345,50.065,4.209465,126592.0,1582,delivery/paper/repro_audit/longctx_table1_32_32_perf_20260605/replay_reports/table1_controls_32_32/run_20260605_163215_qwen2p51_c2798c_qwen2p51_0e3828/hit_miss_amat_summary.csv
qwen2p5_14b_instruct,8k,8k_qwen2p5_14b_instruct_lcqa_dual_budget_rule,baseline,Traditional cache,20.15,50.0,4.21106,126623.0,1588,delivery/paper/repro_audit/longctx_table1_32_32_perf_20260605/replay_reports/table1_controls_32_32/run_20260605_163215_qwen2p51_c2798c_qwen2p51_0e3828/hit_miss_amat_summary.csv
qwen2p5_14b_instruct,8k,8k_qwen2p5_14b_instruct_lcqa_query_relevance_note,baseline,Traditional cache,22.103,48.21,4.196502,126340.0,1530,delivery/paper/repro_audit/longctx_table1_32_32_perf_20260605/replay_reports/table1_controls_32_32/run_20260605_163215_qwen2p51_c2798c_qwen2p51_0e3828/hit_miss_amat_summary.csv
qwen2p5_14b_instruct,8k,8k_qwen2p5_14b_instruct_lcqa_spill_cost_reason,baseline,Traditional cache,19.043,54.753,4.250257,127385.0,1739,delivery/paper/repro_audit/longctx_table1_32_32_perf_20260605/replay_reports/table1_controls_32_32/run_20260605_163215_qwen2p51_c2798c_qwen2p51_0e3828/hit_miss_amat_summary.csv
qwen2p5_14b_instruct,8k,8k_qwen2p5_14b_instruct_lcqa_head_budget_rule,baseline,Traditional cache,20.931,53.19,4.233186,127107.0,1675,delivery/paper/repro_audit/longctx_table1_32_32_perf_20260605/replay_reports/table1_controls_32_32/run_20260605_163215_qwen2p51_c2798c_qwen2p51_0e3828/hit_miss_amat_summary.csv
qwen2p5_14b_instruct,8k,8k_qwen2p5_14b_instruct_cmqa_early_name_recall,baseline,Traditional cache,18.392,54.036,4.246192,127252.0,1723,delivery/paper/repro_audit/longctx_table1_32_32_perf_20260605/replay_reports/table1_controls_32_32/run_20260605_163215_qwen2p51_c2798c_qwen2p51_0e3828/hit_miss_amat_summary.csv
qwen2p5_14b_instruct,8k,8k_qwen2p5_14b_instruct_cmqa_policy_recall,baseline,Traditional cache,18.099,54.622,4.250206,127384.0,1741,delivery/paper/repro_audit/longctx_table1_32_32_perf_20260605/replay_reports/table1_controls_32_32/run_20260605_163215_qwen2p51_c2798c_qwen2p51_0e3828/hit_miss_amat_summary.csv
qwen2p5_14b_instruct,8k,8k_qwen2p5_14b_instruct_cmqa_anchor_reasoning,baseline,Traditional cache,21.061,52.051,4.225443,126795.0,1642,delivery/paper/repro_audit/longctx_table1_32_32_perf_20260605/replay_reports/table1_controls_32_32/run_20260605_163215_qwen2p51_c2798c_qwen2p51_0e3828/hit_miss_amat_summary.csv
qwen2p5_14b_instruct,8k,8k_qwen2p5_14b_instruct_cmqa_backend_recall,baseline,Traditional cache,22.07,51.595,4.222714,126742.0,1632,delivery/paper/repro_audit/longctx_table1_32_32_perf_20260605/replay_reports/table1_controls_32_32/run_20260605_163215_qwen2p51_c2798c_qwen2p51_0e3828/hit_miss_amat_summary.csv
qwen2p5_14b_instruct,8k,8k_qwen2p5_14b_instruct_cmqa_field_recall,baseline,Traditional cache,19.043,52.311,4.23054,126894.0,1662,delivery/paper/repro_audit/longctx_table1_32_32_perf_20260605/replay_reports/table1_controls_32_32/run_20260605_163215_qwen2p51_c2798c_qwen2p51_0e3828/hit_miss_amat_summary.csv
qwen2p5_14b_instruct,8k,8k_qwen2p5_14b_instruct_cmqa_epoch_memory,baseline,Traditional cache,17.741,55.143,4.2518,127415.0,1746,delivery/paper/repro_audit/longctx_table1_32_32_perf_20260605/replay_reports/table1_controls_32_32/run_20260605_163215_qwen2p51_c2798c_qwen2p51_0e3828/hit_miss_amat_summary.csv
qwen2p5_14b_instruct,8k,8k_qwen2p5_14b_instruct_cmqa_budget_memory,baseline,Traditional cache,16.602,51.204,4.217798,126754.0,1614,delivery/paper/repro_audit/longctx_table1_32_32_perf_20260605/replay_reports/table1_controls_32_32/run_20260605_163215_qwen2p51_c2798c_qwen2p51_0e3828/hit_miss_amat_summary.csv
qwen2p5_14b_instruct,8k,8k_qwen2p5_14b_instruct_mdqa_cross_doc_role,fpga_true_h2o_pure,Pure H2O,20.41,54.59,4.245833,127299.0,1724,delivery/paper/repro_audit/longctx_table1_32_32_perf_20260605/replay_reports/table1_controls_32_32/run_20260605_163215_qwen2p51_c2798c_qwen2p51_0e3828/hit_miss_amat_summary.csv
qwen2p5_14b_instruct,8k,8k_qwen2p5_14b_instruct_mdqa_component_match,fpga_true_h2o_pure,Pure H2O,20.605,59.603,4.282754,128071.0,1868,delivery/paper/repro_audit/longctx_table1_32_32_perf_20260605/replay_reports/table1_controls_32_32/run_20260605_163215_qwen2p51_c2798c_qwen2p51_0e3828/hit_miss_amat_summary.csv
qwen2p5_14b_instruct,8k,8k_qwen2p5_14b_instruct_mdqa_two_hop_summary,fpga_true_h2o_pure,Pure H2O,15.69,60.189,4.28913,128195.0,1893,delivery/paper/repro_audit/longctx_table1_32_32_perf_20260605/replay_reports/table1_controls_32_32/run_20260605_163215_qwen2p51_c2798c_qwen2p51_0e3828/hit_miss_amat_summary.csv
qwen2p5_14b_instruct,8k,8k_qwen2p5_14b_instruct_mdqa_cross_doc_priority,fpga_true_h2o_pure,Pure H2O,22.461,52.702,4.227263,126938.0,1652,delivery/paper/repro_audit/longctx_table1_32_32_perf_20260605/replay_reports/table1_controls_32_32/run_20260605_163215_qwen2p51_c2798c_qwen2p51_0e3828/hit_miss_amat_summary.csv
qwen2p5_14b_instruct,8k,8k_qwen2p5_14b_instruct_mdqa_chain_descriptor_fields,fpga_true_h2o_pure,Pure H2O,21.517,55.046,4.247118,127270.0,1729,delivery/paper/repro_audit/longctx_table1_32_32_perf_20260605/replay_reports/table1_controls_32_32/run_20260605_163215_qwen2p51_c2798c_qwen2p51_0e3828/hit_miss_amat_summary.csv
qwen2p5_14b_instruct,8k,8k_qwen2p5_14b_instruct_mdqa_three_stage_lookup,fpga_true_h2o_pure,Pure H2O,18.522,58.594,4.274856,127809.0,1837,delivery/paper/repro_audit/longctx_table1_32_32_perf_20260605/replay_reports/table1_controls_32_32/run_20260605_163215_qwen2p51_c2798c_qwen2p51_0e3828/hit_miss_amat_summary.csv
qwen2p5_14b_instruct,8k,8k_qwen2p5_14b_instruct_mdqa_compression_guard,fpga_true_h2o_pure,Pure H2O,21.875,57.552,4.266423,127591.0,1803,delivery/paper/repro_audit/longctx_table1_32_32_perf_20260605/replay_reports/table1_controls_32_32/run_20260605_163215_qwen2p51_c2798c_qwen2p51_0e3828/hit_miss_amat_summary.csv
qwen2p5_14b_instruct,8k,8k_qwen2p5_14b_instruct_mdqa_query_cost_chain,fpga_true_h2o_pure,Pure H2O,18.359,58.659,4.276709,127845.0,1844,delivery/paper/repro_audit/longctx_table1_32_32_perf_20260605/replay_reports/table1_controls_32_32/run_20260605_163215_qwen2p51_c2798c_qwen2p51_0e3828/hit_miss_amat_summary.csv
qwen2p5_14b_instruct,8k,8k_qwen2p5_14b_instruct_mdqa_head_budget_allocation,fpga_true_h2o_pure,Pure H2O,21.452,56.315,4.258079,127483.0,1772,delivery/paper/repro_audit/longctx_table1_32_32_perf_20260605/replay_reports/table1_controls_32_32/run_20260605_163215_qwen2p51_c2798c_qwen2p51_0e3828/hit_miss_amat_summary.csv
qwen2p5_14b_instruct,8k,8k_qwen2p5_14b_instruct_mdqa_backend_admission_reason,fpga_true_h2o_pure,Pure H2O,21.029,53.451,4.233128,127052.0,1674,delivery/paper/repro_audit/longctx_table1_32_32_perf_20260605/replay_reports/table1_controls_32_32/run_20260605_163215_qwen2p51_c2798c_qwen2p51_0e3828/hit_miss_amat_summary.csv
qwen2p5_14b_instruct,8k,8k_qwen2p5_14b_instruct_lcqa_anchor_timeline,fpga_true_h2o_pure,Pure H2O,19.271,55.762,4.251698,127413.0,1747,delivery/paper/repro_audit/longctx_table1_32_32_perf_20260605/replay_reports/table1_controls_32_32/run_20260605_163215_qwen2p51_c2798c_qwen2p51_0e3828/hit_miss_amat_summary.csv
qwen2p5_14b_instruct,8k,8k_qwen2p5_14b_instruct_lcqa_revision_policy,fpga_true_h2o_pure,Pure H2O,18.815,54.915,4.246449,127257.0,1726,delivery/paper/repro_audit/longctx_table1_32_32_perf_20260605/replay_reports/table1_controls_32_32/run_20260605_163215_qwen2p51_c2798c_qwen2p51_0e3828/hit_miss_amat_summary.csv
qwen2p5_14b_instruct,8k,8k_qwen2p5_14b_instruct_lcqa_sparse_fact,fpga_true_h2o_pure,Pure H2O,17.969,54.72,4.24285,127241.0,1712,delivery/paper/repro_audit/longctx_table1_32_32_perf_20260605/replay_reports/table1_controls_32_32/run_20260605_163215_qwen2p51_c2798c_qwen2p51_0e3828/hit_miss_amat_summary.csv
qwen2p5_14b_instruct,8k,8k_qwen2p5_14b_instruct_lcqa_dual_anchor_incident,fpga_true_h2o_pure,Pure H2O,19.141,54.102,4.23987,127237.0,1702,delivery/paper/repro_audit/longctx_table1_32_32_perf_20260605/replay_reports/table1_controls_32_32/run_20260605_163215_qwen2p51_c2798c_qwen2p51_0e3828/hit_miss_amat_summary.csv
qwen2p5_14b_instruct,8k,8k_qwen2p5_14b_instruct_lcqa_backend_priority_rule,fpga_true_h2o_pure,Pure H2O,22.005,53.418,4.235591,127046.0,1684,delivery/paper/repro_audit/longctx_table1_32_32_perf_20260605/replay_reports/table1_controls_32_32/run_20260605_163215_qwen2p51_c2798c_qwen2p51_0e3828/hit_miss_amat_summary.csv
qwen2p5_14b_instruct,8k,8k_qwen2p5_14b_instruct_lcqa_epoch_window_recall,fpga_true_h2o_pure,Pure H2O,20.312,53.385,4.235597,127100.0,1684,delivery/paper/repro_audit/longctx_table1_32_32_perf_20260605/replay_reports/table1_controls_32_32/run_20260605_163215_qwen2p51_c2798c_qwen2p51_0e3828/hit_miss_amat_summary.csv
qwen2p5_14b_instruct,8k,8k_qwen2p5_14b_instruct_lcqa_dual_budget_rule,fpga_true_h2o_pure,Pure H2O,19.857,57.715,4.266152,127694.0,1803,delivery/paper/repro_audit/longctx_table1_32_32_perf_20260605/replay_reports/table1_controls_32_32/run_20260605_163215_qwen2p51_c2798c_qwen2p51_0e3828/hit_miss_amat_summary.csv
qwen2p5_14b_instruct,8k,8k_qwen2p5_14b_instruct_lcqa_query_relevance_note,fpga_true_h2o_pure,Pure H2O,22.07,51.953,4.219753,126792.0,1622,delivery/paper/repro_audit/longctx_table1_32_32_perf_20260605/replay_reports/table1_controls_32_32/run_20260605_163215_qwen2p51_c2798c_qwen2p51_0e3828/hit_miss_amat_summary.csv
qwen2p5_14b_instruct,8k,8k_qwen2p5_14b_instruct_lcqa_spill_cost_reason,fpga_true_h2o_pure,Pure H2O,19.01,60.938,4.297171,128297.0,1923,delivery/paper/repro_audit/longctx_table1_32_32_perf_20260605/replay_reports/table1_controls_32_32/run_20260605_163215_qwen2p51_c2798c_qwen2p51_0e3828/hit_miss_amat_summary.csv
qwen2p5_14b_instruct,8k,8k_qwen2p5_14b_instruct_lcqa_head_budget_rule,fpga_true_h2o_pure,Pure H2O,20.996,57.617,4.266403,127753.0,1805,delivery/paper/repro_audit/longctx_table1_32_32_perf_20260605/replay_reports/table1_controls_32_32/run_20260605_163215_qwen2p51_c2798c_qwen2p51_0e3828/hit_miss_amat_summary.csv
qwen2p5_14b_instruct,8k,8k_qwen2p5_14b_instruct_cmqa_early_name_recall,fpga_true_h2o_pure,Pure H2O,18.392,51.79,4.220873,126760.0,1627,delivery/paper/repro_audit/longctx_table1_32_32_perf_20260605/replay_reports/table1_controls_32_32/run_20260605_163215_qwen2p51_c2798c_qwen2p51_0e3828/hit_miss_amat_summary.csv
qwen2p5_14b_instruct,8k,8k_qwen2p5_14b_instruct_cmqa_policy_recall,fpga_true_h2o_pure,Pure H2O,17.969,61.686,4.299383,128340.0,1932,delivery/paper/repro_audit/longctx_table1_32_32_perf_20260605/replay_reports/table1_controls_32_32/run_20260605_163215_qwen2p51_c2798c_qwen2p51_0e3828/hit_miss_amat_summary.csv
qwen2p5_14b_instruct,8k,8k_qwen2p5_14b_instruct_cmqa_anchor_reasoning,fpga_true_h2o_pure,Pure H2O,20.736,56.478,4.257311,127414.0,1767,delivery/paper/repro_audit/longctx_table1_32_32_perf_20260605/replay_reports/table1_controls_32_32/run_20260605_163215_qwen2p51_c2798c_qwen2p51_0e3828/hit_miss_amat_summary.csv
qwen2p5_14b_instruct,8k,8k_qwen2p5_14b_instruct_cmqa_backend_recall,fpga_true_h2o_pure,Pure H2O,22.331,52.897,4.229098,126866.0,1658,delivery/paper/repro_audit/longctx_table1_32_32_perf_20260605/replay_reports/table1_controls_32_32/run_20260605_163215_qwen2p51_c2798c_qwen2p51_0e3828/hit_miss_amat_summary.csv
qwen2p5_14b_instruct,8k,8k_qwen2p5_14b_instruct_cmqa_field_recall,fpga_true_h2o_pure,Pure H2O,19.108,54.46,4.24341,127144.0,1714,delivery/paper/repro_audit/longctx_table1_32_32_perf_20260605/replay_reports/table1_controls_32_32/run_20260605_163215_qwen2p51_c2798c_qwen2p51_0e3828/hit_miss_amat_summary.csv
qwen2p5_14b_instruct,8k,8k_qwen2p5_14b_instruct_cmqa_epoch_memory,fpga_true_h2o_pure,Pure H2O,17.773,58.366,4.2732,127831.0,1830,delivery/paper/repro_audit/longctx_table1_32_32_perf_20260605/replay_reports/table1_controls_32_32/run_20260605_163215_qwen2p51_c2798c_qwen2p51_0e3828/hit_miss_amat_summary.csv
qwen2p5_14b_instruct,8k,8k_qwen2p5_14b_instruct_cmqa_budget_memory,fpga_true_h2o_pure,Pure H2O,16.667,53.027,4.229578,126983.0,1661,delivery/paper/repro_audit/longctx_table1_32_32_perf_20260605/replay_reports/table1_controls_32_32/run_20260605_163215_qwen2p51_c2798c_qwen2p51_0e3828/hit_miss_amat_summary.csv
qwen2p5_14b_instruct,8k,8k_qwen2p5_14b_instruct_mdqa_cross_doc_role,fpga_h2o_plus_service_clean_victim_cache16_v245,H2O + victim cache,20.28,36.003,4.047582,123445.0,1106,delivery/paper/repro_audit/longctx_table1_32_32_perf_20260605/replay_reports/table1_controls_32_32/run_20260605_163215_qwen2p51_c2798c_qwen2p51_0e3828/hit_miss_amat_summary.csv
qwen2p5_14b_instruct,8k,8k_qwen2p5_14b_instruct_mdqa_component_match,fpga_h2o_plus_service_clean_victim_cache16_v245,H2O + victim cache,20.898,40.788,4.085356,124232.0,1253,delivery/paper/repro_audit/longctx_table1_32_32_perf_20260605/replay_reports/table1_controls_32_32/run_20260605_163215_qwen2p51_c2798c_qwen2p51_0e3828/hit_miss_amat_summary.csv
qwen2p5_14b_instruct,8k,8k_qwen2p5_14b_instruct_mdqa_two_hop_summary,fpga_h2o_plus_service_clean_victim_cache16_v245,H2O + victim cache,16.211,40.137,4.080368,124135.0,1233,delivery/paper/repro_audit/longctx_table1_32_32_perf_20260605/replay_reports/table1_controls_32_32/run_20260605_163215_qwen2p51_c2798c_qwen2p51_0e3828/hit_miss_amat_summary.csv
qwen2p5_14b_instruct,8k,8k_qwen2p5_14b_instruct_mdqa_cross_doc_priority,fpga_h2o_plus_service_clean_victim_cache16_v245,H2O + victim cache,22.689,31.283,4.01034,122721.0,961,delivery/paper/repro_audit/longctx_table1_32_32_perf_20260605/replay_reports/table1_controls_32_32/run_20260605_163215_qwen2p51_c2798c_qwen2p51_0e3828/hit_miss_amat_summary.csv
qwen2p5_14b_instruct,8k,8k_qwen2p5_14b_instruct_mdqa_chain_descriptor_fields,fpga_h2o_plus_service_clean_victim_cache16_v245,H2O + victim cache,22.168,37.858,4.062166,123676.0,1163,delivery/paper/repro_audit/longctx_table1_32_32_perf_20260605/replay_reports/table1_controls_32_32/run_20260605_163215_qwen2p51_c2798c_qwen2p51_0e3828/hit_miss_amat_summary.csv
qwen2p5_14b_instruct,8k,8k_qwen2p5_14b_instruct_mdqa_three_stage_lookup,fpga_h2o_plus_service_clean_victim_cache16_v245,H2O + victim cache,18.294,38.281,4.065768,123746.0,1176,delivery/paper/repro_audit/longctx_table1_32_32_perf_20260605/replay_reports/table1_controls_32_32/run_20260605_163215_qwen2p51_c2798c_qwen2p51_0e3828/hit_miss_amat_summary.csv
qwen2p5_14b_instruct,8k,8k_qwen2p5_14b_instruct_mdqa_compression_guard,fpga_h2o_plus_service_clean_victim_cache16_v245,H2O + victim cache,22.168,37.76,4.061522,123611.0,1160,delivery/paper/repro_audit/longctx_table1_32_32_perf_20260605/replay_reports/table1_controls_32_32/run_20260605_163215_qwen2p51_c2798c_qwen2p51_0e3828/hit_miss_amat_summary.csv
qwen2p5_14b_instruct,8k,8k_qwen2p5_14b_instruct_mdqa_query_cost_chain,fpga_h2o_plus_service_clean_victim_cache16_v245,H2O + victim cache,18.717,38.509,4.067415,123778.0,1183,delivery/paper/repro_audit/longctx_table1_32_32_perf_20260605/replay_reports/table1_controls_32_32/run_20260605_163215_qwen2p51_c2798c_qwen2p51_0e3828/hit_miss_amat_summary.csv
qwen2p5_14b_instruct,8k,8k_qwen2p5_14b_instruct_mdqa_head_budget_allocation,fpga_h2o_plus_service_clean_victim_cache16_v245,H2O + victim cache,20.996,40.43,4.082596,124073.0,1242,delivery/paper/repro_audit/longctx_table1_32_32_perf_20260605/replay_reports/table1_controls_32_32/run_20260605_163215_qwen2p51_c2798c_qwen2p51_0e3828/hit_miss_amat_summary.csv
qwen2p5_14b_instruct,8k,8k_qwen2p5_14b_instruct_mdqa_backend_admission_reason,fpga_h2o_plus_service_clean_victim_cache16_v245,H2O + victim cache,20.638,34.733,4.037449,123248.0,1067,delivery/paper/repro_audit/longctx_table1_32_32_perf_20260605/replay_reports/table1_controls_32_32/run_20260605_163215_qwen2p51_c2798c_qwen2p51_0e3828/hit_miss_amat_summary.csv
qwen2p5_14b_instruct,8k,8k_qwen2p5_14b_instruct_lcqa_anchor_timeline,fpga_h2o_plus_service_clean_victim_cache16_v245,H2O + victim cache,20.312,36.784,4.053652,123563.0,1130,delivery/paper/repro_audit/longctx_table1_32_32_perf_20260605/replay_reports/table1_controls_32_32/run_20260605_163215_qwen2p51_c2798c_qwen2p51_0e3828/hit_miss_amat_summary.csv
qwen2p5_14b_instruct,8k,8k_qwen2p5_14b_instruct_lcqa_revision_policy,fpga_h2o_plus_service_clean_victim_cache16_v245,H2O + victim cache,19.401,39.583,4.075854,123942.0,1216,delivery/paper/repro_audit/longctx_table1_32_32_perf_20260605/replay_reports/table1_controls_32_32/run_20260605_163215_qwen2p51_c2798c_qwen2p51_0e3828/hit_miss_amat_summary.csv
qwen2p5_14b_instruct,8k,8k_qwen2p5_14b_instruct_lcqa_sparse_fact,fpga_h2o_plus_service_clean_victim_cache16_v245,H2O + victim cache,17.969,36.882,4.054527,123580.0,1133,delivery/paper/repro_audit/longctx_table1_32_32_perf_20260605/replay_reports/table1_controls_32_32/run_20260605_163215_qwen2p51_c2798c_qwen2p51_0e3828/hit_miss_amat_summary.csv
qwen2p5_14b_instruct,8k,8k_qwen2p5_14b_instruct_lcqa_dual_anchor_incident,fpga_h2o_plus_service_clean_victim_cache16_v245,H2O + victim cache,19.238,35.091,4.040467,123359.0,1078,delivery/paper/repro_audit/longctx_table1_32_32_perf_20260605/replay_reports/table1_controls_32_32/run_20260605_163215_qwen2p51_c2798c_qwen2p51_0e3828/hit_miss_amat_summary.csv
qwen2p5_14b_instruct,8k,8k_qwen2p5_14b_instruct_lcqa_backend_priority_rule,fpga_h2o_plus_service_clean_victim_cache16_v245,H2O + victim cache,22.168,36.621,4.052439,123487.0,1125,delivery/paper/repro_audit/longctx_table1_32_32_perf_20260605/replay_reports/table1_controls_32_32/run_20260605_163215_qwen2p51_c2798c_qwen2p51_0e3828/hit_miss_amat_summary.csv
qwen2p5_14b_instruct,8k,8k_qwen2p5_14b_instruct_lcqa_epoch_window_recall,fpga_h2o_plus_service_clean_victim_cache16_v245,H2O + victim cache,20.605,33.822,4.030453,123112.0,1039,delivery/paper/repro_audit/longctx_table1_32_32_perf_20260605/replay_reports/table1_controls_32_32/run_20260605_163215_qwen2p51_c2798c_qwen2p51_0e3828/hit_miss_amat_summary.csv
qwen2p5_14b_instruct,8k,8k_qwen2p5_14b_instruct_lcqa_dual_budget_rule,fpga_h2o_plus_service_clean_victim_cache16_v245,H2O + victim cache,19.629,39.29,4.073611,123951.0,1207,delivery/paper/repro_audit/longctx_table1_32_32_perf_20260605/replay_reports/table1_controls_32_32/run_20260605_163215_qwen2p51_c2798c_qwen2p51_0e3828/hit_miss_amat_summary.csv
qwen2p5_14b_instruct,8k,8k_qwen2p5_14b_instruct_lcqa_query_relevance_note,fpga_h2o_plus_service_clean_victim_cache16_v245,H2O + victim cache,22.168,39.714,4.0768,124013.0,1220,delivery/paper/repro_audit/longctx_table1_32_32_perf_20260605/replay_reports/table1_controls_32_32/run_20260605_163215_qwen2p51_c2798c_qwen2p51_0e3828/hit_miss_amat_summary.csv
qwen2p5_14b_instruct,8k,8k_qwen2p5_14b_instruct_lcqa_spill_cost_reason,fpga_h2o_plus_service_clean_victim_cache16_v245,H2O + victim cache,19.271,41.341,4.089712,124264.0,1270,delivery/paper/repro_audit/longctx_table1_32_32_perf_20260605/replay_reports/table1_controls_32_32/run_20260605_163215_qwen2p51_c2798c_qwen2p51_0e3828/hit_miss_amat_summary.csv
qwen2p5_14b_instruct,8k,8k_qwen2p5_14b_instruct_lcqa_head_budget_rule,fpga_h2o_plus_service_clean_victim_cache16_v245,H2O + victim cache,20.964,39.779,4.077489,124079.0,1222,delivery/paper/repro_audit/longctx_table1_32_32_perf_20260605/replay_reports/table1_controls_32_32/run_20260605_163215_qwen2p51_c2798c_qwen2p51_0e3828/hit_miss_amat_summary.csv
qwen2p5_14b_instruct,8k,8k_qwen2p5_14b_instruct_cmqa_early_name_recall,fpga_h2o_plus_service_clean_victim_cache16_v245,H2O + victim cache,18.913,35.938,4.047036,123382.0,1104,delivery/paper/repro_audit/longctx_table1_32_32_perf_20260605/replay_reports/table1_controls_32_32/run_20260605_163215_qwen2p51_c2798c_qwen2p51_0e3828/hit_miss_amat_summary.csv
qwen2p5_14b_instruct,8k,8k_qwen2p5_14b_instruct_cmqa_policy_recall,fpga_h2o_plus_service_clean_victim_cache16_v245,H2O + victim cache,18.392,36.458,4.05108,123513.0,1120,delivery/paper/repro_audit/longctx_table1_32_32_perf_20260605/replay_reports/table1_controls_32_32/run_20260605_163215_qwen2p51_c2798c_qwen2p51_0e3828/hit_miss_amat_summary.csv
qwen2p5_14b_instruct,8k,8k_qwen2p5_14b_instruct_cmqa_anchor_reasoning,fpga_h2o_plus_service_clean_victim_cache16_v245,H2O + victim cache,20.508,38.77,4.069399,123764.0,1191,delivery/paper/repro_audit/longctx_table1_32_32_perf_20260605/replay_reports/table1_controls_32_32/run_20260605_163215_qwen2p51_c2798c_qwen2p51_0e3828/hit_miss_amat_summary.csv
qwen2p5_14b_instruct,8k,8k_qwen2p5_14b_instruct_cmqa_backend_recall,fpga_h2o_plus_service_clean_victim_cache16_v245,H2O + victim cache,22.331,40.365,4.082012,124009.0,1240,delivery/paper/repro_audit/longctx_table1_32_32_perf_20260605/replay_reports/table1_controls_32_32/run_20260605_163215_qwen2p51_c2798c_qwen2p51_0e3828/hit_miss_amat_summary.csv
qwen2p5_14b_instruct,8k,8k_qwen2p5_14b_instruct_cmqa_field_recall,fpga_h2o_plus_service_clean_victim_cache16_v245,H2O + victim cache,18.945,36.589,4.052152,123429.0,1124,delivery/paper/repro_audit/longctx_table1_32_32_perf_20260605/replay_reports/table1_controls_32_32/run_20260605_163215_qwen2p51_c2798c_qwen2p51_0e3828/hit_miss_amat_summary.csv
qwen2p5_14b_instruct,8k,8k_qwen2p5_14b_instruct_cmqa_epoch_memory,fpga_h2o_plus_service_clean_victim_cache16_v245,H2O + victim cache,18.262,36.328,4.050103,123494.0,1116,delivery/paper/repro_audit/longctx_table1_32_32_perf_20260605/replay_reports/table1_controls_32_32/run_20260605_163215_qwen2p51_c2798c_qwen2p51_0e3828/hit_miss_amat_summary.csv
qwen2p5_14b_instruct,8k,8k_qwen2p5_14b_instruct_cmqa_budget_memory,fpga_h2o_plus_service_clean_victim_cache16_v245,H2O + victim cache,16.504,37.956,4.063066,123746.0,1166,delivery/paper/repro_audit/longctx_table1_32_32_perf_20260605/replay_reports/table1_controls_32_32/run_20260605_163215_qwen2p51_c2798c_qwen2p51_0e3828/hit_miss_amat_summary.csv
qwen2p5_14b_instruct,8k,8k_qwen2p5_14b_instruct_mdqa_cross_doc_role,fpga_h2o_plus_service_strict_miss_prefetch_v206,H2O + guarded prefetch,20.28,56.12,4.210751,126617.0,1734,delivery/paper/repro_audit/longctx_table1_32_32_perf_20260605/replay_reports/table1_controls_32_32/run_20260605_163215_qwen2p51_c2798c_qwen2p51_0e3828/hit_miss_amat_summary.csv
qwen2p5_14b_instruct,8k,8k_qwen2p5_14b_instruct_mdqa_component_match,fpga_h2o_plus_service_strict_miss_prefetch_v206,H2O + guarded prefetch,20.898,61.263,4.24856,127406.0,1887,delivery/paper/repro_audit/longctx_table1_32_32_perf_20260605/replay_reports/table1_controls_32_32/run_20260605_163215_qwen2p51_c2798c_qwen2p51_0e3828/hit_miss_amat_summary.csv
qwen2p5_14b_instruct,8k,8k_qwen2p5_14b_instruct_mdqa_two_hop_summary,fpga_h2o_plus_service_strict_miss_prefetch_v206,H2O + guarded prefetch,16.211,60.449,4.243161,127301.0,1866,delivery/paper/repro_audit/longctx_table1_32_32_perf_20260605/replay_reports/table1_controls_32_32/run_20260605_163215_qwen2p51_c2798c_qwen2p51_0e3828/hit_miss_amat_summary.csv
qwen2p5_14b_instruct,8k,8k_qwen2p5_14b_instruct_mdqa_cross_doc_priority,fpga_h2o_plus_service_strict_miss_prefetch_v206,H2O + guarded prefetch,22.689,53.743,4.190072,126215.0,1659,delivery/paper/repro_audit/longctx_table1_32_32_perf_20260605/replay_reports/table1_controls_32_32/run_20260605_163215_qwen2p51_c2798c_qwen2p51_0e3828/hit_miss_amat_summary.csv
qwen2p5_14b_instruct,8k,8k_qwen2p5_14b_instruct_mdqa_chain_descriptor_fields,fpga_h2o_plus_service_strict_miss_prefetch_v206,H2O + guarded prefetch,22.103,53.353,4.19051,126170.0,1654,delivery/paper/repro_audit/longctx_table1_32_32_perf_20260605/replay_reports/table1_controls_32_32/run_20260605_163215_qwen2p51_c2798c_qwen2p51_0e3828/hit_miss_amat_summary.csv
qwen2p5_14b_instruct,8k,8k_qwen2p5_14b_instruct_mdqa_three_stage_lookup,fpga_h2o_plus_service_strict_miss_prefetch_v206,H2O + guarded prefetch,18.294,57.227,4.216653,126678.0,1761,delivery/paper/repro_audit/longctx_table1_32_32_perf_20260605/replay_reports/table1_controls_32_32/run_20260605_163215_qwen2p51_c2798c_qwen2p51_0e3828/hit_miss_amat_summary.csv
qwen2p5_14b_instruct,8k,8k_qwen2p5_14b_instruct_mdqa_compression_guard,fpga_h2o_plus_service_strict_miss_prefetch_v206,H2O + guarded prefetch,22.168,57.292,4.21772,126645.0,1766,delivery/paper/repro_audit/longctx_table1_32_32_perf_20260605/replay_reports/table1_controls_32_32/run_20260605_163215_qwen2p51_c2798c_qwen2p51_0e3828/hit_miss_amat_summary.csv
qwen2p5_14b_instruct,8k,8k_qwen2p5_14b_instruct_mdqa_query_cost_chain,fpga_h2o_plus_service_strict_miss_prefetch_v206,H2O + guarded prefetch,18.717,62.793,4.260961,127539.0,1934,delivery/paper/repro_audit/longctx_table1_32_32_perf_20260605/replay_reports/table1_controls_32_32/run_20260605_163215_qwen2p51_c2798c_qwen2p51_0e3828/hit_miss_amat_summary.csv
qwen2p5_14b_instruct,8k,8k_qwen2p5_14b_instruct_mdqa_head_budget_allocation,fpga_h2o_plus_service_strict_miss_prefetch_v206,H2O + guarded prefetch,20.996,55.827,4.20492,126450.0,1716,delivery/paper/repro_audit/longctx_table1_32_32_perf_20260605/replay_reports/table1_controls_32_32/run_20260605_163215_qwen2p51_c2798c_qwen2p51_0e3828/hit_miss_amat_summary.csv
qwen2p5_14b_instruct,8k,8k_qwen2p5_14b_instruct_mdqa_backend_admission_reason,fpga_h2o_plus_service_strict_miss_prefetch_v206,H2O + guarded prefetch,20.638,53.06,4.183282,126083.0,1632,delivery/paper/repro_audit/longctx_table1_32_32_perf_20260605/replay_reports/table1_controls_32_32/run_20260605_163215_qwen2p51_c2798c_qwen2p51_0e3828/hit_miss_amat_summary.csv
qwen2p5_14b_instruct,8k,8k_qwen2p5_14b_instruct_lcqa_anchor_timeline,fpga_h2o_plus_service_strict_miss_prefetch_v206,H2O + guarded prefetch,20.312,53.06,4.188992,126194.0,1650,delivery/paper/repro_audit/longctx_table1_32_32_perf_20260605/replay_reports/table1_controls_32_32/run_20260605_163215_qwen2p51_c2798c_qwen2p51_0e3828/hit_miss_amat_summary.csv
qwen2p5_14b_instruct,8k,8k_qwen2p5_14b_instruct_lcqa_revision_policy,fpga_h2o_plus_service_strict_miss_prefetch_v206,H2O + guarded prefetch,19.401,54.818,4.1972,126300.0,1686,delivery/paper/repro_audit/longctx_table1_32_32_perf_20260605/replay_reports/table1_controls_32_32/run_20260605_163215_qwen2p51_c2798c_qwen2p51_0e3828/hit_miss_amat_summary.csv
qwen2p5_14b_instruct,8k,8k_qwen2p5_14b_instruct_lcqa_sparse_fact,fpga_h2o_plus_service_strict_miss_prefetch_v206,H2O + guarded prefetch,17.969,54.557,4.196605,126342.0,1683,delivery/paper/repro_audit/longctx_table1_32_32_perf_20260605/replay_reports/table1_controls_32_32/run_20260605_163215_qwen2p51_c2798c_qwen2p51_0e3828/hit_miss_amat_summary.csv
qwen2p5_14b_instruct,8k,8k_qwen2p5_14b_instruct_lcqa_dual_anchor_incident,fpga_h2o_plus_service_strict_miss_prefetch_v206,H2O + guarded prefetch,19.238,54.329,4.196216,126388.0,1682,delivery/paper/repro_audit/longctx_table1_32_32_perf_20260605/replay_reports/table1_controls_32_32/run_20260605_163215_qwen2p51_c2798c_qwen2p51_0e3828/hit_miss_amat_summary.csv
qwen2p5_14b_instruct,8k,8k_qwen2p5_14b_instruct_lcqa_backend_priority_rule,fpga_h2o_plus_service_strict_miss_prefetch_v206,H2O + guarded prefetch,22.168,53.418,4.18557,126074.0,1641,delivery/paper/repro_audit/longctx_table1_32_32_perf_20260605/replay_reports/table1_controls_32_32/run_20260605_163215_qwen2p51_c2798c_qwen2p51_0e3828/hit_miss_amat_summary.csv
qwen2p5_14b_instruct,8k,8k_qwen2p5_14b_instruct_lcqa_epoch_window_recall,fpga_h2o_plus_service_strict_miss_prefetch_v206,H2O + guarded prefetch,20.605,53.646,4.189095,126196.0,1654,delivery/paper/repro_audit/longctx_table1_32_32_perf_20260605/replay_reports/table1_controls_32_32/run_20260605_163215_qwen2p51_c2798c_qwen2p51_0e3828/hit_miss_amat_summary.csv
qwen2p5_14b_instruct,8k,8k_qwen2p5_14b_instruct_lcqa_dual_budget_rule,fpga_h2o_plus_service_strict_miss_prefetch_v206,H2O + guarded prefetch,19.629,58.659,4.2268,126929.0,1802,delivery/paper/repro_audit/longctx_table1_32_32_perf_20260605/replay_reports/table1_controls_32_32/run_20260605_163215_qwen2p51_c2798c_qwen2p51_0e3828/hit_miss_amat_summary.csv
qwen2p5_14b_instruct,8k,8k_qwen2p5_14b_instruct_lcqa_query_relevance_note,fpga_h2o_plus_service_strict_miss_prefetch_v206,H2O + guarded prefetch,22.168,52.767,4.180401,126027.0,1622,delivery/paper/repro_audit/longctx_table1_32_32_perf_20260605/replay_reports/table1_controls_32_32/run_20260605_163215_qwen2p51_c2798c_qwen2p51_0e3828/hit_miss_amat_summary.csv
qwen2p5_14b_instruct,8k,8k_qwen2p5_14b_instruct_lcqa_spill_cost_reason,fpga_h2o_plus_service_strict_miss_prefetch_v206,H2O + guarded prefetch,19.336,59.473,4.240021,127186.0,1847,delivery/paper/repro_audit/longctx_table1_32_32_perf_20260605/replay_reports/table1_controls_32_32/run_20260605_163215_qwen2p51_c2798c_qwen2p51_0e3828/hit_miss_amat_summary.csv
qwen2p5_14b_instruct,8k,8k_qwen2p5_14b_instruct_lcqa_head_budget_rule,fpga_h2o_plus_service_strict_miss_prefetch_v206,H2O + guarded prefetch,20.964,57.78,4.22136,126877.0,1781,delivery/paper/repro_audit/longctx_table1_32_32_perf_20260605/replay_reports/table1_controls_32_32/run_20260605_163215_qwen2p51_c2798c_qwen2p51_0e3828/hit_miss_amat_summary.csv
qwen2p5_14b_instruct,8k,8k_qwen2p5_14b_instruct_cmqa_early_name_recall,fpga_h2o_plus_service_strict_miss_prefetch_v206,H2O + guarded prefetch,18.913,54.427,4.196274,126282.0,1681,delivery/paper/repro_audit/longctx_table1_32_32_perf_20260605/replay_reports/table1_controls_32_32/run_20260605_163215_qwen2p51_c2798c_qwen2p51_0e3828/hit_miss_amat_summary.csv
qwen2p5_14b_instruct,8k,8k_qwen2p5_14b_instruct_cmqa_policy_recall,fpga_h2o_plus_service_strict_miss_prefetch_v206,H2O + guarded prefetch,18.392,60.124,4.243673,127257.0,1863,delivery/paper/repro_audit/longctx_table1_32_32_perf_20260605/replay_reports/table1_controls_32_32/run_20260605_163215_qwen2p51_c2798c_qwen2p51_0e3828/hit_miss_amat_summary.csv
qwen2p5_14b_instruct,8k,8k_qwen2p5_14b_instruct_cmqa_anchor_reasoning,fpga_h2o_plus_service_strict_miss_prefetch_v206,H2O + guarded prefetch,20.378,52.116,4.178388,125881.0,1612,delivery/paper/repro_audit/longctx_table1_32_32_perf_20260605/replay_reports/table1_controls_32_32/run_20260605_163215_qwen2p51_c2798c_qwen2p51_0e3828/hit_miss_amat_summary.csv
qwen2p5_14b_instruct,8k,8k_qwen2p5_14b_instruct_cmqa_backend_recall,fpga_h2o_plus_service_strict_miss_prefetch_v206,H2O + guarded prefetch,22.331,58.691,4.230694,126897.0,1813,delivery/paper/repro_audit/longctx_table1_32_32_perf_20260605/replay_reports/table1_controls_32_32/run_20260605_163215_qwen2p51_c2798c_qwen2p51_0e3828/hit_miss_amat_summary.csv
qwen2p5_14b_instruct,8k,8k_qwen2p5_14b_instruct_cmqa_field_recall,fpga_h2o_plus_service_strict_miss_prefetch_v206,H2O + guarded prefetch,18.945,56.673,4.212057,126535.0,1744,delivery/paper/repro_audit/longctx_table1_32_32_perf_20260605/replay_reports/table1_controls_32_32/run_20260605_163215_qwen2p51_c2798c_qwen2p51_0e3828/hit_miss_amat_summary.csv
qwen2p5_14b_instruct,8k,8k_qwen2p5_14b_instruct_cmqa_epoch_memory,fpga_h2o_plus_service_strict_miss_prefetch_v206,H2O + guarded prefetch,18.262,56.152,4.208179,126567.0,1729,delivery/paper/repro_audit/longctx_table1_32_32_perf_20260605/replay_reports/table1_controls_32_32/run_20260605_163215_qwen2p51_c2798c_qwen2p51_0e3828/hit_miss_amat_summary.csv
qwen2p5_14b_instruct,8k,8k_qwen2p5_14b_instruct_cmqa_budget_memory,fpga_h2o_plus_service_strict_miss_prefetch_v206,H2O + guarded prefetch,16.406,53.158,4.186728,126150.0,1644,delivery/paper/repro_audit/longctx_table1_32_32_perf_20260605/replay_reports/table1_controls_32_32/run_20260605_163215_qwen2p51_c2798c_qwen2p51_0e3828/hit_miss_amat_summary.csv
qwen2p5_7b_instruct,8k,8k_qwen2p5_7b_instruct_mdqa_cross_doc_role,baseline,Traditional cache,20.28,52.246,4.228704,126966.0,1656,delivery/paper/repro_audit/longctx_table1_32_32_perf_20260605/replay_reports/table1_controls_32_32/run_20260605_165255_qwen2p57_f5f68e_qwen2p57_e78994/hit_miss_amat_summary.csv
qwen2p5_7b_instruct,8k,8k_qwen2p5_7b_instruct_mdqa_component_match,baseline,Traditional cache,24.154,50.846,4.216372,126780.0,1608,delivery/paper/repro_audit/longctx_table1_32_32_perf_20260605/replay_reports/table1_controls_32_32/run_20260605_165255_qwen2p57_f5f68e_qwen2p57_e78994/hit_miss_amat_summary.csv
qwen2p5_7b_instruct,8k,8k_qwen2p5_7b_instruct_mdqa_two_hop_summary,baseline,Traditional cache,20.573,50.651,4.209687,126650.0,1583,delivery/paper/repro_audit/longctx_table1_32_32_perf_20260605/replay_reports/table1_controls_32_32/run_20260605_165255_qwen2p57_f5f68e_qwen2p57_e78994/hit_miss_amat_summary.csv
qwen2p5_7b_instruct,8k,8k_qwen2p5_7b_instruct_mdqa_cross_doc_priority,baseline,Traditional cache,20.605,51.79,4.221039,126817.0,1627,delivery/paper/repro_audit/longctx_table1_32_32_perf_20260605/replay_reports/table1_controls_32_32/run_20260605_165255_qwen2p57_f5f68e_qwen2p57_e78994/hit_miss_amat_summary.csv
qwen2p5_7b_instruct,8k,8k_qwen2p5_7b_instruct_mdqa_chain_descriptor_fields,baseline,Traditional cache,16.439,52.409,4.229004,126918.0,1658,delivery/paper/repro_audit/longctx_table1_32_32_perf_20260605/replay_reports/table1_controls_32_32/run_20260605_165255_qwen2p57_f5f68e_qwen2p57_e78994/hit_miss_amat_summary.csv
qwen2p5_7b_instruct,8k,8k_qwen2p5_7b_instruct_mdqa_three_stage_lookup,baseline,Traditional cache,17.643,53.678,4.238267,127098.0,1693,delivery/paper/repro_audit/longctx_table1_32_32_perf_20260605/replay_reports/table1_controls_32_32/run_20260605_165255_qwen2p57_f5f68e_qwen2p57_e78994/hit_miss_amat_summary.csv
qwen2p5_7b_instruct,8k,8k_qwen2p5_7b_instruct_mdqa_compression_guard,baseline,Traditional cache,20.312,49.382,4.201349,126327.0,1548,delivery/paper/repro_audit/longctx_table1_32_32_perf_20260605/replay_reports/table1_controls_32_32/run_20260605_165255_qwen2p57_f5f68e_qwen2p57_e78994/hit_miss_amat_summary.csv
qwen2p5_7b_instruct,8k,8k_qwen2p5_7b_instruct_mdqa_query_cost_chain,baseline,Traditional cache,19.857,49.935,4.208213,126514.0,1577,delivery/paper/repro_audit/longctx_table1_32_32_perf_20260605/replay_reports/table1_controls_32_32/run_20260605_165255_qwen2p57_f5f68e_qwen2p57_e78994/hit_miss_amat_summary.csv
qwen2p5_7b_instruct,8k,8k_qwen2p5_7b_instruct_mdqa_head_budget_allocation,baseline,Traditional cache,19.661,52.344,4.225144,126843.0,1642,delivery/paper/repro_audit/longctx_table1_32_32_perf_20260605/replay_reports/table1_controls_32_32/run_20260605_165255_qwen2p57_f5f68e_qwen2p57_e78994/hit_miss_amat_summary.csv
qwen2p5_7b_instruct,8k,8k_qwen2p5_7b_instruct_mdqa_backend_admission_reason,baseline,Traditional cache,21.842,47.266,4.184568,126108.0,1484,delivery/paper/repro_audit/longctx_table1_32_32_perf_20260605/replay_reports/table1_controls_32_32/run_20260605_165255_qwen2p57_f5f68e_qwen2p57_e78994/hit_miss_amat_summary.csv
qwen2p5_7b_instruct,8k,8k_qwen2p5_7b_instruct_lcqa_anchor_timeline,baseline,Traditional cache,15.658,51.465,4.218004,126758.0,1615,delivery/paper/repro_audit/longctx_table1_32_32_perf_20260605/replay_reports/table1_controls_32_32/run_20260605_165255_qwen2p57_f5f68e_qwen2p57_e78994/hit_miss_amat_summary.csv
qwen2p5_7b_instruct,8k,8k_qwen2p5_7b_instruct_lcqa_revision_policy,baseline,Traditional cache,18.424,53.255,4.236105,127056.0,1685,delivery/paper/repro_audit/longctx_table1_32_32_perf_20260605/replay_reports/table1_controls_32_32/run_20260605_165255_qwen2p57_f5f68e_qwen2p57_e78994/hit_miss_amat_summary.csv
qwen2p5_7b_instruct,8k,8k_qwen2p5_7b_instruct_lcqa_sparse_fact,baseline,Traditional cache,16.569,53.483,4.237449,127136.0,1689,delivery/paper/repro_audit/longctx_table1_32_32_perf_20260605/replay_reports/table1_controls_32_32/run_20260605_165255_qwen2p57_f5f68e_qwen2p57_e78994/hit_miss_amat_summary.csv
qwen2p5_7b_instruct,8k,8k_qwen2p5_7b_instruct_lcqa_dual_anchor_incident,baseline,Traditional cache,19.336,51.335,4.219868,126848.0,1622,delivery/paper/repro_audit/longctx_table1_32_32_perf_20260605/replay_reports/table1_controls_32_32/run_20260605_165255_qwen2p57_f5f68e_qwen2p57_e78994/hit_miss_amat_summary.csv
qwen2p5_7b_instruct,8k,8k_qwen2p5_7b_instruct_lcqa_backend_priority_rule,baseline,Traditional cache,18.913,52.962,4.231988,126976.0,1669,delivery/paper/repro_audit/longctx_table1_32_32_perf_20260605/replay_reports/table1_controls_32_32/run_20260605_165255_qwen2p57_f5f68e_qwen2p57_e78994/hit_miss_amat_summary.csv
qwen2p5_7b_instruct,8k,8k_qwen2p5_7b_instruct_lcqa_epoch_window_recall,baseline,Traditional cache,16.439,52.832,4.226492,126923.0,1647,delivery/paper/repro_audit/longctx_table1_32_32_perf_20260605/replay_reports/table1_controls_32_32/run_20260605_165255_qwen2p57_f5f68e_qwen2p57_e78994/hit_miss_amat_summary.csv
qwen2p5_7b_instruct,8k,8k_qwen2p5_7b_instruct_lcqa_dual_budget_rule,baseline,Traditional cache,18.913,50.814,4.211523,126632.0,1590,delivery/paper/repro_audit/longctx_table1_32_32_perf_20260605/replay_reports/table1_controls_32_32/run_20260605_165255_qwen2p57_f5f68e_qwen2p57_e78994/hit_miss_amat_summary.csv
qwen2p5_7b_instruct,8k,8k_qwen2p5_7b_instruct_lcqa_query_relevance_note,baseline,Traditional cache,19.792,46.875,4.18035,126026.0,1468,delivery/paper/repro_audit/longctx_table1_32_32_perf_20260605/replay_reports/table1_controls_32_32/run_20260605_165255_qwen2p57_f5f68e_qwen2p57_e78994/hit_miss_amat_summary.csv
qwen2p5_7b_instruct,8k,8k_qwen2p5_7b_instruct_lcqa_spill_cost_reason,baseline,Traditional cache,19.368,49.544,4.203447,126475.0,1560,delivery/paper/repro_audit/longctx_table1_32_32_perf_20260605/replay_reports/table1_controls_32_32/run_20260605_165255_qwen2p57_f5f68e_qwen2p57_e78994/hit_miss_amat_summary.csv
qwen2p5_7b_instruct,8k,8k_qwen2p5_7b_instruct_lcqa_head_budget_rule,baseline,Traditional cache,21.289,49.512,4.204391,126547.0,1562,delivery/paper/repro_audit/longctx_table1_32_32_perf_20260605/replay_reports/table1_controls_32_32/run_20260605_165255_qwen2p57_f5f68e_qwen2p57_e78994/hit_miss_amat_summary.csv
qwen2p5_7b_instruct,8k,8k_qwen2p5_7b_instruct_cmqa_early_name_recall,baseline,Traditional cache,21.224,52.051,4.224887,126838.0,1641,delivery/paper/repro_audit/longctx_table1_32_32_perf_20260605/replay_reports/table1_controls_32_32/run_20260605_165255_qwen2p57_f5f68e_qwen2p57_e78994/hit_miss_amat_summary.csv
qwen2p5_7b_instruct,8k,8k_qwen2p5_7b_instruct_cmqa_policy_recall,baseline,Traditional cache,18.555,53.027,4.235802,127104.0,1684,delivery/paper/repro_audit/longctx_table1_32_32_perf_20260605/replay_reports/table1_controls_32_32/run_20260605_165255_qwen2p57_f5f68e_qwen2p57_e78994/hit_miss_amat_summary.csv
qwen2p5_7b_instruct,8k,8k_qwen2p5_7b_instruct_cmqa_anchor_reasoning,baseline,Traditional cache,17.904,55.99,4.258804,127443.0,1772,delivery/paper/repro_audit/longctx_table1_32_32_perf_20260605/replay_reports/table1_controls_32_32/run_20260605_165255_qwen2p57_f5f68e_qwen2p57_e78994/hit_miss_amat_summary.csv
qwen2p5_7b_instruct,8k,8k_qwen2p5_7b_instruct_cmqa_backend_recall,baseline,Traditional cache,20.182,50.0,4.209638,126488.0,1580,delivery/paper/repro_audit/longctx_table1_32_32_perf_20260605/replay_reports/table1_controls_32_32/run_20260605_165255_qwen2p57_f5f68e_qwen2p57_e78994/hit_miss_amat_summary.csv
qwen2p5_7b_instruct,8k,8k_qwen2p5_7b_instruct_cmqa_field_recall,baseline,Traditional cache,18.132,51.823,4.224259,126772.0,1639,delivery/paper/repro_audit/longctx_table1_32_32_perf_20260605/replay_reports/table1_controls_32_32/run_20260605_165255_qwen2p57_f5f68e_qwen2p57_e78994/hit_miss_amat_summary.csv
qwen2p5_7b_instruct,8k,8k_qwen2p5_7b_instruct_cmqa_epoch_memory,baseline,Traditional cache,20.02,49.967,4.206944,126543.0,1572,delivery/paper/repro_audit/longctx_table1_32_32_perf_20260605/replay_reports/table1_controls_32_32/run_20260605_165255_qwen2p57_f5f68e_qwen2p57_e78994/hit_miss_amat_summary.csv
qwen2p5_7b_instruct,8k,8k_qwen2p5_7b_instruct_cmqa_budget_memory,baseline,Traditional cache,23.535,45.605,4.170833,125841.0,1431,delivery/paper/repro_audit/longctx_table1_32_32_perf_20260605/replay_reports/table1_controls_32_32/run_20260605_165255_qwen2p57_f5f68e_qwen2p57_e78994/hit_miss_amat_summary.csv
qwen2p5_7b_instruct,8k,8k_qwen2p5_7b_instruct_mdqa_cross_doc_role,fpga_true_h2o_pure,Pure H2O,19.922,53.451,4.23323,127054.0,1675,delivery/paper/repro_audit/longctx_table1_32_32_perf_20260605/replay_reports/table1_controls_32_32/run_20260605_165255_qwen2p57_f5f68e_qwen2p57_e78994/hit_miss_amat_summary.csv
qwen2p5_7b_instruct,8k,8k_qwen2p5_7b_instruct_mdqa_component_match,fpga_true_h2o_pure,Pure H2O,23.893,54.622,4.240025,127240.0,1701,delivery/paper/repro_audit/longctx_table1_32_32_perf_20260605/replay_reports/table1_controls_32_32/run_20260605_165255_qwen2p57_f5f68e_qwen2p57_e78994/hit_miss_amat_summary.csv
qwen2p5_7b_instruct,8k,8k_qwen2p5_7b_instruct_mdqa_two_hop_summary,fpga_true_h2o_pure,Pure H2O,20.573,53.255,4.228558,127017.0,1657,delivery/paper/repro_audit/longctx_table1_32_32_perf_20260605/replay_reports/table1_controls_32_32/run_20260605_165255_qwen2p57_f5f68e_qwen2p57_e78994/hit_miss_amat_summary.csv
qwen2p5_7b_instruct,8k,8k_qwen2p5_7b_instruct_mdqa_cross_doc_priority,fpga_true_h2o_pure,Pure H2O,20.508,54.655,4.239249,127171.0,1698,delivery/paper/repro_audit/longctx_table1_32_32_perf_20260605/replay_reports/table1_controls_32_32/run_20260605_165255_qwen2p57_f5f68e_qwen2p57_e78994/hit_miss_amat_summary.csv
qwen2p5_7b_instruct,8k,8k_qwen2p5_7b_instruct_mdqa_chain_descriptor_fields,fpga_true_h2o_pure,Pure H2O,16.341,58.724,4.273569,127784.0,1831,delivery/paper/repro_audit/longctx_table1_32_32_perf_20260605/replay_reports/table1_controls_32_32/run_20260605_165255_qwen2p57_f5f68e_qwen2p57_e78994/hit_miss_amat_summary.csv
qwen2p5_7b_instruct,8k,8k_qwen2p5_7b_instruct_mdqa_three_stage_lookup,fpga_true_h2o_pure,Pure H2O,17.546,60.059,4.287567,128056.0,1887,delivery/paper/repro_audit/longctx_table1_32_32_perf_20260605/replay_reports/table1_controls_32_32/run_20260605_165255_qwen2p57_f5f68e_qwen2p57_e78994/hit_miss_amat_summary.csv
qwen2p5_7b_instruct,8k,8k_qwen2p5_7b_instruct_mdqa_compression_guard,fpga_true_h2o_pure,Pure H2O,20.345,51.562,4.216021,126612.0,1607,delivery/paper/repro_audit/longctx_table1_32_32_perf_20260605/replay_reports/table1_controls_32_32/run_20260605_165255_qwen2p57_f5f68e_qwen2p57_e78994/hit_miss_amat_summary.csv
qwen2p5_7b_instruct,8k,8k_qwen2p5_7b_instruct_mdqa_query_cost_chain,fpga_true_h2o_pure,Pure H2O,19.792,54.167,4.240891,127149.0,1705,delivery/paper/repro_audit/longctx_table1_32_32_perf_20260605/replay_reports/table1_controls_32_32/run_20260605_165255_qwen2p57_f5f68e_qwen2p57_e78994/hit_miss_amat_summary.csv
qwen2p5_7b_instruct,8k,8k_qwen2p5_7b_instruct_mdqa_head_budget_allocation,fpga_true_h2o_pure,Pure H2O,19.596,56.934,4.259778,127516.0,1778,delivery/paper/repro_audit/longctx_table1_32_32_perf_20260605/replay_reports/table1_controls_32_32/run_20260605_165255_qwen2p57_f5f68e_qwen2p57_e78994/hit_miss_amat_summary.csv
qwen2p5_7b_instruct,8k,8k_qwen2p5_7b_instruct_mdqa_backend_admission_reason,fpga_true_h2o_pure,Pure H2O,21.81,49.642,4.199691,126402.0,1544,delivery/paper/repro_audit/longctx_table1_32_32_perf_20260605/replay_reports/table1_controls_32_32/run_20260605_165255_qwen2p57_f5f68e_qwen2p57_e78994/hit_miss_amat_summary.csv
qwen2p5_7b_instruct,8k,8k_qwen2p5_7b_instruct_lcqa_anchor_timeline,fpga_true_h2o_pure,Pure H2O,15.592,54.134,4.237088,127129.0,1690,delivery/paper/repro_audit/longctx_table1_32_32_perf_20260605/replay_reports/table1_controls_32_32/run_20260605_165255_qwen2p57_f5f68e_qwen2p57_e78994/hit_miss_amat_summary.csv
qwen2p5_7b_instruct,8k,8k_qwen2p5_7b_instruct_lcqa_revision_policy,fpga_true_h2o_pure,Pure H2O,18.359,57.52,4.262402,127567.0,1788,delivery/paper/repro_audit/longctx_table1_32_32_perf_20260605/replay_reports/table1_controls_32_32/run_20260605_165255_qwen2p57_f5f68e_qwen2p57_e78994/hit_miss_amat_summary.csv
qwen2p5_7b_instruct,8k,8k_qwen2p5_7b_instruct_lcqa_sparse_fact,fpga_true_h2o_pure,Pure H2O,16.439,59.701,4.281584,127994.0,1863,delivery/paper/repro_audit/longctx_table1_32_32_perf_20260605/replay_reports/table1_controls_32_32/run_20260605_165255_qwen2p57_f5f68e_qwen2p57_e78994/hit_miss_amat_summary.csv
qwen2p5_7b_instruct,8k,8k_qwen2p5_7b_instruct_lcqa_dual_anchor_incident,fpga_true_h2o_pure,Pure H2O,19.401,56.868,4.262341,127674.0,1789,delivery/paper/repro_audit/longctx_table1_32_32_perf_20260605/replay_reports/table1_controls_32_32/run_20260605_165255_qwen2p57_f5f68e_qwen2p57_e78994/hit_miss_amat_summary.csv
qwen2p5_7b_instruct,8k,8k_qwen2p5_7b_instruct_lcqa_backend_priority_rule,fpga_true_h2o_pure,Pure H2O,18.913,55.436,4.249382,127314.0,1738,delivery/paper/repro_audit/longctx_table1_32_32_perf_20260605/replay_reports/table1_controls_32_32/run_20260605_165255_qwen2p57_f5f68e_qwen2p57_e78994/hit_miss_amat_summary.csv
qwen2p5_7b_instruct,8k,8k_qwen2p5_7b_instruct_lcqa_epoch_window_recall,fpga_true_h2o_pure,Pure H2O,16.211,54.167,4.236883,127125.0,1689,delivery/paper/repro_audit/longctx_table1_32_32_perf_20260605/replay_reports/table1_controls_32_32/run_20260605_165255_qwen2p57_f5f68e_qwen2p57_e78994/hit_miss_amat_summary.csv
qwen2p5_7b_instruct,8k,8k_qwen2p5_7b_instruct_lcqa_dual_budget_rule,fpga_true_h2o_pure,Pure H2O,18.945,58.496,4.270113,127771.0,1818,delivery/paper/repro_audit/longctx_table1_32_32_perf_20260605/replay_reports/table1_controls_32_32/run_20260605_165255_qwen2p57_f5f68e_qwen2p57_e78994/hit_miss_amat_summary.csv
qwen2p5_7b_instruct,8k,8k_qwen2p5_7b_instruct_lcqa_query_relevance_note,fpga_true_h2o_pure,Pure H2O,19.824,51.139,4.211986,126641.0,1592,delivery/paper/repro_audit/longctx_table1_32_32_perf_20260605/replay_reports/table1_controls_32_32/run_20260605_165255_qwen2p57_f5f68e_qwen2p57_e78994/hit_miss_amat_summary.csv
qwen2p5_7b_instruct,8k,8k_qwen2p5_7b_instruct_lcqa_spill_cost_reason,fpga_true_h2o_pure,Pure H2O,19.271,57.227,4.262912,127631.0,1791,delivery/paper/repro_audit/longctx_table1_32_32_perf_20260605/replay_reports/table1_controls_32_32/run_20260605_165255_qwen2p57_f5f68e_qwen2p57_e78994/hit_miss_amat_summary.csv
qwen2p5_7b_instruct,8k,8k_qwen2p5_7b_instruct_lcqa_head_budget_rule,fpga_true_h2o_pure,Pure H2O,21.224,58.073,4.268202,127788.0,1811,delivery/paper/repro_audit/longctx_table1_32_32_perf_20260605/replay_reports/table1_controls_32_32/run_20260605_165255_qwen2p57_f5f68e_qwen2p57_e78994/hit_miss_amat_summary.csv
qwen2p5_7b_instruct,8k,8k_qwen2p5_7b_instruct_cmqa_early_name_recall,fpga_true_h2o_pure,Pure H2O,21.061,55.306,4.247736,127282.0,1732,delivery/paper/repro_audit/longctx_table1_32_32_perf_20260605/replay_reports/table1_controls_32_32/run_20260605_165255_qwen2p57_f5f68e_qwen2p57_e78994/hit_miss_amat_summary.csv
qwen2p5_7b_instruct,8k,8k_qwen2p5_7b_instruct_cmqa_policy_recall,fpga_true_h2o_pure,Pure H2O,18.555,55.664,4.249177,127364.0,1737,delivery/paper/repro_audit/longctx_table1_32_32_perf_20260605/replay_reports/table1_controls_32_32/run_20260605_165255_qwen2p57_f5f68e_qwen2p57_e78994/hit_miss_amat_summary.csv
qwen2p5_7b_instruct,8k,8k_qwen2p5_7b_instruct_cmqa_anchor_reasoning,fpga_true_h2o_pure,Pure H2O,17.741,60.221,4.287737,128005.0,1887,delivery/paper/repro_audit/longctx_table1_32_32_perf_20260605/replay_reports/table1_controls_32_32/run_20260605_165255_qwen2p57_f5f68e_qwen2p57_e78994/hit_miss_amat_summary.csv
qwen2p5_7b_instruct,8k,8k_qwen2p5_7b_instruct_cmqa_backend_recall,fpga_true_h2o_pure,Pure H2O,20.052,63.77,4.316361,128561.0,1997,delivery/paper/repro_audit/longctx_table1_32_32_perf_20260605/replay_reports/table1_controls_32_32/run_20260605_165255_qwen2p57_f5f68e_qwen2p57_e78994/hit_miss_amat_summary.csv
qwen2p5_7b_instruct,8k,8k_qwen2p5_7b_instruct_cmqa_field_recall,fpga_true_h2o_pure,Pure H2O,18.132,62.467,4.305241,128345.0,1954,delivery/paper/repro_audit/longctx_table1_32_32_perf_20260605/replay_reports/table1_controls_32_32/run_20260605_165255_qwen2p57_f5f68e_qwen2p57_e78994/hit_miss_amat_summary.csv
qwen2p5_7b_instruct,8k,8k_qwen2p5_7b_instruct_cmqa_epoch_memory,fpga_true_h2o_pure,Pure H2O,19.857,56.413,4.255247,127482.0,1761,delivery/paper/repro_audit/longctx_table1_32_32_perf_20260605/replay_reports/table1_controls_32_32/run_20260605_165255_qwen2p57_f5f68e_qwen2p57_e78994/hit_miss_amat_summary.csv
qwen2p5_7b_instruct,8k,8k_qwen2p5_7b_instruct_cmqa_budget_memory,fpga_true_h2o_pure,Pure H2O,23.503,60.026,4.283436,128030.0,1870,delivery/paper/repro_audit/longctx_table1_32_32_perf_20260605/replay_reports/table1_controls_32_32/run_20260605_165255_qwen2p57_f5f68e_qwen2p57_e78994/hit_miss_amat_summary.csv
qwen2p5_7b_instruct,8k,8k_qwen2p5_7b_instruct_mdqa_cross_doc_role,fpga_h2o_plus_service_clean_victim_cache16_v245,H2O + victim cache,19.792,37.663,4.060597,123698.0,1157,delivery/paper/repro_audit/longctx_table1_32_32_perf_20260605/replay_reports/table1_controls_32_32/run_20260605_165255_qwen2p57_f5f68e_qwen2p57_e78994/hit_miss_amat_summary.csv
qwen2p5_7b_instruct,8k,8k_qwen2p5_7b_instruct_mdqa_component_match,fpga_h2o_plus_service_clean_victim_cache16_v245,H2O + victim cache,24.512,36.784,4.053733,123617.0,1130,delivery/paper/repro_audit/longctx_table1_32_32_perf_20260605/replay_reports/table1_controls_32_32/run_20260605_165255_qwen2p57_f5f68e_qwen2p57_e78994/hit_miss_amat_summary.csv
qwen2p5_7b_instruct,8k,8k_qwen2p5_7b_instruct_mdqa_two_hop_summary,fpga_h2o_plus_service_clean_victim_cache16_v245,H2O + victim cache,21.061,33.757,4.029823,123152.0,1037,delivery/paper/repro_audit/longctx_table1_32_32_perf_20260605/replay_reports/table1_controls_32_32/run_20260605_165255_qwen2p57_f5f68e_qwen2p57_e78994/hit_miss_amat_summary.csv
qwen2p5_7b_instruct,8k,8k_qwen2p5_7b_instruct_mdqa_cross_doc_priority,fpga_h2o_plus_service_clean_victim_cache16_v245,H2O + victim cache,20.736,34.993,4.039558,123289.0,1075,delivery/paper/repro_audit/longctx_table1_32_32_perf_20260605/replay_reports/table1_controls_32_32/run_20260605_165255_qwen2p57_f5f68e_qwen2p57_e78994/hit_miss_amat_summary.csv
qwen2p5_7b_instruct,8k,8k_qwen2p5_7b_instruct_mdqa_chain_descriptor_fields,fpga_h2o_plus_service_clean_victim_cache16_v245,H2O + victim cache,16.829,36.1,4.048374,123408.0,1109,delivery/paper/repro_audit/longctx_table1_32_32_perf_20260605/replay_reports/table1_controls_32_32/run_20260605_165255_qwen2p57_f5f68e_qwen2p57_e78994/hit_miss_amat_summary.csv
qwen2p5_7b_instruct,8k,8k_qwen2p5_7b_instruct_mdqa_three_stage_lookup,fpga_h2o_plus_service_clean_victim_cache16_v245,H2O + victim cache,17.741,40.527,4.083265,124086.0,1245,delivery/paper/repro_audit/longctx_table1_32_32_perf_20260605/replay_reports/table1_controls_32_32/run_20260605_165255_qwen2p57_f5f68e_qwen2p57_e78994/hit_miss_amat_summary.csv
qwen2p5_7b_instruct,8k,8k_qwen2p5_7b_instruct_mdqa_compression_guard,fpga_h2o_plus_service_clean_victim_cache16_v245,H2O + victim cache,20.15,35.612,4.044533,123281.0,1094,delivery/paper/repro_audit/longctx_table1_32_32_perf_20260605/replay_reports/table1_controls_32_32/run_20260605_165255_qwen2p57_f5f68e_qwen2p57_e78994/hit_miss_amat_summary.csv
qwen2p5_7b_instruct,8k,8k_qwen2p5_7b_instruct_mdqa_query_cost_chain,fpga_h2o_plus_service_clean_victim_cache16_v245,H2O + victim cache,20.182,35.124,4.040706,123259.0,1079,delivery/paper/repro_audit/longctx_table1_32_32_perf_20260605/replay_reports/table1_controls_32_32/run_20260605_165255_qwen2p57_f5f68e_qwen2p57_e78994/hit_miss_amat_summary.csv
qwen2p5_7b_instruct,8k,8k_qwen2p5_7b_instruct_mdqa_head_budget_allocation,fpga_h2o_plus_service_clean_victim_cache16_v245,H2O + victim cache,19.629,38.281,4.065562,123742.0,1176,delivery/paper/repro_audit/longctx_table1_32_32_perf_20260605/replay_reports/table1_controls_32_32/run_20260605_165255_qwen2p57_f5f68e_qwen2p57_e78994/hit_miss_amat_summary.csv
qwen2p5_7b_instruct,8k,8k_qwen2p5_7b_instruct_mdqa_backend_admission_reason,fpga_h2o_plus_service_clean_victim_cache16_v245,H2O + victim cache,21.94,30.957,4.007767,122671.0,951,delivery/paper/repro_audit/longctx_table1_32_32_perf_20260605/replay_reports/table1_controls_32_32/run_20260605_165255_qwen2p57_f5f68e_qwen2p57_e78994/hit_miss_amat_summary.csv
qwen2p5_7b_instruct,8k,8k_qwen2p5_7b_instruct_lcqa_anchor_timeline,fpga_h2o_plus_service_clean_victim_cache16_v245,H2O + victim cache,15.983,35.449,4.043158,123359.0,1089,delivery/paper/repro_audit/longctx_table1_32_32_perf_20260605/replay_reports/table1_controls_32_32/run_20260605_165255_qwen2p57_f5f68e_qwen2p57_e78994/hit_miss_amat_summary.csv
qwen2p5_7b_instruct,8k,8k_qwen2p5_7b_instruct_lcqa_revision_policy,fpga_h2o_plus_service_clean_victim_cache16_v245,H2O + victim cache,18.783,37.174,4.056762,123571.0,1142,delivery/paper/repro_audit/longctx_table1_32_32_perf_20260605/replay_reports/table1_controls_32_32/run_20260605_165255_qwen2p57_f5f68e_qwen2p57_e78994/hit_miss_amat_summary.csv
qwen2p5_7b_instruct,8k,8k_qwen2p5_7b_instruct_lcqa_sparse_fact,fpga_h2o_plus_service_clean_victim_cache16_v245,H2O + victim cache,16.699,39.355,4.073971,123958.0,1209,delivery/paper/repro_audit/longctx_table1_32_32_perf_20260605/replay_reports/table1_controls_32_32/run_20260605_165255_qwen2p57_f5f68e_qwen2p57_e78994/hit_miss_amat_summary.csv
qwen2p5_7b_instruct,8k,8k_qwen2p5_7b_instruct_lcqa_dual_anchor_incident,fpga_h2o_plus_service_clean_victim_cache16_v245,H2O + victim cache,19.336,38.509,4.067359,123882.0,1183,delivery/paper/repro_audit/longctx_table1_32_32_perf_20260605/replay_reports/table1_controls_32_32/run_20260605_165255_qwen2p57_f5f68e_qwen2p57_e78994/hit_miss_amat_summary.csv
qwen2p5_7b_instruct,8k,8k_qwen2p5_7b_instruct_lcqa_backend_priority_rule,fpga_h2o_plus_service_clean_victim_cache16_v245,H2O + victim cache,18.62,38.639,4.068392,123797.0,1187,delivery/paper/repro_audit/longctx_table1_32_32_perf_20260605/replay_reports/table1_controls_32_32/run_20260605_165255_qwen2p57_f5f68e_qwen2p57_e78994/hit_miss_amat_summary.csv
qwen2p5_7b_instruct,8k,8k_qwen2p5_7b_instruct_lcqa_epoch_window_recall,fpga_h2o_plus_service_clean_victim_cache16_v245,H2O + victim cache,16.699,34.993,4.039609,123290.0,1075,delivery/paper/repro_audit/longctx_table1_32_32_perf_20260605/replay_reports/table1_controls_32_32/run_20260605_165255_qwen2p57_f5f68e_qwen2p57_e78994/hit_miss_amat_summary.csv
qwen2p5_7b_instruct,8k,8k_qwen2p5_7b_instruct_lcqa_dual_budget_rule,fpga_h2o_plus_service_clean_victim_cache16_v245,H2O + victim cache,19.043,35.742,4.04537,123402.0,1098,delivery/paper/repro_audit/longctx_table1_32_32_perf_20260605/replay_reports/table1_controls_32_32/run_20260605_165255_qwen2p57_f5f68e_qwen2p57_e78994/hit_miss_amat_summary.csv
qwen2p5_7b_instruct,8k,8k_qwen2p5_7b_instruct_lcqa_query_relevance_note,fpga_h2o_plus_service_clean_victim_cache16_v245,H2O + victim cache,20.117,30.208,4.001749,122554.0,928,delivery/paper/repro_audit/longctx_table1_32_32_perf_20260605/replay_reports/table1_controls_32_32/run_20260605_165255_qwen2p57_f5f68e_qwen2p57_e78994/hit_miss_amat_summary.csv
qwen2p5_7b_instruct,8k,8k_qwen2p5_7b_instruct_lcqa_spill_cost_reason,fpga_h2o_plus_service_clean_victim_cache16_v245,H2O + victim cache,19.824,32.747,4.021759,122943.0,1006,delivery/paper/repro_audit/longctx_table1_32_32_perf_20260605/replay_reports/table1_controls_32_32/run_20260605_165255_qwen2p57_f5f68e_qwen2p57_e78994/hit_miss_amat_summary.csv
qwen2p5_7b_instruct,8k,8k_qwen2p5_7b_instruct_lcqa_head_budget_rule,fpga_h2o_plus_service_clean_victim_cache16_v245,H2O + victim cache,21.257,36.686,4.05291,123601.0,1127,delivery/paper/repro_audit/longctx_table1_32_32_perf_20260605/replay_reports/table1_controls_32_32/run_20260605_165255_qwen2p57_f5f68e_qwen2p57_e78994/hit_miss_amat_summary.csv
qwen2p5_7b_instruct,8k,8k_qwen2p5_7b_instruct_cmqa_early_name_recall,fpga_h2o_plus_service_clean_victim_cache16_v245,H2O + victim cache,20.996,35.384,4.042662,123297.0,1087,delivery/paper/repro_audit/longctx_table1_32_32_perf_20260605/replay_reports/table1_controls_32_32/run_20260605_165255_qwen2p57_f5f68e_qwen2p57_e78994/hit_miss_amat_summary.csv
qwen2p5_7b_instruct,8k,8k_qwen2p5_7b_instruct_cmqa_policy_recall,fpga_h2o_plus_service_clean_victim_cache16_v245,H2O + victim cache,18.424,40.788,4.085391,124180.0,1253,delivery/paper/repro_audit/longctx_table1_32_32_perf_20260605/replay_reports/table1_controls_32_32/run_20260605_165255_qwen2p57_f5f68e_qwen2p57_e78994/hit_miss_amat_summary.csv
qwen2p5_7b_instruct,8k,8k_qwen2p5_7b_instruct_cmqa_anchor_reasoning,fpga_h2o_plus_service_clean_victim_cache16_v245,H2O + victim cache,18.229,40.69,4.084586,124059.0,1250,delivery/paper/repro_audit/longctx_table1_32_32_perf_20260605/replay_reports/table1_controls_32_32/run_20260605_165255_qwen2p57_f5f68e_qwen2p57_e78994/hit_miss_amat_summary.csv
qwen2p5_7b_instruct,8k,8k_qwen2p5_7b_instruct_cmqa_backend_recall,fpga_h2o_plus_service_clean_victim_cache16_v245,H2O + victim cache,20.02,35.71,4.045202,123294.0,1097,delivery/paper/repro_audit/longctx_table1_32_32_perf_20260605/replay_reports/table1_controls_32_32/run_20260605_165255_qwen2p57_f5f68e_qwen2p57_e78994/hit_miss_amat_summary.csv
qwen2p5_7b_instruct,8k,8k_qwen2p5_7b_instruct_cmqa_field_recall,fpga_h2o_plus_service_clean_victim_cache16_v245,H2O + victim cache,18.132,40.202,4.080879,123987.0,1235,delivery/paper/repro_audit/longctx_table1_32_32_perf_20260605/replay_reports/table1_controls_32_32/run_20260605_165255_qwen2p57_f5f68e_qwen2p57_e78994/hit_miss_amat_summary.csv
qwen2p5_7b_instruct,8k,8k_qwen2p5_7b_instruct_cmqa_epoch_memory,fpga_h2o_plus_service_clean_victim_cache16_v245,H2O + victim cache,20.28,35.384,4.042644,123349.0,1087,delivery/paper/repro_audit/longctx_table1_32_32_perf_20260605/replay_reports/table1_controls_32_32/run_20260605_165255_qwen2p57_f5f68e_qwen2p57_e78994/hit_miss_amat_summary.csv
qwen2p5_7b_instruct,8k,8k_qwen2p5_7b_instruct_cmqa_budget_memory,fpga_h2o_plus_service_clean_victim_cache16_v245,H2O + victim cache,24.186,32.715,4.021451,122937.0,1005,delivery/paper/repro_audit/longctx_table1_32_32_perf_20260605/replay_reports/table1_controls_32_32/run_20260605_165255_qwen2p57_f5f68e_qwen2p57_e78994/hit_miss_amat_summary.csv
qwen2p5_7b_instruct,8k,8k_qwen2p5_7b_instruct_mdqa_cross_doc_role,fpga_h2o_plus_service_strict_miss_prefetch_v206,H2O + guarded prefetch,19.792,52.441,4.178652,125993.0,1615,delivery/paper/repro_audit/longctx_table1_32_32_perf_20260605/replay_reports/table1_controls_32_32/run_20260605_165255_qwen2p57_f5f68e_qwen2p57_e78994/hit_miss_amat_summary.csv
qwen2p5_7b_instruct,8k,8k_qwen2p5_7b_instruct_mdqa_component_match,fpga_h2o_plus_service_strict_miss_prefetch_v206,H2O + guarded prefetch,24.512,53.06,4.182795,126127.0,1631,delivery/paper/repro_audit/longctx_table1_32_32_perf_20260605/replay_reports/table1_controls_32_32/run_20260605_165255_qwen2p57_f5f68e_qwen2p57_e78994/hit_miss_amat_summary.csv
qwen2p5_7b_instruct,8k,8k_qwen2p5_7b_instruct_mdqa_two_hop_summary,fpga_h2o_plus_service_strict_miss_prefetch_v206,H2O + guarded prefetch,21.061,50.911,4.166804,125816.0,1570,delivery/paper/repro_audit/longctx_table1_32_32_perf_20260605/replay_reports/table1_controls_32_32/run_20260605_165255_qwen2p57_f5f68e_qwen2p57_e78994/hit_miss_amat_summary.csv
qwen2p5_7b_instruct,8k,8k_qwen2p5_7b_instruct_mdqa_cross_doc_priority,fpga_h2o_plus_service_strict_miss_prefetch_v206,H2O + guarded prefetch,20.736,53.483,4.186265,126141.0,1645,delivery/paper/repro_audit/longctx_table1_32_32_perf_20260605/replay_reports/table1_controls_32_32/run_20260605_165255_qwen2p57_f5f68e_qwen2p57_e78994/hit_miss_amat_summary.csv
qwen2p5_7b_instruct,8k,8k_qwen2p5_7b_instruct_mdqa_chain_descriptor_fields,fpga_h2o_plus_service_strict_miss_prefetch_v206,H2O + guarded prefetch,16.829,58.854,4.231371,126964.0,1817,delivery/paper/repro_audit/longctx_table1_32_32_perf_20260605/replay_reports/table1_controls_32_32/run_20260605_165255_qwen2p57_f5f68e_qwen2p57_e78994/hit_miss_amat_summary.csv
qwen2p5_7b_instruct,8k,8k_qwen2p5_7b_instruct_mdqa_three_stage_lookup,fpga_h2o_plus_service_strict_miss_prefetch_v206,H2O + guarded prefetch,17.936,65.072,4.281494,127938.0,2010,delivery/paper/repro_audit/longctx_table1_32_32_perf_20260605/replay_reports/table1_controls_32_32/run_20260605_165255_qwen2p57_f5f68e_qwen2p57_e78994/hit_miss_amat_summary.csv
qwen2p5_7b_instruct,8k,8k_qwen2p5_7b_instruct_mdqa_compression_guard,fpga_h2o_plus_service_strict_miss_prefetch_v206,H2O + guarded prefetch,20.15,52.669,4.180138,125915.0,1621,delivery/paper/repro_audit/longctx_table1_32_32_perf_20260605/replay_reports/table1_controls_32_32/run_20260605_165255_qwen2p57_f5f68e_qwen2p57_e78994/hit_miss_amat_summary.csv
qwen2p5_7b_instruct,8k,8k_qwen2p5_7b_instruct_mdqa_query_cost_chain,fpga_h2o_plus_service_strict_miss_prefetch_v206,H2O + guarded prefetch,20.182,54.557,4.199619,126347.0,1691,delivery/paper/repro_audit/longctx_table1_32_32_perf_20260605/replay_reports/table1_controls_32_32/run_20260605_165255_qwen2p57_f5f68e_qwen2p57_e78994/hit_miss_amat_summary.csv
qwen2p5_7b_instruct,8k,8k_qwen2p5_7b_instruct_mdqa_head_budget_allocation,fpga_h2o_plus_service_strict_miss_prefetch_v206,H2O + guarded prefetch,19.629,55.404,4.203633,126425.0,1709,delivery/paper/repro_audit/longctx_table1_32_32_perf_20260605/replay_reports/table1_controls_32_32/run_20260605_165255_qwen2p57_f5f68e_qwen2p57_e78994/hit_miss_amat_summary.csv
qwen2p5_7b_instruct,8k,8k_qwen2p5_7b_instruct_mdqa_backend_admission_reason,fpga_h2o_plus_service_strict_miss_prefetch_v206,H2O + guarded prefetch,21.94,48.893,4.151852,125472.0,1508,delivery/paper/repro_audit/longctx_table1_32_32_perf_20260605/replay_reports/table1_controls_32_32/run_20260605_165255_qwen2p57_f5f68e_qwen2p57_e78994/hit_miss_amat_summary.csv
qwen2p5_7b_instruct,8k,8k_qwen2p5_7b_instruct_lcqa_anchor_timeline,fpga_h2o_plus_service_strict_miss_prefetch_v206,H2O + guarded prefetch,15.918,53.32,4.188837,126191.0,1652,delivery/paper/repro_audit/longctx_table1_32_32_perf_20260605/replay_reports/table1_controls_32_32/run_20260605_165255_qwen2p57_f5f68e_qwen2p57_e78994/hit_miss_amat_summary.csv
qwen2p5_7b_instruct,8k,8k_qwen2p5_7b_instruct_lcqa_revision_policy,fpga_h2o_plus_service_strict_miss_prefetch_v206,H2O + guarded prefetch,18.783,54.72,4.19859,126327.0,1688,delivery/paper/repro_audit/longctx_table1_32_32_perf_20260605/replay_reports/table1_controls_32_32/run_20260605_165255_qwen2p57_f5f68e_qwen2p57_e78994/hit_miss_amat_summary.csv
qwen2p5_7b_instruct,8k,8k_qwen2p5_7b_instruct_lcqa_sparse_fact,fpga_h2o_plus_service_strict_miss_prefetch_v206,H2O + guarded prefetch,16.699,58.366,4.224794,126890.0,1795,delivery/paper/repro_audit/longctx_table1_32_32_perf_20260605/replay_reports/table1_controls_32_32/run_20260605_165255_qwen2p57_f5f68e_qwen2p57_e78994/hit_miss_amat_summary.csv
qwen2p5_7b_instruct,8k,8k_qwen2p5_7b_instruct_lcqa_dual_anchor_incident,fpga_h2o_plus_service_strict_miss_prefetch_v206,H2O + guarded prefetch,19.499,53.418,4.18948,126257.0,1651,delivery/paper/repro_audit/longctx_table1_32_32_perf_20260605/replay_reports/table1_controls_32_32/run_20260605_165255_qwen2p57_f5f68e_qwen2p57_e78994/hit_miss_amat_summary.csv
qwen2p5_7b_instruct,8k,8k_qwen2p5_7b_instruct_lcqa_backend_priority_rule,fpga_h2o_plus_service_strict_miss_prefetch_v206,H2O + guarded prefetch,18.62,57.487,4.218042,126705.0,1767,delivery/paper/repro_audit/longctx_table1_32_32_perf_20260605/replay_reports/table1_controls_32_32/run_20260605_165255_qwen2p57_f5f68e_qwen2p57_e78994/hit_miss_amat_summary.csv
qwen2p5_7b_instruct,8k,8k_qwen2p5_7b_instruct_lcqa_epoch_window_recall,fpga_h2o_plus_service_strict_miss_prefetch_v206,H2O + guarded prefetch,16.699,54.167,4.192541,126263.0,1669,delivery/paper/repro_audit/longctx_table1_32_32_perf_20260605/replay_reports/table1_controls_32_32/run_20260605_165255_qwen2p57_f5f68e_qwen2p57_e78994/hit_miss_amat_summary.csv
qwen2p5_7b_instruct,8k,8k_qwen2p5_7b_instruct_lcqa_dual_budget_rule,fpga_h2o_plus_service_strict_miss_prefetch_v206,H2O + guarded prefetch,19.043,55.404,4.201132,126430.0,1703,delivery/paper/repro_audit/longctx_table1_32_32_perf_20260605/replay_reports/table1_controls_32_32/run_20260605_165255_qwen2p57_f5f68e_qwen2p57_e78994/hit_miss_amat_summary.csv
qwen2p5_7b_instruct,8k,8k_qwen2p5_7b_instruct_lcqa_query_relevance_note,fpga_h2o_plus_service_strict_miss_prefetch_v206,H2O + guarded prefetch,20.117,47.168,4.138735,125217.0,1456,delivery/paper/repro_audit/longctx_table1_32_32_perf_20260605/replay_reports/table1_controls_32_32/run_20260605_165255_qwen2p57_f5f68e_qwen2p57_e78994/hit_miss_amat_summary.csv
qwen2p5_7b_instruct,8k,8k_qwen2p5_7b_instruct_lcqa_spill_cost_reason,fpga_h2o_plus_service_strict_miss_prefetch_v206,H2O + guarded prefetch,19.824,55.632,4.206636,126537.0,1722,delivery/paper/repro_audit/longctx_table1_32_32_perf_20260605/replay_reports/table1_controls_32_32/run_20260605_165255_qwen2p57_f5f68e_qwen2p57_e78994/hit_miss_amat_summary.csv
qwen2p5_7b_instruct,8k,8k_qwen2p5_7b_instruct_lcqa_head_budget_rule,fpga_h2o_plus_service_strict_miss_prefetch_v206,H2O + guarded prefetch,21.257,52.962,4.182075,126113.0,1628,delivery/paper/repro_audit/longctx_table1_32_32_perf_20260605/replay_reports/table1_controls_32_32/run_20260605_165255_qwen2p57_f5f68e_qwen2p57_e78994/hit_miss_amat_summary.csv
qwen2p5_7b_instruct,8k,8k_qwen2p5_7b_instruct_cmqa_early_name_recall,fpga_h2o_plus_service_strict_miss_prefetch_v206,H2O + guarded prefetch,20.996,56.543,4.210478,126558.0,1738,delivery/paper/repro_audit/longctx_table1_32_32_perf_20260605/replay_reports/table1_controls_32_32/run_20260605_165255_qwen2p57_f5f68e_qwen2p57_e78994/hit_miss_amat_summary.csv
qwen2p5_7b_instruct,8k,8k_qwen2p5_7b_instruct_cmqa_policy_recall,fpga_h2o_plus_service_strict_miss_prefetch_v206,H2O + guarded prefetch,18.424,58.138,4.225257,126899.0,1794,delivery/paper/repro_audit/longctx_table1_32_32_perf_20260605/replay_reports/table1_controls_32_32/run_20260605_165255_qwen2p57_f5f68e_qwen2p57_e78994/hit_miss_amat_summary.csv
qwen2p5_7b_instruct,8k,8k_qwen2p5_7b_instruct_cmqa_anchor_reasoning,fpga_h2o_plus_service_strict_miss_prefetch_v206,H2O + guarded prefetch,18.229,61.849,4.253501,127340.0,1904,delivery/paper/repro_audit/longctx_table1_32_32_perf_20260605/replay_reports/table1_controls_32_32/run_20260605_165255_qwen2p57_f5f68e_qwen2p57_e78994/hit_miss_amat_summary.csv
qwen2p5_7b_instruct,8k,8k_qwen2p5_7b_instruct_cmqa_backend_recall,fpga_h2o_plus_service_strict_miss_prefetch_v206,H2O + guarded prefetch,20.02,62.663,4.258804,127443.0,1926,delivery/paper/repro_audit/longctx_table1_32_32_perf_20260605/replay_reports/table1_controls_32_32/run_20260605_165255_qwen2p57_f5f68e_qwen2p57_e78994/hit_miss_amat_summary.csv
qwen2p5_7b_instruct,8k,8k_qwen2p5_7b_instruct_cmqa_field_recall,fpga_h2o_plus_service_strict_miss_prefetch_v206,H2O + guarded prefetch,18.132,52.539,4.178696,125887.0,1615,delivery/paper/repro_audit/longctx_table1_32_32_perf_20260605/replay_reports/table1_controls_32_32/run_20260605_165255_qwen2p57_f5f68e_qwen2p57_e78994/hit_miss_amat_summary.csv
qwen2p5_7b_instruct,8k,8k_qwen2p5_7b_instruct_cmqa_epoch_memory,fpga_h2o_plus_service_strict_miss_prefetch_v206,H2O + guarded prefetch,20.28,55.534,4.202984,126466.0,1709,delivery/paper/repro_audit/longctx_table1_32_32_perf_20260605/replay_reports/table1_controls_32_32/run_20260605_165255_qwen2p57_f5f68e_qwen2p57_e78994/hit_miss_amat_summary.csv
qwen2p5_7b_instruct,8k,8k_qwen2p5_7b_instruct_cmqa_budget_memory,fpga_h2o_plus_service_strict_miss_prefetch_v206,H2O + guarded prefetch,24.186,56.315,4.208693,126577.0,1732,delivery/paper/repro_audit/longctx_table1_32_32_perf_20260605/replay_reports/table1_controls_32_32/run_20260605_165255_qwen2p57_f5f68e_qwen2p57_e78994/hit_miss_amat_summary.csv
llama3p1_8b_instruct,16k,16k_llama3p1_8b_instruct_mdqa_cross_doc_role,baseline,Traditional cache,20.052,51.172,4.121212,232140.0,1631,delivery/paper/repro_audit/longctx_table1_32_32_perf_20260605/replay_reports/table1_controls_32_32/run_20260605_171349_llama3p1_200ca6_llama3p1_5673df/hit_miss_amat_summary.csv
llama3p1_8b_instruct,16k,16k_llama3p1_8b_instruct_mdqa_component_match,baseline,Traditional cache,20.41,57.747,4.152036,233345.0,1850,delivery/paper/repro_audit/longctx_table1_32_32_perf_20260605/replay_reports/table1_controls_32_32/run_20260605_171349_llama3p1_200ca6_llama3p1_5673df/hit_miss_amat_summary.csv
llama3p1_8b_instruct,16k,16k_llama3p1_8b_instruct_mdqa_two_hop_summary,baseline,Traditional cache,20.247,51.758,4.123878,232288.0,1651,delivery/paper/repro_audit/longctx_table1_32_32_perf_20260605/replay_reports/table1_controls_32_32/run_20260605_171349_llama3p1_200ca6_llama3p1_5673df/hit_miss_amat_summary.csv
llama3p1_8b_instruct,16k,16k_llama3p1_8b_instruct_mdqa_cross_doc_priority,baseline,Traditional cache,17.578,54.915,4.138269,232801.0,1753,delivery/paper/repro_audit/longctx_table1_32_32_perf_20260605/replay_reports/table1_controls_32_32/run_20260605_171349_llama3p1_200ca6_llama3p1_5673df/hit_miss_amat_summary.csv
llama3p1_8b_instruct,16k,16k_llama3p1_8b_instruct_mdqa_chain_descriptor_fields,baseline,Traditional cache,20.052,54.818,4.137565,232829.0,1747,delivery/paper/repro_audit/longctx_table1_32_32_perf_20260605/replay_reports/table1_controls_32_32/run_20260605_171349_llama3p1_200ca6_llama3p1_5673df/hit_miss_amat_summary.csv
llama3p1_8b_instruct,16k,16k_llama3p1_8b_instruct_mdqa_three_stage_lookup,baseline,Traditional cache,16.569,58.626,4.155128,233402.0,1875,delivery/paper/repro_audit/longctx_table1_32_32_perf_20260605/replay_reports/table1_controls_32_32/run_20260605_171349_llama3p1_200ca6_llama3p1_5673df/hit_miss_amat_summary.csv
llama3p1_8b_instruct,16k,16k_llama3p1_8b_instruct_mdqa_compression_guard,baseline,Traditional cache,20.605,55.176,4.14079,232944.0,1770,delivery/paper/repro_audit/longctx_table1_32_32_perf_20260605/replay_reports/table1_controls_32_32/run_20260605_171349_llama3p1_200ca6_llama3p1_5673df/hit_miss_amat_summary.csv
llama3p1_8b_instruct,16k,16k_llama3p1_8b_instruct_mdqa_query_cost_chain,baseline,Traditional cache,20.345,52.083,4.124579,232366.0,1656,delivery/paper/repro_audit/longctx_table1_32_32_perf_20260605/replay_reports/table1_controls_32_32/run_20260605_171349_llama3p1_200ca6_llama3p1_5673df/hit_miss_amat_summary.csv
llama3p1_8b_instruct,16k,16k_llama3p1_8b_instruct_mdqa_head_budget_allocation,baseline,Traditional cache,21.484,50.358,4.116812,232142.0,1601,delivery/paper/repro_audit/longctx_table1_32_32_perf_20260605/replay_reports/table1_controls_32_32/run_20260605_171349_llama3p1_200ca6_llama3p1_5673df/hit_miss_amat_summary.csv
llama3p1_8b_instruct,16k,16k_llama3p1_8b_instruct_mdqa_backend_admission_reason,baseline,Traditional cache,16.634,55.534,4.14039,233036.0,1770,delivery/paper/repro_audit/longctx_table1_32_32_perf_20260605/replay_reports/table1_controls_32_32/run_20260605_171349_llama3p1_200ca6_llama3p1_5673df/hit_miss_amat_summary.csv
llama3p1_8b_instruct,16k,16k_llama3p1_8b_instruct_lcqa_anchor_timeline,baseline,Traditional cache,17.48,49.154,4.110728,231925.0,1556,delivery/paper/repro_audit/longctx_table1_32_32_perf_20260605/replay_reports/table1_controls_32_32/run_20260605_171349_llama3p1_200ca6_llama3p1_5673df/hit_miss_amat_summary.csv
llama3p1_8b_instruct,16k,16k_llama3p1_8b_instruct_lcqa_revision_policy,baseline,Traditional cache,19.076,52.018,4.124832,232534.0,1659,delivery/paper/repro_audit/longctx_table1_32_32_perf_20260605/replay_reports/table1_controls_32_32/run_20260605_171349_llama3p1_200ca6_llama3p1_5673df/hit_miss_amat_summary.csv
llama3p1_8b_instruct,16k,16k_llama3p1_8b_instruct_lcqa_sparse_fact,baseline,Traditional cache,18.359,54.98,4.138019,232739.0,1752,delivery/paper/repro_audit/longctx_table1_32_32_perf_20260605/replay_reports/table1_controls_32_32/run_20260605_171349_llama3p1_200ca6_llama3p1_5673df/hit_miss_amat_summary.csv
llama3p1_8b_instruct,16k,16k_llama3p1_8b_instruct_lcqa_dual_anchor_incident,baseline,Traditional cache,19.596,53.223,4.128702,232513.0,1686,delivery/paper/repro_audit/longctx_table1_32_32_perf_20260605/replay_reports/table1_controls_32_32/run_20260605_171349_llama3p1_200ca6_llama3p1_5673df/hit_miss_amat_summary.csv
llama3p1_8b_instruct,16k,16k_llama3p1_8b_instruct_lcqa_backend_priority_rule,baseline,Traditional cache,21.81,49.707,4.114934,232075.0,1589,delivery/paper/repro_audit/longctx_table1_32_32_perf_20260605/replay_reports/table1_controls_32_32/run_20260605_171349_llama3p1_200ca6_llama3p1_5673df/hit_miss_amat_summary.csv
llama3p1_8b_instruct,16k,16k_llama3p1_8b_instruct_lcqa_epoch_window_recall,baseline,Traditional cache,20.345,48.991,4.111451,231845.0,1563,delivery/paper/repro_audit/longctx_table1_32_32_perf_20260605/replay_reports/table1_controls_32_32/run_20260605_171349_llama3p1_200ca6_llama3p1_5673df/hit_miss_amat_summary.csv
llama3p1_8b_instruct,16k,16k_llama3p1_8b_instruct_lcqa_dual_budget_rule,baseline,Traditional cache,21.257,54.069,4.134313,232660.0,1725,delivery/paper/repro_audit/longctx_table1_32_32_perf_20260605/replay_reports/table1_controls_32_32/run_20260605_171349_llama3p1_200ca6_llama3p1_5673df/hit_miss_amat_summary.csv
llama3p1_8b_instruct,16k,16k_llama3p1_8b_instruct_lcqa_query_relevance_note,baseline,Traditional cache,19.824,47.331,4.103779,231730.0,1509,delivery/paper/repro_audit/longctx_table1_32_32_perf_20260605/replay_reports/table1_controls_32_32/run_20260605_171349_llama3p1_200ca6_llama3p1_5673df/hit_miss_amat_summary.csv
llama3p1_8b_instruct,16k,16k_llama3p1_8b_instruct_lcqa_spill_cost_reason,baseline,Traditional cache,18.848,58.171,4.1518,233443.0,1851,delivery/paper/repro_audit/longctx_table1_32_32_perf_20260605/replay_reports/table1_controls_32_32/run_20260605_171349_llama3p1_200ca6_llama3p1_5673df/hit_miss_amat_summary.csv
llama3p1_8b_instruct,16k,16k_llama3p1_8b_instruct_lcqa_head_budget_rule,baseline,Traditional cache,21.289,51.986,4.124691,232370.0,1656,delivery/paper/repro_audit/longctx_table1_32_32_perf_20260605/replay_reports/table1_controls_32_32/run_20260605_171349_llama3p1_200ca6_llama3p1_5673df/hit_miss_amat_summary.csv
llama3p1_8b_instruct,16k,16k_llama3p1_8b_instruct_cmqa_early_name_recall,baseline,Traditional cache,19.01,49.479,4.113529,231972.0,1578,delivery/paper/repro_audit/longctx_table1_32_32_perf_20260605/replay_reports/table1_controls_32_32/run_20260605_171349_llama3p1_200ca6_llama3p1_5673df/hit_miss_amat_summary.csv
llama3p1_8b_instruct,16k,16k_llama3p1_8b_instruct_cmqa_policy_recall,baseline,Traditional cache,19.173,51.595,4.12141,232253.0,1634,delivery/paper/repro_audit/longctx_table1_32_32_perf_20260605/replay_reports/table1_controls_32_32/run_20260605_171349_llama3p1_200ca6_llama3p1_5673df/hit_miss_amat_summary.csv
llama3p1_8b_instruct,16k,16k_llama3p1_8b_instruct_cmqa_anchor_reasoning,baseline,Traditional cache,19.824,55.632,4.14011,233026.0,1768,delivery/paper/repro_audit/longctx_table1_32_32_perf_20260605/replay_reports/table1_controls_32_32/run_20260605_171349_llama3p1_200ca6_llama3p1_5673df/hit_miss_amat_summary.csv
llama3p1_8b_instruct,16k,16k_llama3p1_8b_instruct_cmqa_backend_recall,baseline,Traditional cache,24.154,47.396,4.102326,231731.0,1497,delivery/paper/repro_audit/longctx_table1_32_32_perf_20260605/replay_reports/table1_controls_32_32/run_20260605_171349_llama3p1_200ca6_llama3p1_5673df/hit_miss_amat_summary.csv
llama3p1_8b_instruct,16k,16k_llama3p1_8b_instruct_cmqa_field_recall,baseline,Traditional cache,19.368,50.618,4.117375,232215.0,1607,delivery/paper/repro_audit/longctx_table1_32_32_perf_20260605/replay_reports/table1_controls_32_32/run_20260605_171349_llama3p1_200ca6_llama3p1_5673df/hit_miss_amat_summary.csv
llama3p1_8b_instruct,16k,16k_llama3p1_8b_instruct_cmqa_epoch_memory,baseline,Traditional cache,19.223,51.012,4.119138,232182.0,1617,delivery/paper/repro_audit/longctx_table1_32_32_perf_20260605/replay_reports/table1_controls_32_32/run_20260605_171349_llama3p1_200ca6_llama3p1_5673df/hit_miss_amat_summary.csv
llama3p1_8b_instruct,16k,16k_llama3p1_8b_instruct_cmqa_budget_memory,baseline,Traditional cache,19.629,48.991,4.111457,231951.0,1563,delivery/paper/repro_audit/longctx_table1_32_32_perf_20260605/replay_reports/table1_controls_32_32/run_20260605_171349_llama3p1_200ca6_llama3p1_5673df/hit_miss_amat_summary.csv
llama3p1_8b_instruct,16k,16k_llama3p1_8b_instruct_mdqa_cross_doc_role,fpga_true_h2o_pure,Pure H2O,20.215,55.501,4.138889,232770.0,1758,delivery/paper/repro_audit/longctx_table1_32_32_perf_20260605/replay_reports/table1_controls_32_32/run_20260605_171349_llama3p1_200ca6_llama3p1_5673df/hit_miss_amat_summary.csv
llama3p1_8b_instruct,16k,16k_llama3p1_8b_instruct_mdqa_component_match,fpga_true_h2o_pure,Pure H2O,20.378,54.655,4.136723,232799.0,1743,delivery/paper/repro_audit/longctx_table1_32_32_perf_20260605/replay_reports/table1_controls_32_32/run_20260605_171349_llama3p1_200ca6_llama3p1_5673df/hit_miss_amat_summary.csv
llama3p1_8b_instruct,16k,16k_llama3p1_8b_instruct_mdqa_two_hop_summary,fpga_true_h2o_pure,Pure H2O,20.312,54.59,4.134369,232662.0,1726,delivery/paper/repro_audit/longctx_table1_32_32_perf_20260605/replay_reports/table1_controls_32_32/run_20260605_171349_llama3p1_200ca6_llama3p1_5673df/hit_miss_amat_summary.csv
llama3p1_8b_instruct,16k,16k_llama3p1_8b_instruct_mdqa_cross_doc_priority,fpga_true_h2o_pure,Pure H2O,17.773,57.52,4.14646,233093.0,1812,delivery/paper/repro_audit/longctx_table1_32_32_perf_20260605/replay_reports/table1_controls_32_32/run_20260605_171349_llama3p1_200ca6_llama3p1_5673df/hit_miss_amat_summary.csv
llama3p1_8b_instruct,16k,16k_llama3p1_8b_instruct_mdqa_chain_descriptor_fields,fpga_true_h2o_pure,Pure H2O,20.182,56.803,4.143707,233048.0,1794,delivery/paper/repro_audit/longctx_table1_32_32_perf_20260605/replay_reports/table1_controls_32_32/run_20260605_171349_llama3p1_200ca6_llama3p1_5673df/hit_miss_amat_summary.csv
llama3p1_8b_instruct,16k,16k_llama3p1_8b_instruct_mdqa_three_stage_lookup,fpga_true_h2o_pure,Pure H2O,16.862,58.724,4.152743,233317.0,1858,delivery/paper/repro_audit/longctx_table1_32_32_perf_20260605/replay_reports/table1_controls_32_32/run_20260605_171349_llama3p1_200ca6_llama3p1_5673df/hit_miss_amat_summary.csv
llama3p1_8b_instruct,16k,16k_llama3p1_8b_instruct_mdqa_compression_guard,fpga_true_h2o_pure,Pure H2O,20.443,53.418,4.132769,232658.0,1715,delivery/paper/repro_audit/longctx_table1_32_32_perf_20260605/replay_reports/table1_controls_32_32/run_20260605_171349_llama3p1_200ca6_llama3p1_5673df/hit_miss_amat_summary.csv
llama3p1_8b_instruct,16k,16k_llama3p1_8b_instruct_mdqa_query_cost_chain,fpga_true_h2o_pure,Pure H2O,20.378,56.445,4.14351,233041.0,1791,delivery/paper/repro_audit/longctx_table1_32_32_perf_20260605/replay_reports/table1_controls_32_32/run_20260605_171349_llama3p1_200ca6_llama3p1_5673df/hit_miss_amat_summary.csv
llama3p1_8b_instruct,16k,16k_llama3p1_8b_instruct_mdqa_head_budget_allocation,fpga_true_h2o_pure,Pure H2O,21.224,54.362,4.131786,232676.0,1708,delivery/paper/repro_audit/longctx_table1_32_32_perf_20260605/replay_reports/table1_controls_32_32/run_20260605_171349_llama3p1_200ca6_llama3p1_5673df/hit_miss_amat_summary.csv
llama3p1_8b_instruct,16k,16k_llama3p1_8b_instruct_mdqa_backend_admission_reason,fpga_true_h2o_pure,Pure H2O,16.667,52.93,4.127327,232570.0,1677,delivery/paper/repro_audit/longctx_table1_32_32_perf_20260605/replay_reports/table1_controls_32_32/run_20260605_171349_llama3p1_200ca6_llama3p1_5673df/hit_miss_amat_summary.csv
llama3p1_8b_instruct,16k,16k_llama3p1_8b_instruct_lcqa_anchor_timeline,fpga_true_h2o_pure,Pure H2O,17.643,49.74,4.112635,231993.0,1571,delivery/paper/repro_audit/longctx_table1_32_32_perf_20260605/replay_reports/table1_controls_32_32/run_20260605_171349_llama3p1_200ca6_llama3p1_5673df/hit_miss_amat_summary.csv
llama3p1_8b_instruct,16k,16k_llama3p1_8b_instruct_lcqa_revision_policy,fpga_true_h2o_pure,Pure H2O,19.108,60.286,4.158688,233742.0,1901,delivery/paper/repro_audit/longctx_table1_32_32_perf_20260605/replay_reports/table1_controls_32_32/run_20260605_171349_llama3p1_200ca6_llama3p1_5673df/hit_miss_amat_summary.csv
llama3p1_8b_instruct,16k,16k_llama3p1_8b_instruct_lcqa_sparse_fact,fpga_true_h2o_pure,Pure H2O,18.457,59.733,4.159203,233494.0,1903,delivery/paper/repro_audit/longctx_table1_32_32_perf_20260605/replay_reports/table1_controls_32_32/run_20260605_171349_llama3p1_200ca6_llama3p1_5673df/hit_miss_amat_summary.csv
llama3p1_8b_instruct,16k,16k_llama3p1_8b_instruct_lcqa_dual_anchor_incident,fpga_true_h2o_pure,Pure H2O,19.694,55.762,4.139331,232892.0,1762,delivery/paper/repro_audit/longctx_table1_32_32_perf_20260605/replay_reports/table1_controls_32_32/run_20260605_171349_llama3p1_200ca6_llama3p1_5673df/hit_miss_amat_summary.csv
llama3p1_8b_instruct,16k,16k_llama3p1_8b_instruct_lcqa_backend_priority_rule,fpga_true_h2o_pure,Pure H2O,21.777,53.223,4.128645,232564.0,1686,delivery/paper/repro_audit/longctx_table1_32_32_perf_20260605/replay_reports/table1_controls_32_32/run_20260605_171349_llama3p1_200ca6_llama3p1_5673df/hit_miss_amat_summary.csv
llama3p1_8b_instruct,16k,16k_llama3p1_8b_instruct_lcqa_epoch_window_recall,fpga_true_h2o_pure,Pure H2O,20.443,57.259,4.147386,233126.0,1819,delivery/paper/repro_audit/longctx_table1_32_32_perf_20260605/replay_reports/table1_controls_32_32/run_20260605_171349_llama3p1_200ca6_llama3p1_5673df/hit_miss_amat_summary.csv
llama3p1_8b_instruct,16k,16k_llama3p1_8b_instruct_lcqa_dual_budget_rule,fpga_true_h2o_pure,Pure H2O,21.257,53.451,4.129825,232500.0,1693,delivery/paper/repro_audit/longctx_table1_32_32_perf_20260605/replay_reports/table1_controls_32_32/run_20260605_171349_llama3p1_200ca6_llama3p1_5673df/hit_miss_amat_summary.csv
llama3p1_8b_instruct,16k,16k_llama3p1_8b_instruct_lcqa_query_relevance_note,fpga_true_h2o_pure,Pure H2O,20.02,52.832,4.125785,232515.0,1666,delivery/paper/repro_audit/longctx_table1_32_32_perf_20260605/replay_reports/table1_controls_32_32/run_20260605_171349_llama3p1_200ca6_llama3p1_5673df/hit_miss_amat_summary.csv
llama3p1_8b_instruct,16k,16k_llama3p1_8b_instruct_lcqa_spill_cost_reason,fpga_true_h2o_pure,Pure H2O,18.848,59.31,4.155444,233573.0,1878,delivery/paper/repro_audit/longctx_table1_32_32_perf_20260605/replay_reports/table1_controls_32_32/run_20260605_171349_llama3p1_200ca6_llama3p1_5673df/hit_miss_amat_summary.csv
llama3p1_8b_instruct,16k,16k_llama3p1_8b_instruct_lcqa_head_budget_rule,fpga_true_h2o_pure,Pure H2O,21.517,56.087,4.143005,233023.0,1788,delivery/paper/repro_audit/longctx_table1_32_32_perf_20260605/replay_reports/table1_controls_32_32/run_20260605_171349_llama3p1_200ca6_llama3p1_5673df/hit_miss_amat_summary.csv
llama3p1_8b_instruct,16k,16k_llama3p1_8b_instruct_cmqa_early_name_recall,fpga_true_h2o_pure,Pure H2O,19.01,48.73,4.107499,231757.0,1535,delivery/paper/repro_audit/longctx_table1_32_32_perf_20260605/replay_reports/table1_controls_32_32/run_20260605_171349_llama3p1_200ca6_llama3p1_5673df/hit_miss_amat_summary.csv
llama3p1_8b_instruct,16k,16k_llama3p1_8b_instruct_cmqa_policy_recall,fpga_true_h2o_pure,Pure H2O,19.238,56.673,4.143426,233038.0,1792,delivery/paper/repro_audit/longctx_table1_32_32_perf_20260605/replay_reports/table1_controls_32_32/run_20260605_171349_llama3p1_200ca6_llama3p1_5673df/hit_miss_amat_summary.csv
llama3p1_8b_instruct,16k,16k_llama3p1_8b_instruct_cmqa_anchor_reasoning,fpga_true_h2o_pure,Pure H2O,20.02,59.44,4.157603,233650.0,1893,delivery/paper/repro_audit/longctx_table1_32_32_perf_20260605/replay_reports/table1_controls_32_32/run_20260605_171349_llama3p1_200ca6_llama3p1_5673df/hit_miss_amat_summary.csv
llama3p1_8b_instruct,16k,16k_llama3p1_8b_instruct_cmqa_backend_recall,fpga_true_h2o_pure,Pure H2O,24.186,54.753,4.13366,232849.0,1722,delivery/paper/repro_audit/longctx_table1_32_32_perf_20260605/replay_reports/table1_controls_32_32/run_20260605_171349_llama3p1_200ca6_llama3p1_5673df/hit_miss_amat_summary.csv
llama3p1_8b_instruct,16k,16k_llama3p1_8b_instruct_cmqa_field_recall,fpga_true_h2o_pure,Pure H2O,19.401,55.241,4.136662,232903.0,1743,delivery/paper/repro_audit/longctx_table1_32_32_perf_20260605/replay_reports/table1_controls_32_32/run_20260605_171349_llama3p1_200ca6_llama3p1_5673df/hit_miss_amat_summary.csv
llama3p1_8b_instruct,16k,16k_llama3p1_8b_instruct_cmqa_epoch_memory,fpga_true_h2o_pure,Pure H2O,19.191,55.222,4.136527,232802.0,1740,delivery/paper/repro_audit/longctx_table1_32_32_perf_20260605/replay_reports/table1_controls_32_32/run_20260605_171349_llama3p1_200ca6_llama3p1_5673df/hit_miss_amat_summary.csv
llama3p1_8b_instruct,16k,16k_llama3p1_8b_instruct_cmqa_budget_memory,fpga_true_h2o_pure,Pure H2O,19.434,55.176,4.137057,232864.0,1746,delivery/paper/repro_audit/longctx_table1_32_32_perf_20260605/replay_reports/table1_controls_32_32/run_20260605_171349_llama3p1_200ca6_llama3p1_5673df/hit_miss_amat_summary.csv
llama3p1_8b_instruct,16k,16k_llama3p1_8b_instruct_mdqa_cross_doc_role,fpga_h2o_plus_service_clean_victim_cache16_v245,H2O + victim cache,20.703,35.775,4.025,228711.0,1099,delivery/paper/repro_audit/longctx_table1_32_32_perf_20260605/replay_reports/table1_controls_32_32/run_20260605_171349_llama3p1_200ca6_llama3p1_5673df/hit_miss_amat_summary.csv
llama3p1_8b_instruct,16k,16k_llama3p1_8b_instruct_mdqa_component_match,fpga_h2o_plus_service_clean_victim_cache16_v245,H2O + victim cache,21.094,35.742,4.024821,228809.0,1098,delivery/paper/repro_audit/longctx_table1_32_32_perf_20260605/replay_reports/table1_controls_32_32/run_20260605_171349_llama3p1_200ca6_llama3p1_5673df/hit_miss_amat_summary.csv
llama3p1_8b_instruct,16k,16k_llama3p1_8b_instruct_mdqa_two_hop_summary,fpga_h2o_plus_service_clean_victim_cache16_v245,H2O + victim cache,20.605,36.426,4.027715,228860.0,1119,delivery/paper/repro_audit/longctx_table1_32_32_perf_20260605/replay_reports/table1_controls_32_32/run_20260605_171349_llama3p1_200ca6_llama3p1_5673df/hit_miss_amat_summary.csv
llama3p1_8b_instruct,16k,16k_llama3p1_8b_instruct_mdqa_cross_doc_priority,fpga_h2o_plus_service_clean_victim_cache16_v245,H2O + victim cache,17.936,40.853,4.046819,229541.0,1255,delivery/paper/repro_audit/longctx_table1_32_32_perf_20260605/replay_reports/table1_controls_32_32/run_20260605_171349_llama3p1_200ca6_llama3p1_5673df/hit_miss_amat_summary.csv
llama3p1_8b_instruct,16k,16k_llama3p1_8b_instruct_mdqa_chain_descriptor_fields,fpga_h2o_plus_service_clean_victim_cache16_v245,H2O + victim cache,20.182,39.16,4.039488,229332.0,1203,delivery/paper/repro_audit/longctx_table1_32_32_perf_20260605/replay_reports/table1_controls_32_32/run_20260605_171349_llama3p1_200ca6_llama3p1_5673df/hit_miss_amat_summary.csv
llama3p1_8b_instruct,16k,16k_llama3p1_8b_instruct_mdqa_three_stage_lookup,fpga_h2o_plus_service_clean_victim_cache16_v245,H2O + victim cache,17.285,42.318,4.053131,229766.0,1300,delivery/paper/repro_audit/longctx_table1_32_32_perf_20260605/replay_reports/table1_controls_32_32/run_20260605_171349_llama3p1_200ca6_llama3p1_5673df/hit_miss_amat_summary.csv
llama3p1_8b_instruct,16k,16k_llama3p1_8b_instruct_mdqa_compression_guard,fpga_h2o_plus_service_clean_victim_cache16_v245,H2O + victim cache,20.54,37.272,4.031383,229043.0,1145,delivery/paper/repro_audit/longctx_table1_32_32_perf_20260605/replay_reports/table1_controls_32_32/run_20260605_171349_llama3p1_200ca6_llama3p1_5673df/hit_miss_amat_summary.csv
llama3p1_8b_instruct,16k,16k_llama3p1_8b_instruct_mdqa_query_cost_chain,fpga_h2o_plus_service_clean_victim_cache16_v245,H2O + victim cache,20.931,34.733,4.020558,228657.0,1067,delivery/paper/repro_audit/longctx_table1_32_32_perf_20260605/replay_reports/table1_controls_32_32/run_20260605_171349_llama3p1_200ca6_llama3p1_5673df/hit_miss_amat_summary.csv
llama3p1_8b_instruct,16k,16k_llama3p1_8b_instruct_mdqa_head_budget_allocation,fpga_h2o_plus_service_clean_victim_cache16_v245,H2O + victim cache,21.257,35.547,4.023974,228831.0,1092,delivery/paper/repro_audit/longctx_table1_32_32_perf_20260605/replay_reports/table1_controls_32_32/run_20260605_171349_llama3p1_200ca6_llama3p1_5673df/hit_miss_amat_summary.csv
llama3p1_8b_instruct,16k,16k_llama3p1_8b_instruct_mdqa_backend_admission_reason,fpga_h2o_plus_service_clean_victim_cache16_v245,H2O + victim cache,16.536,39.225,4.039751,229446.0,1205,delivery/paper/repro_audit/longctx_table1_32_32_perf_20260605/replay_reports/table1_controls_32_32/run_20260605_171349_llama3p1_200ca6_llama3p1_5673df/hit_miss_amat_summary.csv
llama3p1_8b_instruct,16k,16k_llama3p1_8b_instruct_lcqa_anchor_timeline,fpga_h2o_plus_service_clean_victim_cache16_v245,H2O + victim cache,17.741,33.138,4.013571,228460.0,1018,delivery/paper/repro_audit/longctx_table1_32_32_perf_20260605/replay_reports/table1_controls_32_32/run_20260605_171349_llama3p1_200ca6_llama3p1_5673df/hit_miss_amat_summary.csv
llama3p1_8b_instruct,16k,16k_llama3p1_8b_instruct_lcqa_revision_policy,fpga_h2o_plus_service_clean_victim_cache16_v245,H2O + victim cache,19.466,36.328,4.027242,229052.0,1116,delivery/paper/repro_audit/longctx_table1_32_32_perf_20260605/replay_reports/table1_controls_32_32/run_20260605_171349_llama3p1_200ca6_llama3p1_5673df/hit_miss_amat_summary.csv
llama3p1_8b_instruct,16k,16k_llama3p1_8b_instruct_lcqa_sparse_fact,fpga_h2o_plus_service_clean_victim_cache16_v245,H2O + victim cache,18.522,37.891,4.034091,229035.0,1164,delivery/paper/repro_audit/longctx_table1_32_32_perf_20260605/replay_reports/table1_controls_32_32/run_20260605_171349_llama3p1_200ca6_llama3p1_5673df/hit_miss_amat_summary.csv
llama3p1_8b_instruct,16k,16k_llama3p1_8b_instruct_lcqa_dual_anchor_incident,fpga_h2o_plus_service_clean_victim_cache16_v245,H2O + victim cache,19.336,35.775,4.024989,228815.0,1099,delivery/paper/repro_audit/longctx_table1_32_32_perf_20260605/replay_reports/table1_controls_32_32/run_20260605_171349_llama3p1_200ca6_llama3p1_5673df/hit_miss_amat_summary.csv
llama3p1_8b_instruct,16k,16k_llama3p1_8b_instruct_lcqa_backend_priority_rule,fpga_h2o_plus_service_clean_victim_cache16_v245,H2O + victim cache,21.419,34.277,4.018534,228637.0,1053,delivery/paper/repro_audit/longctx_table1_32_32_perf_20260605/replay_reports/table1_controls_32_32/run_20260605_171349_llama3p1_200ca6_llama3p1_5673df/hit_miss_amat_summary.csv
llama3p1_8b_instruct,16k,16k_llama3p1_8b_instruct_lcqa_epoch_window_recall,fpga_h2o_plus_service_clean_victim_cache16_v245,H2O + victim cache,20.475,35.677,4.024574,228748.0,1096,delivery/paper/repro_audit/longctx_table1_32_32_perf_20260605/replay_reports/table1_controls_32_32/run_20260605_171349_llama3p1_200ca6_llama3p1_5673df/hit_miss_amat_summary.csv
llama3p1_8b_instruct,16k,16k_llama3p1_8b_instruct_lcqa_dual_budget_rule,fpga_h2o_plus_service_clean_victim_cache16_v245,H2O + victim cache,21.908,40.365,4.044687,229465.0,1240,delivery/paper/repro_audit/longctx_table1_32_32_perf_20260605/replay_reports/table1_controls_32_32/run_20260605_171349_llama3p1_200ca6_llama3p1_5673df/hit_miss_amat_summary.csv
llama3p1_8b_instruct,16k,16k_llama3p1_8b_instruct_lcqa_query_relevance_note,fpga_h2o_plus_service_clean_victim_cache16_v245,H2O + victim cache,20.443,33.854,4.016736,228625.0,1040,delivery/paper/repro_audit/longctx_table1_32_32_perf_20260605/replay_reports/table1_controls_32_32/run_20260605_171349_llama3p1_200ca6_llama3p1_5673df/hit_miss_amat_summary.csv
llama3p1_8b_instruct,16k,16k_llama3p1_8b_instruct_lcqa_spill_cost_reason,fpga_h2o_plus_service_clean_victim_cache16_v245,H2O + victim cache,19.141,40.365,4.044881,229629.0,1240,delivery/paper/repro_audit/longctx_table1_32_32_perf_20260605/replay_reports/table1_controls_32_32/run_20260605_171349_llama3p1_200ca6_llama3p1_5673df/hit_miss_amat_summary.csv
llama3p1_8b_instruct,16k,16k_llama3p1_8b_instruct_lcqa_head_budget_rule,fpga_h2o_plus_service_clean_victim_cache16_v245,H2O + victim cache,21.712,35.319,4.022998,228744.0,1085,delivery/paper/repro_audit/longctx_table1_32_32_perf_20260605/replay_reports/table1_controls_32_32/run_20260605_171349_llama3p1_200ca6_llama3p1_5673df/hit_miss_amat_summary.csv
llama3p1_8b_instruct,16k,16k_llama3p1_8b_instruct_cmqa_early_name_recall,fpga_h2o_plus_service_clean_victim_cache16_v245,H2O + victim cache,18.555,30.729,4.003225,228039.0,944,delivery/paper/repro_audit/longctx_table1_32_32_perf_20260605/replay_reports/table1_controls_32_32/run_20260605_171349_llama3p1_200ca6_llama3p1_5673df/hit_miss_amat_summary.csv
llama3p1_8b_instruct,16k,16k_llama3p1_8b_instruct_cmqa_policy_recall,fpga_h2o_plus_service_clean_victim_cache16_v245,H2O + victim cache,18.945,34.831,4.020894,228669.0,1070,delivery/paper/repro_audit/longctx_table1_32_32_perf_20260605/replay_reports/table1_controls_32_32/run_20260605_171349_llama3p1_200ca6_llama3p1_5673df/hit_miss_amat_summary.csv
llama3p1_8b_instruct,16k,16k_llama3p1_8b_instruct_cmqa_anchor_reasoning,fpga_h2o_plus_service_clean_victim_cache16_v245,H2O + victim cache,20.378,40.007,4.043227,229570.0,1229,delivery/paper/repro_audit/longctx_table1_32_32_perf_20260605/replay_reports/table1_controls_32_32/run_20260605_171349_llama3p1_200ca6_llama3p1_5673df/hit_miss_amat_summary.csv
llama3p1_8b_instruct,16k,16k_llama3p1_8b_instruct_cmqa_backend_recall,fpga_h2o_plus_service_clean_victim_cache16_v245,H2O + victim cache,23.893,31.836,4.00796,228364.0,978,delivery/paper/repro_audit/longctx_table1_32_32_perf_20260605/replay_reports/table1_controls_32_32/run_20260605_171349_llama3p1_200ca6_llama3p1_5673df/hit_miss_amat_summary.csv
llama3p1_8b_instruct,16k,16k_llama3p1_8b_instruct_cmqa_field_recall,fpga_h2o_plus_service_clean_victim_cache16_v245,H2O + victim cache,19.336,36.393,4.027557,229011.0,1118,delivery/paper/repro_audit/longctx_table1_32_32_perf_20260605/replay_reports/table1_controls_32_32/run_20260605_171349_llama3p1_200ca6_llama3p1_5673df/hit_miss_amat_summary.csv
llama3p1_8b_instruct,16k,16k_llama3p1_8b_instruct_cmqa_epoch_memory,fpga_h2o_plus_service_clean_victim_cache16_v245,H2O + victim cache,19.582,33.812,4.016435,228520.0,1036,delivery/paper/repro_audit/longctx_table1_32_32_perf_20260605/replay_reports/table1_controls_32_32/run_20260605_171349_llama3p1_200ca6_llama3p1_5673df/hit_miss_amat_summary.csv
llama3p1_8b_instruct,16k,16k_llama3p1_8b_instruct_cmqa_budget_memory,fpga_h2o_plus_service_clean_victim_cache16_v245,H2O + victim cache,19.564,34.44,4.019179,228660.0,1058,delivery/paper/repro_audit/longctx_table1_32_32_perf_20260605/replay_reports/table1_controls_32_32/run_20260605_171349_llama3p1_200ca6_llama3p1_5673df/hit_miss_amat_summary.csv
llama3p1_8b_instruct,16k,16k_llama3p1_8b_instruct_mdqa_cross_doc_role,fpga_h2o_plus_service_strict_miss_prefetch_v206,H2O + guarded prefetch,20.703,54.134,4.105163,231568.0,1669,delivery/paper/repro_audit/longctx_table1_32_32_perf_20260605/replay_reports/table1_controls_32_32/run_20260605_171349_llama3p1_200ca6_llama3p1_5673df/hit_miss_amat_summary.csv
llama3p1_8b_instruct,16k,16k_llama3p1_8b_instruct_mdqa_component_match,fpga_h2o_plus_service_strict_miss_prefetch_v206,H2O + guarded prefetch,21.094,54.264,4.106153,231709.0,1674,delivery/paper/repro_audit/longctx_table1_32_32_perf_20260605/replay_reports/table1_controls_32_32/run_20260605_171349_llama3p1_200ca6_llama3p1_5673df/hit_miss_amat_summary.csv
llama3p1_8b_instruct,16k,16k_llama3p1_8b_instruct_mdqa_two_hop_summary,fpga_h2o_plus_service_strict_miss_prefetch_v206,H2O + guarded prefetch,20.605,56.055,4.112797,231893.0,1725,delivery/paper/repro_audit/longctx_table1_32_32_perf_20260605/replay_reports/table1_controls_32_32/run_20260605_171349_llama3p1_200ca6_llama3p1_5673df/hit_miss_amat_summary.csv
llama3p1_8b_instruct,16k,16k_llama3p1_8b_instruct_mdqa_cross_doc_priority,fpga_h2o_plus_service_strict_miss_prefetch_v206,H2O + guarded prefetch,17.936,61.523,4.136109,232724.0,1891,delivery/paper/repro_audit/longctx_table1_32_32_perf_20260605/replay_reports/table1_controls_32_32/run_20260605_171349_llama3p1_200ca6_llama3p1_5673df/hit_miss_amat_summary.csv
llama3p1_8b_instruct,16k,16k_llama3p1_8b_instruct_mdqa_chain_descriptor_fields,fpga_h2o_plus_service_strict_miss_prefetch_v206,H2O + guarded prefetch,19.987,57.812,4.121158,232244.0,1781,delivery/paper/repro_audit/longctx_table1_32_32_perf_20260605/replay_reports/table1_controls_32_32/run_20260605_171349_llama3p1_200ca6_llama3p1_5673df/hit_miss_amat_summary.csv
llama3p1_8b_instruct,16k,16k_llama3p1_8b_instruct_mdqa_three_stage_lookup,fpga_h2o_plus_service_strict_miss_prefetch_v206,H2O + guarded prefetch,17.285,62.077,4.138493,232809.0,1908,delivery/paper/repro_audit/longctx_table1_32_32_perf_20260605/replay_reports/table1_controls_32_32/run_20260605_171349_llama3p1_200ca6_llama3p1_5673df/hit_miss_amat_summary.csv
llama3p1_8b_instruct,16k,16k_llama3p1_8b_instruct_mdqa_compression_guard,fpga_h2o_plus_service_strict_miss_prefetch_v206,H2O + guarded prefetch,20.54,54.557,4.106125,231708.0,1677,delivery/paper/repro_audit/longctx_table1_32_32_perf_20260605/replay_reports/table1_controls_32_32/run_20260605_171349_llama3p1_200ca6_llama3p1_5673df/hit_miss_amat_summary.csv
llama3p1_8b_instruct,16k,16k_llama3p1_8b_instruct_mdqa_query_cost_chain,fpga_h2o_plus_service_strict_miss_prefetch_v206,H2O + guarded prefetch,20.931,54.525,4.107079,231742.0,1683,delivery/paper/repro_audit/longctx_table1_32_32_perf_20260605/replay_reports/table1_controls_32_32/run_20260605_171349_llama3p1_200ca6_llama3p1_5673df/hit_miss_amat_summary.csv
llama3p1_8b_instruct,16k,16k_llama3p1_8b_instruct_mdqa_head_budget_allocation,fpga_h2o_plus_service_strict_miss_prefetch_v206,H2O + guarded prefetch,21.257,54.069,4.104195,231692.0,1664,delivery/paper/repro_audit/longctx_table1_32_32_perf_20260605/replay_reports/table1_controls_32_32/run_20260605_171349_llama3p1_200ca6_llama3p1_5673df/hit_miss_amat_summary.csv
llama3p1_8b_instruct,16k,16k_llama3p1_8b_instruct_mdqa_backend_admission_reason,fpga_h2o_plus_service_strict_miss_prefetch_v206,H2O + guarded prefetch,16.504,61.068,4.136101,232883.0,1888,delivery/paper/repro_audit/longctx_table1_32_32_perf_20260605/replay_reports/table1_controls_32_32/run_20260605_171349_llama3p1_200ca6_llama3p1_5673df/hit_miss_amat_summary.csv
llama3p1_8b_instruct,16k,16k_llama3p1_8b_instruct_lcqa_anchor_timeline,fpga_h2o_plus_service_strict_miss_prefetch_v206,H2O + guarded prefetch,17.741,47.656,4.077052,230724.0,1469,delivery/paper/repro_audit/longctx_table1_32_32_perf_20260605/replay_reports/table1_controls_32_32/run_20260605_171349_llama3p1_200ca6_llama3p1_5673df/hit_miss_amat_summary.csv
llama3p1_8b_instruct,16k,16k_llama3p1_8b_instruct_lcqa_revision_policy,fpga_h2o_plus_service_strict_miss_prefetch_v206,H2O + guarded prefetch,19.466,59.961,4.129652,232706.0,1846,delivery/paper/repro_audit/longctx_table1_32_32_perf_20260605/replay_reports/table1_controls_32_32/run_20260605_171349_llama3p1_200ca6_llama3p1_5673df/hit_miss_amat_summary.csv
llama3p1_8b_instruct,16k,16k_llama3p1_8b_instruct_lcqa_sparse_fact,fpga_h2o_plus_service_strict_miss_prefetch_v206,H2O + guarded prefetch,18.522,56.999,4.116779,231982.0,1752,delivery/paper/repro_audit/longctx_table1_32_32_perf_20260605/replay_reports/table1_controls_32_32/run_20260605_171349_llama3p1_200ca6_llama3p1_5673df/hit_miss_amat_summary.csv
llama3p1_8b_instruct,16k,16k_llama3p1_8b_instruct_lcqa_dual_anchor_incident,fpga_h2o_plus_service_strict_miss_prefetch_v206,H2O + guarded prefetch,19.336,54.72,4.10691,231736.0,1683,delivery/paper/repro_audit/longctx_table1_32_32_perf_20260605/replay_reports/table1_controls_32_32/run_20260605_171349_llama3p1_200ca6_llama3p1_5673df/hit_miss_amat_summary.csv
llama3p1_8b_instruct,16k,16k_llama3p1_8b_instruct_lcqa_backend_priority_rule,fpga_h2o_plus_service_strict_miss_prefetch_v206,H2O + guarded prefetch,21.419,53.809,4.103101,231653.0,1656,delivery/paper/repro_audit/longctx_table1_32_32_perf_20260605/replay_reports/table1_controls_32_32/run_20260605_171349_llama3p1_200ca6_llama3p1_5673df/hit_miss_amat_summary.csv
llama3p1_8b_instruct,16k,16k_llama3p1_8b_instruct_lcqa_epoch_window_recall,fpga_h2o_plus_service_strict_miss_prefetch_v206,H2O + guarded prefetch,20.475,54.134,4.105476,231632.0,1671,delivery/paper/repro_audit/longctx_table1_32_32_perf_20260605/replay_reports/table1_controls_32_32/run_20260605_171349_llama3p1_200ca6_llama3p1_5673df/hit_miss_amat_summary.csv
llama3p1_8b_instruct,16k,16k_llama3p1_8b_instruct_lcqa_dual_budget_rule,fpga_h2o_plus_service_strict_miss_prefetch_v206,H2O + guarded prefetch,21.908,58.333,4.123597,232278.0,1801,delivery/paper/repro_audit/longctx_table1_32_32_perf_20260605/replay_reports/table1_controls_32_32/run_20260605_171349_llama3p1_200ca6_llama3p1_5673df/hit_miss_amat_summary.csv
llama3p1_8b_instruct,16k,16k_llama3p1_8b_instruct_lcqa_query_relevance_note,fpga_h2o_plus_service_strict_miss_prefetch_v206,H2O + guarded prefetch,20.443,51.009,4.091108,231278.0,1570,delivery/paper/repro_audit/longctx_table1_32_32_perf_20260605/replay_reports/table1_controls_32_32/run_20260605_171349_llama3p1_200ca6_llama3p1_5673df/hit_miss_amat_summary.csv
llama3p1_8b_instruct,16k,16k_llama3p1_8b_instruct_lcqa_spill_cost_reason,fpga_h2o_plus_service_strict_miss_prefetch_v206,H2O + guarded prefetch,19.141,58.691,4.125308,232498.0,1812,delivery/paper/repro_audit/longctx_table1_32_32_perf_20260605/replay_reports/table1_controls_32_32/run_20260605_171349_llama3p1_200ca6_llama3p1_5673df/hit_miss_amat_summary.csv
llama3p1_8b_instruct,16k,16k_llama3p1_8b_instruct_lcqa_head_budget_rule,fpga_h2o_plus_service_strict_miss_prefetch_v206,H2O + guarded prefetch,21.712,54.525,4.10635,231716.0,1678,delivery/paper/repro_audit/longctx_table1_32_32_perf_20260605/replay_reports/table1_controls_32_32/run_20260605_171349_llama3p1_200ca6_llama3p1_5673df/hit_miss_amat_summary.csv
llama3p1_8b_instruct,16k,16k_llama3p1_8b_instruct_cmqa_early_name_recall,fpga_h2o_plus_service_strict_miss_prefetch_v206,H2O + guarded prefetch,18.587,49.382,4.085568,230975.0,1528,delivery/paper/repro_audit/longctx_table1_32_32_perf_20260605/replay_reports/table1_controls_32_32/run_20260605_171349_llama3p1_200ca6_llama3p1_5673df/hit_miss_amat_summary.csv
llama3p1_8b_instruct,16k,16k_llama3p1_8b_instruct_cmqa_policy_recall,fpga_h2o_plus_service_strict_miss_prefetch_v206,H2O + guarded prefetch,18.945,57.812,4.120232,232211.0,1778,delivery/paper/repro_audit/longctx_table1_32_32_perf_20260605/replay_reports/table1_controls_32_32/run_20260605_171349_llama3p1_200ca6_llama3p1_5673df/hit_miss_amat_summary.csv
llama3p1_8b_instruct,16k,16k_llama3p1_8b_instruct_cmqa_anchor_reasoning,fpga_h2o_plus_service_strict_miss_prefetch_v206,H2O + guarded prefetch,20.28,56.413,4.116674,232190.0,1750,delivery/paper/repro_audit/longctx_table1_32_32_perf_20260605/replay_reports/table1_controls_32_32/run_20260605_171349_llama3p1_200ca6_llama3p1_5673df/hit_miss_amat_summary.csv
llama3p1_8b_instruct,16k,16k_llama3p1_8b_instruct_cmqa_backend_recall,fpga_h2o_plus_service_strict_miss_prefetch_v206,H2O + guarded prefetch,23.893,52.962,4.099467,231629.0,1630,delivery/paper/repro_audit/longctx_table1_32_32_perf_20260605/replay_reports/table1_controls_32_32/run_20260605_171349_llama3p1_200ca6_llama3p1_5673df/hit_miss_amat_summary.csv
llama3p1_8b_instruct,16k,16k_llama3p1_8b_instruct_cmqa_field_recall,fpga_h2o_plus_service_strict_miss_prefetch_v206,H2O + guarded prefetch,19.336,53.906,4.103414,231717.0,1658,delivery/paper/repro_audit/longctx_table1_32_32_perf_20260605/replay_reports/table1_controls_32_32/run_20260605_171349_llama3p1_200ca6_llama3p1_5673df/hit_miss_amat_summary.csv
llama3p1_8b_instruct,16k,16k_llama3p1_8b_instruct_cmqa_epoch_memory,fpga_h2o_plus_service_strict_miss_prefetch_v206,H2O + guarded prefetch,19.582,54.21,4.104667,231666.0,1663,delivery/paper/repro_audit/longctx_table1_32_32_perf_20260605/replay_reports/table1_controls_32_32/run_20260605_171349_llama3p1_200ca6_llama3p1_5673df/hit_miss_amat_summary.csv
llama3p1_8b_instruct,16k,16k_llama3p1_8b_instruct_cmqa_budget_memory,fpga_h2o_plus_service_strict_miss_prefetch_v206,H2O + guarded prefetch,19.564,57.096,4.117598,232170.0,1759,delivery/paper/repro_audit/longctx_table1_32_32_perf_20260605/replay_reports/table1_controls_32_32/run_20260605_171349_llama3p1_200ca6_llama3p1_5673df/hit_miss_amat_summary.csv
mistral_7b_instruct_v0p3,16k,16k_mistral_7b_instruct_v0p3_mdqa_cross_doc_role,baseline,Traditional cache,16.797,53.288,4.134111,232812.0,1724,delivery/paper/repro_audit/longctx_table1_32_32_perf_20260605/replay_reports/table1_controls_32_32/run_20260605_174604_mistral7_aba390_mistral7_b717ce/hit_miss_amat_summary.csv
mistral_7b_instruct_v0p3,16k,16k_mistral_7b_instruct_v0p3_mdqa_component_match,baseline,Traditional cache,15.202,55.762,4.14343,232985.0,1790,delivery/paper/repro_audit/longctx_table1_32_32_perf_20260605/replay_reports/table1_controls_32_32/run_20260605_174604_mistral7_aba390_mistral7_b717ce/hit_miss_amat_summary.csv
mistral_7b_instruct_v0p3,16k,16k_mistral_7b_instruct_v0p3_mdqa_two_hop_summary,baseline,Traditional cache,12.956,56.803,4.148015,233308.0,1825,delivery/paper/repro_audit/longctx_table1_32_32_perf_20260605/replay_reports/table1_controls_32_32/run_20260605_174604_mistral7_aba390_mistral7_b717ce/hit_miss_amat_summary.csv
mistral_7b_instruct_v0p3,16k,16k_mistral_7b_instruct_v0p3_mdqa_cross_doc_priority,baseline,Traditional cache,17.448,57.715,4.151822,233497.0,1850,delivery/paper/repro_audit/longctx_table1_32_32_perf_20260605/replay_reports/table1_controls_32_32/run_20260605_174604_mistral7_aba390_mistral7_b717ce/hit_miss_amat_summary.csv
mistral_7b_instruct_v0p3,16k,16k_mistral_7b_instruct_v0p3_mdqa_chain_descriptor_fields,baseline,Traditional cache,13.151,59.505,4.161608,233633.0,1918,delivery/paper/repro_audit/longctx_table1_32_32_perf_20260605/replay_reports/table1_controls_32_32/run_20260605_174604_mistral7_aba390_mistral7_b717ce/hit_miss_amat_summary.csv
mistral_7b_instruct_v0p3,16k,16k_mistral_7b_instruct_v0p3_mdqa_three_stage_lookup,baseline,Traditional cache,16.243,58.333,4.157926,233555.0,1892,delivery/paper/repro_audit/longctx_table1_32_32_perf_20260605/replay_reports/table1_controls_32_32/run_20260605_174604_mistral7_aba390_mistral7_b717ce/hit_miss_amat_summary.csv
mistral_7b_instruct_v0p3,16k,16k_mistral_7b_instruct_v0p3_mdqa_compression_guard,baseline,Traditional cache,15.104,57.747,4.149366,233303.0,1834,delivery/paper/repro_audit/longctx_table1_32_32_perf_20260605/replay_reports/table1_controls_32_32/run_20260605_174604_mistral7_aba390_mistral7_b717ce/hit_miss_amat_summary.csv
mistral_7b_instruct_v0p3,16k,16k_mistral_7b_instruct_v0p3_mdqa_query_cost_chain,baseline,Traditional cache,14.909,58.854,4.156306,233657.0,1881,delivery/paper/repro_audit/longctx_table1_32_32_perf_20260605/replay_reports/table1_controls_32_32/run_20260605_174604_mistral7_aba390_mistral7_b717ce/hit_miss_amat_summary.csv
mistral_7b_instruct_v0p3,16k,16k_mistral_7b_instruct_v0p3_mdqa_head_budget_allocation,baseline,Traditional cache,16.602,55.599,4.14351,233041.0,1789,delivery/paper/repro_audit/longctx_table1_32_32_perf_20260605/replay_reports/table1_controls_32_32/run_20260605_174604_mistral7_aba390_mistral7_b717ce/hit_miss_amat_summary.csv
mistral_7b_instruct_v0p3,16k,16k_mistral_7b_instruct_v0p3_mdqa_backend_admission_reason,baseline,Traditional cache,15.007,56.803,4.148362,233214.0,1824,delivery/paper/repro_audit/longctx_table1_32_32_perf_20260605/replay_reports/table1_controls_32_32/run_20260605_174604_mistral7_aba390_mistral7_b717ce/hit_miss_amat_summary.csv
mistral_7b_instruct_v0p3,16k,16k_mistral_7b_instruct_v0p3_lcqa_anchor_timeline,baseline,Traditional cache,15.56,54.753,4.138848,232981.0,1759,delivery/paper/repro_audit/longctx_table1_32_32_perf_20260605/replay_reports/table1_controls_32_32/run_20260605_174604_mistral7_aba390_mistral7_b717ce/hit_miss_amat_summary.csv
mistral_7b_instruct_v0p3,16k,16k_mistral_7b_instruct_v0p3_lcqa_revision_policy,baseline,Traditional cache,13.281,57.129,4.148418,233216.0,1826,delivery/paper/repro_audit/longctx_table1_32_32_perf_20260605/replay_reports/table1_controls_32_32/run_20260605_174604_mistral7_aba390_mistral7_b717ce/hit_miss_amat_summary.csv
mistral_7b_instruct_v0p3,16k,16k_mistral_7b_instruct_v0p3_lcqa_sparse_fact,baseline,Traditional cache,12.435,61.035,4.166424,233858.0,1954,delivery/paper/repro_audit/longctx_table1_32_32_perf_20260605/replay_reports/table1_controls_32_32/run_20260605_174604_mistral7_aba390_mistral7_b717ce/hit_miss_amat_summary.csv
mistral_7b_instruct_v0p3,16k,16k_mistral_7b_instruct_v0p3_lcqa_dual_anchor_incident,baseline,Traditional cache,18.424,52.865,4.133244,232728.0,1717,delivery/paper/repro_audit/longctx_table1_32_32_perf_20260605/replay_reports/table1_controls_32_32/run_20260605_174604_mistral7_aba390_mistral7_b717ce/hit_miss_amat_summary.csv
mistral_7b_instruct_v0p3,16k,16k_mistral_7b_instruct_v0p3_lcqa_backend_priority_rule,baseline,Traditional cache,17.741,53.516,4.134363,232821.0,1726,delivery/paper/repro_audit/longctx_table1_32_32_perf_20260605/replay_reports/table1_controls_32_32/run_20260605_174604_mistral7_aba390_mistral7_b717ce/hit_miss_amat_summary.csv
mistral_7b_instruct_v0p3,16k,16k_mistral_7b_instruct_v0p3_lcqa_epoch_window_recall,baseline,Traditional cache,16.634,53.646,4.134699,232833.0,1730,delivery/paper/repro_audit/longctx_table1_32_32_perf_20260605/replay_reports/table1_controls_32_32/run_20260605_174604_mistral7_aba390_mistral7_b717ce/hit_miss_amat_summary.csv
mistral_7b_instruct_v0p3,16k,16k_mistral_7b_instruct_v0p3_lcqa_dual_budget_rule,baseline,Traditional cache,16.211,57.324,4.149664,233420.0,1836,delivery/paper/repro_audit/longctx_table1_32_32_perf_20260605/replay_reports/table1_controls_32_32/run_20260605_174604_mistral7_aba390_mistral7_b717ce/hit_miss_amat_summary.csv
mistral_7b_instruct_v0p3,16k,16k_mistral_7b_instruct_v0p3_lcqa_query_relevance_note,baseline,Traditional cache,18.88,54.818,4.139085,232777.0,1759,delivery/paper/repro_audit/longctx_table1_32_32_perf_20260605/replay_reports/table1_controls_32_32/run_20260605_174604_mistral7_aba390_mistral7_b717ce/hit_miss_amat_summary.csv
mistral_7b_instruct_v0p3,16k,16k_mistral_7b_instruct_v0p3_lcqa_spill_cost_reason,baseline,Traditional cache,16.602,60.742,4.167321,234050.0,1962,delivery/paper/repro_audit/longctx_table1_32_32_perf_20260605/replay_reports/table1_controls_32_32/run_20260605_174604_mistral7_aba390_mistral7_b717ce/hit_miss_amat_summary.csv
mistral_7b_instruct_v0p3,16k,16k_mistral_7b_instruct_v0p3_lcqa_head_budget_rule,baseline,Traditional cache,16.211,56.901,4.146544,233096.0,1812,delivery/paper/repro_audit/longctx_table1_32_32_perf_20260605/replay_reports/table1_controls_32_32/run_20260605_174604_mistral7_aba390_mistral7_b717ce/hit_miss_amat_summary.csv
mistral_7b_instruct_v0p3,16k,16k_mistral_7b_instruct_v0p3_cmqa_early_name_recall,baseline,Traditional cache,12.988,59.961,4.160766,233603.0,1913,delivery/paper/repro_audit/longctx_table1_32_32_perf_20260605/replay_reports/table1_controls_32_32/run_20260605_174604_mistral7_aba390_mistral7_b717ce/hit_miss_amat_summary.csv
mistral_7b_instruct_v0p3,16k,16k_mistral_7b_instruct_v0p3_cmqa_policy_recall,baseline,Traditional cache,12.174,62.695,4.172615,233972.0,2001,delivery/paper/repro_audit/longctx_table1_32_32_perf_20260605/replay_reports/table1_controls_32_32/run_20260605_174604_mistral7_aba390_mistral7_b717ce/hit_miss_amat_summary.csv
mistral_7b_instruct_v0p3,16k,16k_mistral_7b_instruct_v0p3_cmqa_anchor_reasoning,baseline,Traditional cache,13.9,56.51,4.143394,233090.0,1791,delivery/paper/repro_audit/longctx_table1_32_32_perf_20260605/replay_reports/table1_controls_32_32/run_20260605_174604_mistral7_aba390_mistral7_b717ce/hit_miss_amat_summary.csv
mistral_7b_instruct_v0p3,16k,16k_mistral_7b_instruct_v0p3_cmqa_backend_recall,baseline,Traditional cache,18.783,53.223,4.12988,232555.0,1694,delivery/paper/repro_audit/longctx_table1_32_32_perf_20260605/replay_reports/table1_controls_32_32/run_20260605_174604_mistral7_aba390_mistral7_b717ce/hit_miss_amat_summary.csv
mistral_7b_instruct_v0p3,16k,16k_mistral_7b_instruct_v0p3_cmqa_field_recall,baseline,Traditional cache,15.527,57.389,4.148856,233338.0,1830,delivery/paper/repro_audit/longctx_table1_32_32_perf_20260605/replay_reports/table1_controls_32_32/run_20260605_174604_mistral7_aba390_mistral7_b717ce/hit_miss_amat_summary.csv
mistral_7b_instruct_v0p3,16k,16k_mistral_7b_instruct_v0p3_cmqa_epoch_memory,baseline,Traditional cache,15.885,55.859,4.140842,232999.0,1772,delivery/paper/repro_audit/longctx_table1_32_32_perf_20260605/replay_reports/table1_controls_32_32/run_20260605_174604_mistral7_aba390_mistral7_b717ce/hit_miss_amat_summary.csv
mistral_7b_instruct_v0p3,16k,16k_mistral_7b_instruct_v0p3_cmqa_budget_memory,baseline,Traditional cache,11.686,58.659,4.152086,233400.0,1851,delivery/paper/repro_audit/longctx_table1_32_32_perf_20260605/replay_reports/table1_controls_32_32/run_20260605_174604_mistral7_aba390_mistral7_b717ce/hit_miss_amat_summary.csv
mistral_7b_instruct_v0p3,16k,16k_mistral_7b_instruct_v0p3_mdqa_cross_doc_role,fpga_true_h2o_pure,Pure H2O,17.025,51.628,4.124271,232461.0,1656,delivery/paper/repro_audit/longctx_table1_32_32_perf_20260605/replay_reports/table1_controls_32_32/run_20260605_174604_mistral7_aba390_mistral7_b717ce/hit_miss_amat_summary.csv
mistral_7b_instruct_v0p3,16k,16k_mistral_7b_instruct_v0p3_mdqa_component_match,fpga_true_h2o_pure,Pure H2O,15.365,54.785,4.13709,232759.0,1746,delivery/paper/repro_audit/longctx_table1_32_32_perf_20260605/replay_reports/table1_controls_32_32/run_20260605_174604_mistral7_aba390_mistral7_b717ce/hit_miss_amat_summary.csv
mistral_7b_instruct_v0p3,16k,16k_mistral_7b_instruct_v0p3_mdqa_two_hop_summary,fpga_true_h2o_pure,Pure H2O,12.956,61.133,4.164555,233898.0,1943,delivery/paper/repro_audit/longctx_table1_32_32_perf_20260605/replay_reports/table1_controls_32_32/run_20260605_174604_mistral7_aba390_mistral7_b717ce/hit_miss_amat_summary.csv
mistral_7b_instruct_v0p3,16k,16k_mistral_7b_instruct_v0p3_mdqa_cross_doc_priority,fpga_true_h2o_pure,Pure H2O,17.904,55.469,4.138229,233012.0,1755,delivery/paper/repro_audit/longctx_table1_32_32_perf_20260605/replay_reports/table1_controls_32_32/run_20260605_174604_mistral7_aba390_mistral7_b717ce/hit_miss_amat_summary.csv
mistral_7b_instruct_v0p3,16k,16k_mistral_7b_instruct_v0p3_mdqa_chain_descriptor_fields,fpga_true_h2o_pure,Pure H2O,13.118,55.859,4.141495,232916.0,1777,delivery/paper/repro_audit/longctx_table1_32_32_perf_20260605/replay_reports/table1_controls_32_32/run_20260605_174604_mistral7_aba390_mistral7_b717ce/hit_miss_amat_summary.csv
mistral_7b_instruct_v0p3,16k,16k_mistral_7b_instruct_v0p3_mdqa_three_stage_lookup,fpga_true_h2o_pure,Pure H2O,16.536,54.72,4.136695,232798.0,1744,delivery/paper/repro_audit/longctx_table1_32_32_perf_20260605/replay_reports/table1_controls_32_32/run_20260605_174604_mistral7_aba390_mistral7_b717ce/hit_miss_amat_summary.csv
mistral_7b_instruct_v0p3,16k,16k_mistral_7b_instruct_v0p3_mdqa_compression_guard,fpga_true_h2o_pure,Pure H2O,15.202,57.78,4.149422,233305.0,1834,delivery/paper/repro_audit/longctx_table1_32_32_perf_20260605/replay_reports/table1_controls_32_32/run_20260605_174604_mistral7_aba390_mistral7_b717ce/hit_miss_amat_summary.csv
mistral_7b_instruct_v0p3,16k,16k_mistral_7b_instruct_v0p3_mdqa_query_cost_chain,fpga_true_h2o_pure,Pure H2O,15.039,59.44,4.155437,233626.0,1877,delivery/paper/repro_audit/longctx_table1_32_32_perf_20260605/replay_reports/table1_controls_32_32/run_20260605_174604_mistral7_aba390_mistral7_b717ce/hit_miss_amat_summary.csv
mistral_7b_instruct_v0p3,16k,16k_mistral_7b_instruct_v0p3_mdqa_head_budget_allocation,fpga_true_h2o_pure,Pure H2O,16.96,54.329,4.134704,232727.0,1729,delivery/paper/repro_audit/longctx_table1_32_32_perf_20260605/replay_reports/table1_controls_32_32/run_20260605_174604_mistral7_aba390_mistral7_b717ce/hit_miss_amat_summary.csv
mistral_7b_instruct_v0p3,16k,16k_mistral_7b_instruct_v0p3_mdqa_backend_admission_reason,fpga_true_h2o_pure,Pure H2O,15.299,58.529,4.151952,233342.0,1852,delivery/paper/repro_audit/longctx_table1_32_32_perf_20260605/replay_reports/table1_controls_32_32/run_20260605_174604_mistral7_aba390_mistral7_b717ce/hit_miss_amat_summary.csv
mistral_7b_instruct_v0p3,16k,16k_mistral_7b_instruct_v0p3_lcqa_anchor_timeline,fpga_true_h2o_pure,Pure H2O,15.658,54.59,4.13655,232899.0,1743,delivery/paper/repro_audit/longctx_table1_32_32_perf_20260605/replay_reports/table1_controls_32_32/run_20260605_174604_mistral7_aba390_mistral7_b717ce/hit_miss_amat_summary.csv
mistral_7b_instruct_v0p3,16k,16k_mistral_7b_instruct_v0p3_lcqa_revision_policy,fpga_true_h2o_pure,Pure H2O,13.249,54.362,4.134788,232730.0,1730,delivery/paper/repro_audit/longctx_table1_32_32_perf_20260605/replay_reports/table1_controls_32_32/run_20260605_174604_mistral7_aba390_mistral7_b717ce/hit_miss_amat_summary.csv
mistral_7b_instruct_v0p3,16k,16k_mistral_7b_instruct_v0p3_lcqa_sparse_fact,fpga_true_h2o_pure,Pure H2O,12.565,54.102,4.134984,232737.0,1732,delivery/paper/repro_audit/longctx_table1_32_32_perf_20260605/replay_reports/table1_controls_32_32/run_20260605_174604_mistral7_aba390_mistral7_b717ce/hit_miss_amat_summary.csv
mistral_7b_instruct_v0p3,16k,16k_mistral_7b_instruct_v0p3_lcqa_dual_anchor_incident,fpga_true_h2o_pure,Pure H2O,18.555,47.168,4.10526,231730.0,1519,delivery/paper/repro_audit/longctx_table1_32_32_perf_20260605/replay_reports/table1_controls_32_32/run_20260605_174604_mistral7_aba390_mistral7_b717ce/hit_miss_amat_summary.csv
mistral_7b_instruct_v0p3,16k,16k_mistral_7b_instruct_v0p3_lcqa_backend_priority_rule,fpga_true_h2o_pure,Pure H2O,18.001,51.074,4.122197,232387.0,1640,delivery/paper/repro_audit/longctx_table1_32_32_perf_20260605/replay_reports/table1_controls_32_32/run_20260605_174604_mistral7_aba390_mistral7_b717ce/hit_miss_amat_summary.csv
mistral_7b_instruct_v0p3,16k,16k_mistral_7b_instruct_v0p3_lcqa_epoch_window_recall,fpga_true_h2o_pure,Pure H2O,16.895,57.357,4.148716,233333.0,1830,delivery/paper/repro_audit/longctx_table1_32_32_perf_20260605/replay_reports/table1_controls_32_32/run_20260605_174604_mistral7_aba390_mistral7_b717ce/hit_miss_amat_summary.csv
mistral_7b_instruct_v0p3,16k,16k_mistral_7b_instruct_v0p3_lcqa_dual_budget_rule,fpga_true_h2o_pure,Pure H2O,16.341,55.078,4.139322,233051.0,1763,delivery/paper/repro_audit/longctx_table1_32_32_perf_20260605/replay_reports/table1_controls_32_32/run_20260605_174604_mistral7_aba390_mistral7_b717ce/hit_miss_amat_summary.csv
mistral_7b_instruct_v0p3,16k,16k_mistral_7b_instruct_v0p3_lcqa_query_relevance_note,fpga_true_h2o_pure,Pure H2O,19.076,52.897,4.129461,232434.0,1692,delivery/paper/repro_audit/longctx_table1_32_32_perf_20260605/replay_reports/table1_controls_32_32/run_20260605_174604_mistral7_aba390_mistral7_b717ce/hit_miss_amat_summary.csv
mistral_7b_instruct_v0p3,16k,16k_mistral_7b_instruct_v0p3_lcqa_spill_cost_reason,fpga_true_h2o_pure,Pure H2O,16.895,61.361,4.165247,233976.0,1948,delivery/paper/repro_audit/longctx_table1_32_32_perf_20260605/replay_reports/table1_controls_32_32/run_20260605_174604_mistral7_aba390_mistral7_b717ce/hit_miss_amat_summary.csv
mistral_7b_instruct_v0p3,16k,16k_mistral_7b_instruct_v0p3_lcqa_head_budget_rule,fpga_true_h2o_pure,Pure H2O,15.951,53.06,4.128955,232469.0,1687,delivery/paper/repro_audit/longctx_table1_32_32_perf_20260605/replay_reports/table1_controls_32_32/run_20260605_174604_mistral7_aba390_mistral7_b717ce/hit_miss_amat_summary.csv
mistral_7b_instruct_v0p3,16k,16k_mistral_7b_instruct_v0p3_cmqa_early_name_recall,fpga_true_h2o_pure,Pure H2O,13.281,57.812,4.146965,233111.0,1816,delivery/paper/repro_audit/longctx_table1_32_32_perf_20260605/replay_reports/table1_controls_32_32/run_20260605_174604_mistral7_aba390_mistral7_b717ce/hit_miss_amat_summary.csv
mistral_7b_instruct_v0p3,16k,16k_mistral_7b_instruct_v0p3_cmqa_policy_recall,fpga_true_h2o_pure,Pure H2O,12.5,58.171,4.151964,233236.0,1852,delivery/paper/repro_audit/longctx_table1_32_32_perf_20260605/replay_reports/table1_controls_32_32/run_20260605_174604_mistral7_aba390_mistral7_b717ce/hit_miss_amat_summary.csv
mistral_7b_instruct_v0p3,16k,16k_mistral_7b_instruct_v0p3_cmqa_anchor_reasoning,fpga_true_h2o_pure,Pure H2O,13.9,55.794,4.139665,232957.0,1764,delivery/paper/repro_audit/longctx_table1_32_32_perf_20260605/replay_reports/table1_controls_32_32/run_20260605_174604_mistral7_aba390_mistral7_b717ce/hit_miss_amat_summary.csv
mistral_7b_instruct_v0p3,16k,16k_mistral_7b_instruct_v0p3_cmqa_backend_recall,fpga_true_h2o_pure,Pure H2O,19.108,50.749,4.11883,232161.0,1616,delivery/paper/repro_audit/longctx_table1_32_32_perf_20260605/replay_reports/table1_controls_32_32/run_20260605_174604_mistral7_aba390_mistral7_b717ce/hit_miss_amat_summary.csv
mistral_7b_instruct_v0p3,16k,16k_mistral_7b_instruct_v0p3_cmqa_field_recall,fpga_true_h2o_pure,Pure H2O,15.658,58.105,4.147791,233300.0,1823,delivery/paper/repro_audit/longctx_table1_32_32_perf_20260605/replay_reports/table1_controls_32_32/run_20260605_174604_mistral7_aba390_mistral7_b717ce/hit_miss_amat_summary.csv
mistral_7b_instruct_v0p3,16k,16k_mistral_7b_instruct_v0p3_cmqa_epoch_memory,fpga_true_h2o_pure,Pure H2O,16.016,51.986,4.122056,232329.0,1639,delivery/paper/repro_audit/longctx_table1_32_32_perf_20260605/replay_reports/table1_controls_32_32/run_20260605_174604_mistral7_aba390_mistral7_b717ce/hit_miss_amat_summary.csv
mistral_7b_instruct_v0p3,16k,16k_mistral_7b_instruct_v0p3_cmqa_budget_memory,fpga_true_h2o_pure,Pure H2O,11.686,55.729,4.139637,232956.0,1764,delivery/paper/repro_audit/longctx_table1_32_32_perf_20260605/replay_reports/table1_controls_32_32/run_20260605_174604_mistral7_aba390_mistral7_b717ce/hit_miss_amat_summary.csv
mistral_7b_instruct_v0p3,16k,16k_mistral_7b_instruct_v0p3_mdqa_cross_doc_role,fpga_h2o_plus_service_clean_victim_cache16_v245,H2O + victim cache,14.974,33.822,4.016484,228616.0,1039,delivery/paper/repro_audit/longctx_table1_32_32_perf_20260605/replay_reports/table1_controls_32_32/run_20260605_174604_mistral7_aba390_mistral7_b717ce/hit_miss_amat_summary.csv
mistral_7b_instruct_v0p3,16k,16k_mistral_7b_instruct_v0p3_mdqa_component_match,fpga_h2o_plus_service_clean_victim_cache16_v245,H2O + victim cache,13.411,38.249,4.03557,229140.0,1175,delivery/paper/repro_audit/longctx_table1_32_32_perf_20260605/replay_reports/table1_controls_32_32/run_20260605_174604_mistral7_aba390_mistral7_b717ce/hit_miss_amat_summary.csv
mistral_7b_instruct_v0p3,16k,16k_mistral_7b_instruct_v0p3_mdqa_two_hop_summary,fpga_h2o_plus_service_clean_victim_cache16_v245,H2O + victim cache,10.547,38.639,4.037256,229357.0,1187,delivery/paper/repro_audit/longctx_table1_32_32_perf_20260605/replay_reports/table1_controls_32_32/run_20260605_174604_mistral7_aba390_mistral7_b717ce/hit_miss_amat_summary.csv
mistral_7b_instruct_v0p3,16k,16k_mistral_7b_instruct_v0p3_mdqa_cross_doc_priority,fpga_h2o_plus_service_clean_victim_cache16_v245,H2O + victim cache,15.625,38.444,4.036379,229378.0,1181,delivery/paper/repro_audit/longctx_table1_32_32_perf_20260605/replay_reports/table1_controls_32_32/run_20260605_174604_mistral7_aba390_mistral7_b717ce/hit_miss_amat_summary.csv
mistral_7b_instruct_v0p3,16k,16k_mistral_7b_instruct_v0p3_mdqa_chain_descriptor_fields,fpga_h2o_plus_service_clean_victim_cache16_v245,H2O + victim cache,10.938,39.355,4.040339,229310.0,1209,delivery/paper/repro_audit/longctx_table1_32_32_perf_20260605/replay_reports/table1_controls_32_32/run_20260605_174604_mistral7_aba390_mistral7_b717ce/hit_miss_amat_summary.csv
mistral_7b_instruct_v0p3,16k,16k_mistral_7b_instruct_v0p3_mdqa_three_stage_lookup,fpga_h2o_plus_service_clean_victim_cache16_v245,H2O + victim cache,14.453,39.779,4.042209,229429.0,1222,delivery/paper/repro_audit/longctx_table1_32_32_perf_20260605/replay_reports/table1_controls_32_32/run_20260605_174604_mistral7_aba390_mistral7_b717ce/hit_miss_amat_summary.csv
mistral_7b_instruct_v0p3,16k,16k_mistral_7b_instruct_v0p3_mdqa_compression_guard,fpga_h2o_plus_service_clean_victim_cache16_v245,H2O + victim cache,12.858,37.826,4.033731,229179.0,1162,delivery/paper/repro_audit/longctx_table1_32_32_perf_20260605/replay_reports/table1_controls_32_32/run_20260605_174604_mistral7_aba390_mistral7_b717ce/hit_miss_amat_summary.csv
mistral_7b_instruct_v0p3,16k,16k_mistral_7b_instruct_v0p3_mdqa_query_cost_chain,fpga_h2o_plus_service_clean_victim_cache16_v245,H2O + victim cache,13.118,40.951,4.047169,229763.0,1258,delivery/paper/repro_audit/longctx_table1_32_32_perf_20260605/replay_reports/table1_controls_32_32/run_20260605_174604_mistral7_aba390_mistral7_b717ce/hit_miss_amat_summary.csv
mistral_7b_instruct_v0p3,16k,16k_mistral_7b_instruct_v0p3_mdqa_head_budget_allocation,fpga_h2o_plus_service_clean_victim_cache16_v245,H2O + victim cache,15.104,39.03,4.038956,229313.0,1199,delivery/paper/repro_audit/longctx_table1_32_32_perf_20260605/replay_reports/table1_controls_32_32/run_20260605_174604_mistral7_aba390_mistral7_b717ce/hit_miss_amat_summary.csv
mistral_7b_instruct_v0p3,16k,16k_mistral_7b_instruct_v0p3_mdqa_backend_admission_reason,fpga_h2o_plus_service_clean_victim_cache16_v245,H2O + victim cache,13.053,39.714,4.041956,229420.0,1220,delivery/paper/repro_audit/longctx_table1_32_32_perf_20260605/replay_reports/table1_controls_32_32/run_20260605_174604_mistral7_aba390_mistral7_b717ce/hit_miss_amat_summary.csv
mistral_7b_instruct_v0p3,16k,16k_mistral_7b_instruct_v0p3_lcqa_anchor_timeline,fpga_h2o_plus_service_clean_victim_cache16_v245,H2O + victim cache,13.346,33.138,4.013596,228513.0,1018,delivery/paper/repro_audit/longctx_table1_32_32_perf_20260605/replay_reports/table1_controls_32_32/run_20260605_174604_mistral7_aba390_mistral7_b717ce/hit_miss_amat_summary.csv
mistral_7b_instruct_v0p3,16k,16k_mistral_7b_instruct_v0p3_lcqa_revision_policy,fpga_h2o_plus_service_clean_victim_cache16_v245,H2O + victim cache,11.23,36.816,4.029504,228976.0,1131,delivery/paper/repro_audit/longctx_table1_32_32_perf_20260605/replay_reports/table1_controls_32_32/run_20260605_174604_mistral7_aba390_mistral7_b717ce/hit_miss_amat_summary.csv
mistral_7b_instruct_v0p3,16k,16k_mistral_7b_instruct_v0p3_lcqa_sparse_fact,fpga_h2o_plus_service_clean_victim_cache16_v245,H2O + victim cache,10.547,36.654,4.028775,228950.0,1126,delivery/paper/repro_audit/longctx_table1_32_32_perf_20260605/replay_reports/table1_controls_32_32/run_20260605_174604_mistral7_aba390_mistral7_b717ce/hit_miss_amat_summary.csv
mistral_7b_instruct_v0p3,16k,16k_mistral_7b_instruct_v0p3_lcqa_dual_anchor_incident,fpga_h2o_plus_service_clean_victim_cache16_v245,H2O + victim cache,16.439,31.315,4.005692,228179.0,962,delivery/paper/repro_audit/longctx_table1_32_32_perf_20260605/replay_reports/table1_controls_32_32/run_20260605_174604_mistral7_aba390_mistral7_b717ce/hit_miss_amat_summary.csv
mistral_7b_instruct_v0p3,16k,16k_mistral_7b_instruct_v0p3_lcqa_backend_priority_rule,fpga_h2o_plus_service_clean_victim_cache16_v245,H2O + victim cache,15.527,34.245,4.018334,228682.0,1052,delivery/paper/repro_audit/longctx_table1_32_32_perf_20260605/replay_reports/table1_controls_32_32/run_20260605_174604_mistral7_aba390_mistral7_b717ce/hit_miss_amat_summary.csv
mistral_7b_instruct_v0p3,16k,16k_mistral_7b_instruct_v0p3_lcqa_epoch_window_recall,fpga_h2o_plus_service_clean_victim_cache16_v245,H2O + victim cache,14.941,35.482,4.023688,228873.0,1090,delivery/paper/repro_audit/longctx_table1_32_32_perf_20260605/replay_reports/table1_controls_32_32/run_20260605_174604_mistral7_aba390_mistral7_b717ce/hit_miss_amat_summary.csv
mistral_7b_instruct_v0p3,16k,16k_mistral_7b_instruct_v0p3_lcqa_dual_budget_rule,fpga_h2o_plus_service_clean_victim_cache16_v245,H2O + victim cache,14.355,33.008,4.012976,228543.0,1014,delivery/paper/repro_audit/longctx_table1_32_32_perf_20260605/replay_reports/table1_controls_32_32/run_20260605_174604_mistral7_aba390_mistral7_b717ce/hit_miss_amat_summary.csv
mistral_7b_instruct_v0p3,16k,16k_mistral_7b_instruct_v0p3_lcqa_query_relevance_note,fpga_h2o_plus_service_clean_victim_cache16_v245,H2O + victim cache,17.025,35.514,4.023793,228668.0,1091,delivery/paper/repro_audit/longctx_table1_32_32_perf_20260605/replay_reports/table1_controls_32_32/run_20260605_174604_mistral7_aba390_mistral7_b717ce/hit_miss_amat_summary.csv
mistral_7b_instruct_v0p3,16k,16k_mistral_7b_instruct_v0p3_lcqa_spill_cost_reason,fpga_h2o_plus_service_clean_victim_cache16_v245,H2O + victim cache,14.844,47.624,4.075869,230787.0,1463,delivery/paper/repro_audit/longctx_table1_32_32_perf_20260605/replay_reports/table1_controls_32_32/run_20260605_174604_mistral7_aba390_mistral7_b717ce/hit_miss_amat_summary.csv
mistral_7b_instruct_v0p3,16k,16k_mistral_7b_instruct_v0p3_lcqa_head_budget_rule,fpga_h2o_plus_service_clean_victim_cache16_v245,H2O + victim cache,13.477,35.579,4.024125,228732.0,1093,delivery/paper/repro_audit/longctx_table1_32_32_perf_20260605/replay_reports/table1_controls_32_32/run_20260605_174604_mistral7_aba390_mistral7_b717ce/hit_miss_amat_summary.csv
mistral_7b_instruct_v0p3,16k,16k_mistral_7b_instruct_v0p3_cmqa_early_name_recall,fpga_h2o_plus_service_clean_victim_cache16_v245,H2O + victim cache,12.402,44.466,4.062416,230097.0,1366,delivery/paper/repro_audit/longctx_table1_32_32_perf_20260605/replay_reports/table1_controls_32_32/run_20260605_174604_mistral7_aba390_mistral7_b717ce/hit_miss_amat_summary.csv
mistral_7b_instruct_v0p3,16k,16k_mistral_7b_instruct_v0p3_cmqa_policy_recall,fpga_h2o_plus_service_clean_victim_cache16_v245,H2O + victim cache,11.426,39.779,4.042256,229326.0,1222,delivery/paper/repro_audit/longctx_table1_32_32_perf_20260605/replay_reports/table1_controls_32_32/run_20260605_174604_mistral7_aba390_mistral7_b717ce/hit_miss_amat_summary.csv
mistral_7b_instruct_v0p3,16k,16k_mistral_7b_instruct_v0p3_cmqa_anchor_reasoning,fpga_h2o_plus_service_clean_victim_cache16_v245,H2O + victim cache,13.444,33.887,4.016796,228575.0,1041,delivery/paper/repro_audit/longctx_table1_32_32_perf_20260605/replay_reports/table1_controls_32_32/run_20260605_174604_mistral7_aba390_mistral7_b717ce/hit_miss_amat_summary.csv
mistral_7b_instruct_v0p3,16k,16k_mistral_7b_instruct_v0p3_cmqa_backend_recall,fpga_h2o_plus_service_clean_victim_cache16_v245,H2O + victim cache,17.936,36.393,4.027569,228907.0,1118,delivery/paper/repro_audit/longctx_table1_32_32_perf_20260605/replay_reports/table1_controls_32_32/run_20260605_174604_mistral7_aba390_mistral7_b717ce/hit_miss_amat_summary.csv
mistral_7b_instruct_v0p3,16k,16k_mistral_7b_instruct_v0p3_cmqa_field_recall,fpga_h2o_plus_service_clean_victim_cache16_v245,H2O + victim cache,14.714,38.477,4.036527,229331.0,1182,delivery/paper/repro_audit/longctx_table1_32_32_perf_20260605/replay_reports/table1_controls_32_32/run_20260605_174604_mistral7_aba390_mistral7_b717ce/hit_miss_amat_summary.csv
mistral_7b_instruct_v0p3,16k,16k_mistral_7b_instruct_v0p3_cmqa_epoch_memory,fpga_h2o_plus_service_clean_victim_cache16_v245,H2O + victim cache,15.299,35.156,4.022263,228770.0,1080,delivery/paper/repro_audit/longctx_table1_32_32_perf_20260605/replay_reports/table1_controls_32_32/run_20260605_174604_mistral7_aba390_mistral7_b717ce/hit_miss_amat_summary.csv
mistral_7b_instruct_v0p3,16k,16k_mistral_7b_instruct_v0p3_cmqa_budget_memory,fpga_h2o_plus_service_clean_victim_cache16_v245,H2O + victim cache,11.035,36.947,4.029974,229045.0,1135,delivery/paper/repro_audit/longctx_table1_32_32_perf_20260605/replay_reports/table1_controls_32_32/run_20260605_174604_mistral7_aba390_mistral7_b717ce/hit_miss_amat_summary.csv
mistral_7b_instruct_v0p3,16k,16k_mistral_7b_instruct_v0p3_mdqa_cross_doc_role,fpga_h2o_plus_service_strict_miss_prefetch_v206,H2O + guarded prefetch,15.137,51.009,4.0915,231292.0,1573,delivery/paper/repro_audit/longctx_table1_32_32_perf_20260605/replay_reports/table1_controls_32_32/run_20260605_174604_mistral7_aba390_mistral7_b717ce/hit_miss_amat_summary.csv
mistral_7b_instruct_v0p3,16k,16k_mistral_7b_instruct_v0p3_mdqa_component_match,fpga_h2o_plus_service_strict_miss_prefetch_v206,H2O + guarded prefetch,13.574,56.445,4.115322,231983.0,1741,delivery/paper/repro_audit/longctx_table1_32_32_perf_20260605/replay_reports/table1_controls_32_32/run_20260605_174604_mistral7_aba390_mistral7_b717ce/hit_miss_amat_summary.csv
mistral_7b_instruct_v0p3,16k,16k_mistral_7b_instruct_v0p3_mdqa_two_hop_summary,fpga_h2o_plus_service_strict_miss_prefetch_v206,H2O + guarded prefetch,10.677,59.18,4.126626,232545.0,1823,delivery/paper/repro_audit/longctx_table1_32_32_perf_20260605/replay_reports/table1_controls_32_32/run_20260605_174604_mistral7_aba390_mistral7_b717ce/hit_miss_amat_summary.csv
mistral_7b_instruct_v0p3,16k,16k_mistral_7b_instruct_v0p3_mdqa_cross_doc_priority,fpga_h2o_plus_service_strict_miss_prefetch_v206,H2O + guarded prefetch,15.788,53.288,4.101289,231694.0,1642,delivery/paper/repro_audit/longctx_table1_32_32_perf_20260605/replay_reports/table1_controls_32_32/run_20260605_174604_mistral7_aba390_mistral7_b717ce/hit_miss_amat_summary.csv
mistral_7b_instruct_v0p3,16k,16k_mistral_7b_instruct_v0p3_mdqa_chain_descriptor_fields,fpga_h2o_plus_service_strict_miss_prefetch_v206,H2O + guarded prefetch,11.068,56.543,4.115098,231975.0,1741,delivery/paper/repro_audit/longctx_table1_32_32_perf_20260605/replay_reports/table1_controls_32_32/run_20260605_174604_mistral7_aba390_mistral7_b717ce/hit_miss_amat_summary.csv
mistral_7b_instruct_v0p3,16k,16k_mistral_7b_instruct_v0p3_mdqa_three_stage_lookup,fpga_h2o_plus_service_strict_miss_prefetch_v206,H2O + guarded prefetch,14.486,55.111,4.108705,231800.0,1696,delivery/paper/repro_audit/longctx_table1_32_32_perf_20260605/replay_reports/table1_controls_32_32/run_20260605_174604_mistral7_aba390_mistral7_b717ce/hit_miss_amat_summary.csv
mistral_7b_instruct_v0p3,16k,16k_mistral_7b_instruct_v0p3_mdqa_compression_guard,fpga_h2o_plus_service_strict_miss_prefetch_v206,H2O + guarded prefetch,12.891,56.152,4.112859,232001.0,1726,delivery/paper/repro_audit/longctx_table1_32_32_perf_20260605/replay_reports/table1_controls_32_32/run_20260605_174604_mistral7_aba390_mistral7_b717ce/hit_miss_amat_summary.csv
mistral_7b_instruct_v0p3,16k,16k_mistral_7b_instruct_v0p3_mdqa_query_cost_chain,fpga_h2o_plus_service_strict_miss_prefetch_v206,H2O + guarded prefetch,13.411,58.952,4.126906,232608.0,1823,delivery/paper/repro_audit/longctx_table1_32_32_perf_20260605/replay_reports/table1_controls_32_32/run_20260605_174604_mistral7_aba390_mistral7_b717ce/hit_miss_amat_summary.csv
mistral_7b_instruct_v0p3,16k,16k_mistral_7b_instruct_v0p3_mdqa_head_budget_allocation,fpga_h2o_plus_service_strict_miss_prefetch_v206,H2O + guarded prefetch,15.267,54.883,4.108032,231776.0,1691,delivery/paper/repro_audit/longctx_table1_32_32_perf_20260605/replay_reports/table1_controls_32_32/run_20260605_174604_mistral7_aba390_mistral7_b717ce/hit_miss_amat_summary.csv
mistral_7b_instruct_v0p3,16k,16k_mistral_7b_instruct_v0p3_mdqa_backend_admission_reason,fpga_h2o_plus_service_strict_miss_prefetch_v206,H2O + guarded prefetch,13.151,58.496,4.123345,232322.0,1800,delivery/paper/repro_audit/longctx_table1_32_32_perf_20260605/replay_reports/table1_controls_32_32/run_20260605_174604_mistral7_aba390_mistral7_b717ce/hit_miss_amat_summary.csv
mistral_7b_instruct_v0p3,16k,16k_mistral_7b_instruct_v0p3_lcqa_anchor_timeline,fpga_h2o_plus_service_strict_miss_prefetch_v206,H2O + guarded prefetch,13.607,53.158,4.100863,231626.0,1640,delivery/paper/repro_audit/longctx_table1_32_32_perf_20260605/replay_reports/table1_controls_32_32/run_20260605_174604_mistral7_aba390_mistral7_b717ce/hit_miss_amat_summary.csv
mistral_7b_instruct_v0p3,16k,16k_mistral_7b_instruct_v0p3_lcqa_revision_policy,fpga_h2o_plus_service_strict_miss_prefetch_v206,H2O + guarded prefetch,11.328,55.306,4.109631,231833.0,1702,delivery/paper/repro_audit/longctx_table1_32_32_perf_20260605/replay_reports/table1_controls_32_32/run_20260605_174604_mistral7_aba390_mistral7_b717ce/hit_miss_amat_summary.csv
mistral_7b_instruct_v0p3,16k,16k_mistral_7b_instruct_v0p3_lcqa_sparse_fact,fpga_h2o_plus_service_strict_miss_prefetch_v206,H2O + guarded prefetch,10.612,52.767,4.098777,231446.0,1624,delivery/paper/repro_audit/longctx_table1_32_32_perf_20260605/replay_reports/table1_controls_32_32/run_20260605_174604_mistral7_aba390_mistral7_b717ce/hit_miss_amat_summary.csv
mistral_7b_instruct_v0p3,16k,16k_mistral_7b_instruct_v0p3_lcqa_dual_anchor_incident,fpga_h2o_plus_service_strict_miss_prefetch_v206,H2O + guarded prefetch,16.764,46.777,4.074641,230638.0,1450,delivery/paper/repro_audit/longctx_table1_32_32_perf_20260605/replay_reports/table1_controls_32_32/run_20260605_174604_mistral7_aba390_mistral7_b717ce/hit_miss_amat_summary.csv
mistral_7b_instruct_v0p3,16k,16k_mistral_7b_instruct_v0p3_lcqa_backend_priority_rule,fpga_h2o_plus_service_strict_miss_prefetch_v206,H2O + guarded prefetch,15.592,50.358,4.088333,231179.0,1550,delivery/paper/repro_audit/longctx_table1_32_32_perf_20260605/replay_reports/table1_controls_32_32/run_20260605_174604_mistral7_aba390_mistral7_b717ce/hit_miss_amat_summary.csv
mistral_7b_instruct_v0p3,16k,16k_mistral_7b_instruct_v0p3_lcqa_epoch_window_recall,fpga_h2o_plus_service_strict_miss_prefetch_v206,H2O + guarded prefetch,15.039,53.548,4.102153,231672.0,1649,delivery/paper/repro_audit/longctx_table1_32_32_perf_20260605/replay_reports/table1_controls_32_32/run_20260605_174604_mistral7_aba390_mistral7_b717ce/hit_miss_amat_summary.csv
mistral_7b_instruct_v0p3,16k,16k_mistral_7b_instruct_v0p3_lcqa_dual_budget_rule,fpga_h2o_plus_service_strict_miss_prefetch_v206,H2O + guarded prefetch,14.518,54.59,4.106614,231884.0,1680,delivery/paper/repro_audit/longctx_table1_32_32_perf_20260605/replay_reports/table1_controls_32_32/run_20260605_174604_mistral7_aba390_mistral7_b717ce/hit_miss_amat_summary.csv
mistral_7b_instruct_v0p3,16k,16k_mistral_7b_instruct_v0p3_lcqa_query_relevance_note,fpga_h2o_plus_service_strict_miss_prefetch_v206,H2O + guarded prefetch,17.122,51.888,4.095146,231211.0,1597,delivery/paper/repro_audit/longctx_table1_32_32_perf_20260605/replay_reports/table1_controls_32_32/run_20260605_174604_mistral7_aba390_mistral7_b717ce/hit_miss_amat_summary.csv
mistral_7b_instruct_v0p3,16k,16k_mistral_7b_instruct_v0p3_lcqa_spill_cost_reason,fpga_h2o_plus_service_strict_miss_prefetch_v206,H2O + guarded prefetch,14.909,60.612,4.132371,232803.0,1865,delivery/paper/repro_audit/longctx_table1_32_32_perf_20260605/replay_reports/table1_controls_32_32/run_20260605_174604_mistral7_aba390_mistral7_b717ce/hit_miss_amat_summary.csv
mistral_7b_instruct_v0p3,16k,16k_mistral_7b_instruct_v0p3_lcqa_head_budget_rule,fpga_h2o_plus_service_strict_miss_prefetch_v206,H2O + guarded prefetch,13.607,55.078,4.108898,231754.0,1697,delivery/paper/repro_audit/longctx_table1_32_32_perf_20260605/replay_reports/table1_controls_32_32/run_20260605_174604_mistral7_aba390_mistral7_b717ce/hit_miss_amat_summary.csv
mistral_7b_instruct_v0p3,16k,16k_mistral_7b_instruct_v0p3_cmqa_early_name_recall,fpga_h2o_plus_service_strict_miss_prefetch_v206,H2O + guarded prefetch,12.402,59.049,4.125561,232348.0,1814,delivery/paper/repro_audit/longctx_table1_32_32_perf_20260605/replay_reports/table1_controls_32_32/run_20260605_174604_mistral7_aba390_mistral7_b717ce/hit_miss_amat_summary.csv
mistral_7b_instruct_v0p3,16k,16k_mistral_7b_instruct_v0p3_cmqa_policy_recall,fpga_h2o_plus_service_strict_miss_prefetch_v206,H2O + guarded prefetch,11.556,61.035,4.134371,232609.0,1875,delivery/paper/repro_audit/longctx_table1_32_32_perf_20260605/replay_reports/table1_controls_32_32/run_20260605_174604_mistral7_aba390_mistral7_b717ce/hit_miss_amat_summary.csv
mistral_7b_instruct_v0p3,16k,16k_mistral_7b_instruct_v0p3_cmqa_anchor_reasoning,fpga_h2o_plus_service_strict_miss_prefetch_v206,H2O + guarded prefetch,13.574,56.673,4.115495,232095.0,1741,delivery/paper/repro_audit/longctx_table1_32_32_perf_20260605/replay_reports/table1_controls_32_32/run_20260605_174604_mistral7_aba390_mistral7_b717ce/hit_miss_amat_summary.csv
mistral_7b_instruct_v0p3,16k,16k_mistral_7b_instruct_v0p3_cmqa_backend_recall,fpga_h2o_plus_service_strict_miss_prefetch_v206,H2O + guarded prefetch,18.034,58.236,4.122167,232280.0,1789,delivery/paper/repro_audit/longctx_table1_32_32_perf_20260605/replay_reports/table1_controls_32_32/run_20260605_174604_mistral7_aba390_mistral7_b717ce/hit_miss_amat_summary.csv
mistral_7b_instruct_v0p3,16k,16k_mistral_7b_instruct_v0p3_cmqa_field_recall,fpga_h2o_plus_service_strict_miss_prefetch_v206,H2O + guarded prefetch,14.714,56.608,4.115104,232134.0,1740,delivery/paper/repro_audit/longctx_table1_32_32_perf_20260605/replay_reports/table1_controls_32_32/run_20260605_174604_mistral7_aba390_mistral7_b717ce/hit_miss_amat_summary.csv
mistral_7b_instruct_v0p3,16k,16k_mistral_7b_instruct_v0p3_cmqa_epoch_memory,fpga_h2o_plus_service_strict_miss_prefetch_v206,H2O + guarded prefetch,15.495,52.311,4.097101,231439.0,1610,delivery/paper/repro_audit/longctx_table1_32_32_perf_20260605/replay_reports/table1_controls_32_32/run_20260605_174604_mistral7_aba390_mistral7_b717ce/hit_miss_amat_summary.csv
mistral_7b_instruct_v0p3,16k,16k_mistral_7b_instruct_v0p3_cmqa_budget_memory,fpga_h2o_plus_service_strict_miss_prefetch_v206,H2O + guarded prefetch,11.035,58.529,4.123205,232370.0,1798,delivery/paper/repro_audit/longctx_table1_32_32_perf_20260605/replay_reports/table1_controls_32_32/run_20260605_174604_mistral7_aba390_mistral7_b717ce/hit_miss_amat_summary.csv
qwen2p5_14b_instruct,16k,16k_qwen2p5_14b_instruct_mdqa_cross_doc_role,baseline,Traditional cache,20.117,52.051,4.124355,232305.0,1654,delivery/paper/repro_audit/longctx_table1_32_32_perf_20260605/replay_reports/table1_controls_32_32/run_20260605_181819_qwen2p51_4468c1_qwen2p51_0e3828/hit_miss_amat_summary.csv
qwen2p5_14b_instruct,16k,16k_qwen2p5_14b_instruct_mdqa_component_match,baseline,Traditional cache,20.671,52.539,4.127496,232470.0,1676,delivery/paper/repro_audit/longctx_table1_32_32_perf_20260605/replay_reports/table1_controls_32_32/run_20260605_181819_qwen2p51_4468c1_qwen2p51_0e3828/hit_miss_amat_summary.csv
qwen2p5_14b_instruct,16k,16k_qwen2p5_14b_instruct_mdqa_two_hop_summary,baseline,Traditional cache,15.462,54.46,4.136244,232835.0,1740,delivery/paper/repro_audit/longctx_table1_32_32_perf_20260605/replay_reports/table1_controls_32_32/run_20260605_181819_qwen2p51_4468c1_qwen2p51_0e3828/hit_miss_amat_summary.csv
qwen2p5_14b_instruct,16k,16k_qwen2p5_14b_instruct_mdqa_cross_doc_priority,baseline,Traditional cache,21.875,50.163,4.11768,232120.0,1607,delivery/paper/repro_audit/longctx_table1_32_32_perf_20260605/replay_reports/table1_controls_32_32/run_20260605_181819_qwen2p51_4468c1_qwen2p51_0e3828/hit_miss_amat_summary.csv
qwen2p5_14b_instruct,16k,16k_qwen2p5_14b_instruct_mdqa_chain_descriptor_fields,baseline,Traditional cache,21.582,52.604,4.126346,232482.0,1669,delivery/paper/repro_audit/longctx_table1_32_32_perf_20260605/replay_reports/table1_controls_32_32/run_20260605_181819_qwen2p51_4468c1_qwen2p51_0e3828/hit_miss_amat_summary.csv
qwen2p5_14b_instruct,16k,16k_qwen2p5_14b_instruct_mdqa_three_stage_lookup,baseline,Traditional cache,20.964,52.279,4.125449,232450.0,1664,delivery/paper/repro_audit/longctx_table1_32_32_perf_20260605/replay_reports/table1_controls_32_32/run_20260605_181819_qwen2p51_4468c1_qwen2p51_0e3828/hit_miss_amat_summary.csv
qwen2p5_14b_instruct,16k,16k_qwen2p5_14b_instruct_mdqa_compression_guard,baseline,Traditional cache,20.182,50.684,4.118158,232190.0,1611,delivery/paper/repro_audit/longctx_table1_32_32_perf_20260605/replay_reports/table1_controls_32_32/run_20260605_181819_qwen2p51_4468c1_qwen2p51_0e3828/hit_miss_amat_summary.csv
qwen2p5_14b_instruct,16k,16k_qwen2p5_14b_instruct_mdqa_query_cost_chain,baseline,Traditional cache,20.15,52.507,4.125449,232450.0,1663,delivery/paper/repro_audit/longctx_table1_32_32_perf_20260605/replay_reports/table1_controls_32_32/run_20260605_181819_qwen2p51_4468c1_qwen2p51_0e3828/hit_miss_amat_summary.csv
qwen2p5_14b_instruct,16k,16k_qwen2p5_14b_instruct_mdqa_head_budget_allocation,baseline,Traditional cache,22.005,50.228,4.115881,231950.0,1594,delivery/paper/repro_audit/longctx_table1_32_32_perf_20260605/replay_reports/table1_controls_32_32/run_20260605_181819_qwen2p51_4468c1_qwen2p51_0e3828/hit_miss_amat_summary.csv
qwen2p5_14b_instruct,16k,16k_qwen2p5_14b_instruct_mdqa_backend_admission_reason,baseline,Traditional cache,20.931,50.195,4.115434,231987.0,1590,delivery/paper/repro_audit/longctx_table1_32_32_perf_20260605/replay_reports/table1_controls_32_32/run_20260605_181819_qwen2p51_4468c1_qwen2p51_0e3828/hit_miss_amat_summary.csv
qwen2p5_14b_instruct,16k,16k_qwen2p5_14b_instruct_lcqa_anchor_timeline,baseline,Traditional cache,22.884,49.87,4.114541,232061.0,1584,delivery/paper/repro_audit/longctx_table1_32_32_perf_20260605/replay_reports/table1_controls_32_32/run_20260605_181819_qwen2p51_4468c1_qwen2p51_0e3828/hit_miss_amat_summary.csv
qwen2p5_14b_instruct,16k,16k_qwen2p5_14b_instruct_lcqa_revision_policy,baseline,Traditional cache,18.294,51.237,4.121747,232318.0,1637,delivery/paper/repro_audit/longctx_table1_32_32_perf_20260605/replay_reports/table1_controls_32_32/run_20260605_181819_qwen2p51_4468c1_qwen2p51_0e3828/hit_miss_amat_summary.csv
qwen2p5_14b_instruct,16k,16k_qwen2p5_14b_instruct_lcqa_sparse_fact,baseline,Traditional cache,21.061,54.59,4.136221,232728.0,1740,delivery/paper/repro_audit/longctx_table1_32_32_perf_20260605/replay_reports/table1_controls_32_32/run_20260605_181819_qwen2p51_4468c1_qwen2p51_0e3828/hit_miss_amat_summary.csv
qwen2p5_14b_instruct,16k,16k_qwen2p5_14b_instruct_lcqa_dual_anchor_incident,baseline,Traditional cache,20.898,53.027,4.129685,232495.0,1692,delivery/paper/repro_audit/longctx_table1_32_32_perf_20260605/replay_reports/table1_controls_32_32/run_20260605_181819_qwen2p51_4468c1_qwen2p51_0e3828/hit_miss_amat_summary.csv
qwen2p5_14b_instruct,16k,16k_qwen2p5_14b_instruct_lcqa_backend_priority_rule,baseline,Traditional cache,21.419,52.311,4.124748,232425.0,1657,delivery/paper/repro_audit/longctx_table1_32_32_perf_20260605/replay_reports/table1_controls_32_32/run_20260605_181819_qwen2p51_4468c1_qwen2p51_0e3828/hit_miss_amat_summary.csv
qwen2p5_14b_instruct,16k,16k_qwen2p5_14b_instruct_lcqa_epoch_window_recall,baseline,Traditional cache,18.164,51.204,4.119276,232071.0,1617,delivery/paper/repro_audit/longctx_table1_32_32_perf_20260605/replay_reports/table1_controls_32_32/run_20260605_181819_qwen2p51_4468c1_qwen2p51_0e3828/hit_miss_amat_summary.csv
qwen2p5_14b_instruct,16k,16k_qwen2p5_14b_instruct_lcqa_dual_budget_rule,baseline,Traditional cache,18.392,52.669,4.125224,232336.0,1660,delivery/paper/repro_audit/longctx_table1_32_32_perf_20260605/replay_reports/table1_controls_32_32/run_20260605_181819_qwen2p51_4468c1_qwen2p51_0e3828/hit_miss_amat_summary.csv
qwen2p5_14b_instruct,16k,16k_qwen2p5_14b_instruct_lcqa_query_relevance_note,baseline,Traditional cache,19.466,50.065,4.112769,231892.0,1572,delivery/paper/repro_audit/longctx_table1_32_32_perf_20260605/replay_reports/table1_controls_32_32/run_20260605_181819_qwen2p51_4468c1_qwen2p51_0e3828/hit_miss_amat_summary.csv
qwen2p5_14b_instruct,16k,16k_qwen2p5_14b_instruct_lcqa_spill_cost_reason,baseline,Traditional cache,23.34,46.126,4.097257,231339.0,1460,delivery/paper/repro_audit/longctx_table1_32_32_perf_20260605/replay_reports/table1_controls_32_32/run_20260605_181819_qwen2p51_4468c1_qwen2p51_0e3828/hit_miss_amat_summary.csv
qwen2p5_14b_instruct,16k,16k_qwen2p5_14b_instruct_lcqa_head_budget_rule,baseline,Traditional cache,17.253,50.553,4.118129,232136.0,1610,delivery/paper/repro_audit/longctx_table1_32_32_perf_20260605/replay_reports/table1_controls_32_32/run_20260605_181819_qwen2p51_4468c1_qwen2p51_0e3828/hit_miss_amat_summary.csv
qwen2p5_14b_instruct,16k,16k_qwen2p5_14b_instruct_cmqa_early_name_recall,baseline,Traditional cache,18.685,48.633,4.107748,231713.0,1536,delivery/paper/repro_audit/longctx_table1_32_32_perf_20260605/replay_reports/table1_controls_32_32/run_20260605_181819_qwen2p51_4468c1_qwen2p51_0e3828/hit_miss_amat_summary.csv
qwen2p5_14b_instruct,16k,16k_qwen2p5_14b_instruct_cmqa_policy_recall,baseline,Traditional cache,21.484,48.633,4.108397,231789.0,1540,delivery/paper/repro_audit/longctx_table1_32_32_perf_20260605/replay_reports/table1_controls_32_32/run_20260605_181819_qwen2p51_4468c1_qwen2p51_0e3828/hit_miss_amat_summary.csv
qwen2p5_14b_instruct,16k,16k_qwen2p5_14b_instruct_cmqa_anchor_reasoning,baseline,Traditional cache,23.112,44.434,4.0911,231225.0,1417,delivery/paper/repro_audit/longctx_table1_32_32_perf_20260605/replay_reports/table1_controls_32_32/run_20260605_181819_qwen2p51_4468c1_qwen2p51_0e3828/hit_miss_amat_summary.csv
qwen2p5_14b_instruct,16k,16k_qwen2p5_14b_instruct_cmqa_backend_recall,baseline,Traditional cache,20.182,49.837,4.113695,231925.0,1577,delivery/paper/repro_audit/longctx_table1_32_32_perf_20260605/replay_reports/table1_controls_32_32/run_20260605_181819_qwen2p51_4468c1_qwen2p51_0e3828/hit_miss_amat_summary.csv
qwen2p5_14b_instruct,16k,16k_qwen2p5_14b_instruct_cmqa_field_recall,baseline,Traditional cache,19.173,50.749,4.118268,232088.0,1609,delivery/paper/repro_audit/longctx_table1_32_32_perf_20260605/replay_reports/table1_controls_32_32/run_20260605_181819_qwen2p51_4468c1_qwen2p51_0e3828/hit_miss_amat_summary.csv
qwen2p5_14b_instruct,16k,16k_qwen2p5_14b_instruct_cmqa_epoch_memory,baseline,Traditional cache,16.797,54.46,4.135851,232821.0,1736,delivery/paper/repro_audit/longctx_table1_32_32_perf_20260605/replay_reports/table1_controls_32_32/run_20260605_181819_qwen2p51_4468c1_qwen2p51_0e3828/hit_miss_amat_summary.csv
qwen2p5_14b_instruct,16k,16k_qwen2p5_14b_instruct_cmqa_budget_memory,baseline,Traditional cache,15.951,56.217,4.141403,233019.0,1774,delivery/paper/repro_audit/longctx_table1_32_32_perf_20260605/replay_reports/table1_controls_32_32/run_20260605_181819_qwen2p51_4468c1_qwen2p51_0e3828/hit_miss_amat_summary.csv
qwen2p5_14b_instruct,16k,16k_qwen2p5_14b_instruct_mdqa_cross_doc_role,fpga_true_h2o_pure,Pure H2O,20.02,57.161,4.144889,233037.0,1801,delivery/paper/repro_audit/longctx_table1_32_32_perf_20260605/replay_reports/table1_controls_32_32/run_20260605_181819_qwen2p51_4468c1_qwen2p51_0e3828/hit_miss_amat_summary.csv
qwen2p5_14b_instruct,16k,16k_qwen2p5_14b_instruct_mdqa_component_match,fpga_true_h2o_pure,Pure H2O,20.801,57.845,4.148362,233214.0,1827,delivery/paper/repro_audit/longctx_table1_32_32_perf_20260605/replay_reports/table1_controls_32_32/run_20260605_181819_qwen2p51_4468c1_qwen2p51_0e3828/hit_miss_amat_summary.csv
qwen2p5_14b_instruct,16k,16k_qwen2p5_14b_instruct_mdqa_two_hop_summary,fpga_true_h2o_pure,Pure H2O,15.723,62.695,4.170957,234073.0,1988,delivery/paper/repro_audit/longctx_table1_32_32_perf_20260605/replay_reports/table1_controls_32_32/run_20260605_181819_qwen2p51_4468c1_qwen2p51_0e3828/hit_miss_amat_summary.csv
qwen2p5_14b_instruct,16k,16k_qwen2p5_14b_instruct_mdqa_cross_doc_priority,fpga_true_h2o_pure,Pure H2O,21.387,56.38,4.141771,232979.0,1779,delivery/paper/repro_audit/longctx_table1_32_32_perf_20260605/replay_reports/table1_controls_32_32/run_20260605_181819_qwen2p51_4468c1_qwen2p51_0e3828/hit_miss_amat_summary.csv
qwen2p5_14b_instruct,16k,16k_qwen2p5_14b_instruct_mdqa_chain_descriptor_fields,fpga_true_h2o_pure,Pure H2O,21.582,56.999,4.143955,233110.0,1795,delivery/paper/repro_audit/longctx_table1_32_32_perf_20260605/replay_reports/table1_controls_32_32/run_20260605_181819_qwen2p51_4468c1_qwen2p51_0e3828/hit_miss_amat_summary.csv
qwen2p5_14b_instruct,16k,16k_qwen2p5_14b_instruct_mdqa_three_stage_lookup,fpga_true_h2o_pure,Pure H2O,20.931,56.12,4.140113,232973.0,1768,delivery/paper/repro_audit/longctx_table1_32_32_perf_20260605/replay_reports/table1_controls_32_32/run_20260605_181819_qwen2p51_4468c1_qwen2p51_0e3828/hit_miss_amat_summary.csv
qwen2p5_14b_instruct,16k,16k_qwen2p5_14b_instruct_mdqa_compression_guard,fpga_true_h2o_pure,Pure H2O,20.247,57.845,4.146282,233193.0,1812,delivery/paper/repro_audit/longctx_table1_32_32_perf_20260605/replay_reports/table1_controls_32_32/run_20260605_181819_qwen2p51_4468c1_qwen2p51_0e3828/hit_miss_amat_summary.csv
qwen2p5_14b_instruct,16k,16k_qwen2p5_14b_instruct_mdqa_query_cost_chain,fpga_true_h2o_pure,Pure H2O,20.312,60.449,4.15789,233607.0,1894,delivery/paper/repro_audit/longctx_table1_32_32_perf_20260605/replay_reports/table1_controls_32_32/run_20260605_181819_qwen2p51_4468c1_qwen2p51_0e3828/hit_miss_amat_summary.csv
qwen2p5_14b_instruct,16k,16k_qwen2p5_14b_instruct_mdqa_head_budget_allocation,fpga_true_h2o_pure,Pure H2O,22.07,55.078,4.135466,232648.0,1734,delivery/paper/repro_audit/longctx_table1_32_32_perf_20260605/replay_reports/table1_controls_32_32/run_20260605_181819_qwen2p51_4468c1_qwen2p51_0e3828/hit_miss_amat_summary.csv
qwen2p5_14b_instruct,16k,16k_qwen2p5_14b_instruct_mdqa_backend_admission_reason,fpga_true_h2o_pure,Pure H2O,20.866,51.53,4.119081,232117.0,1617,delivery/paper/repro_audit/longctx_table1_32_32_perf_20260605/replay_reports/table1_controls_32_32/run_20260605_181819_qwen2p51_4468c1_qwen2p51_0e3828/hit_miss_amat_summary.csv
qwen2p5_14b_instruct,16k,16k_qwen2p5_14b_instruct_lcqa_anchor_timeline,fpga_true_h2o_pure,Pure H2O,22.786,48.014,4.104335,231697.0,1512,delivery/paper/repro_audit/longctx_table1_32_32_perf_20260605/replay_reports/table1_controls_32_32/run_20260605_181819_qwen2p51_4468c1_qwen2p51_0e3828/hit_miss_amat_summary.csv
qwen2p5_14b_instruct,16k,16k_qwen2p5_14b_instruct_lcqa_revision_policy,fpga_true_h2o_pure,Pure H2O,18.457,56.445,4.143282,233086.0,1791,delivery/paper/repro_audit/longctx_table1_32_32_perf_20260605/replay_reports/table1_controls_32_32/run_20260605_181819_qwen2p51_4468c1_qwen2p51_0e3828/hit_miss_amat_summary.csv
qwen2p5_14b_instruct,16k,16k_qwen2p5_14b_instruct_lcqa_sparse_fact,fpga_true_h2o_pure,Pure H2O,21.094,56.185,4.14012,232867.0,1768,delivery/paper/repro_audit/longctx_table1_32_32_perf_20260605/replay_reports/table1_controls_32_32/run_20260605_181819_qwen2p51_4468c1_qwen2p51_0e3828/hit_miss_amat_summary.csv
qwen2p5_14b_instruct,16k,16k_qwen2p5_14b_instruct_lcqa_dual_anchor_incident,fpga_true_h2o_pure,Pure H2O,20.768,57.552,4.146432,233092.0,1813,delivery/paper/repro_audit/longctx_table1_32_32_perf_20260605/replay_reports/table1_controls_32_32/run_20260605_181819_qwen2p51_4468c1_qwen2p51_0e3828/hit_miss_amat_summary.csv
qwen2p5_14b_instruct,16k,16k_qwen2p5_14b_instruct_lcqa_backend_priority_rule,fpga_true_h2o_pure,Pure H2O,21.387,49.772,4.112466,231987.0,1571,delivery/paper/repro_audit/longctx_table1_32_32_perf_20260605/replay_reports/table1_controls_32_32/run_20260605_181819_qwen2p51_4468c1_qwen2p51_0e3828/hit_miss_amat_summary.csv
qwen2p5_14b_instruct,16k,16k_qwen2p5_14b_instruct_lcqa_epoch_window_recall,fpga_true_h2o_pure,Pure H2O,18.229,53.255,4.12716,232352.0,1675,delivery/paper/repro_audit/longctx_table1_32_32_perf_20260605/replay_reports/table1_controls_32_32/run_20260605_181819_qwen2p51_4468c1_qwen2p51_0e3828/hit_miss_amat_summary.csv
qwen2p5_14b_instruct,16k,16k_qwen2p5_14b_instruct_lcqa_dual_budget_rule,fpga_true_h2o_pure,Pure H2O,18.392,60.417,4.157877,233500.0,1894,delivery/paper/repro_audit/longctx_table1_32_32_perf_20260605/replay_reports/table1_controls_32_32/run_20260605_181819_qwen2p51_4468c1_qwen2p51_0e3828/hit_miss_amat_summary.csv
qwen2p5_14b_instruct,16k,16k_qwen2p5_14b_instruct_lcqa_query_relevance_note,fpga_true_h2o_pure,Pure H2O,19.499,57.487,4.145338,233053.0,1804,delivery/paper/repro_audit/longctx_table1_32_32_perf_20260605/replay_reports/table1_controls_32_32/run_20260605_181819_qwen2p51_4468c1_qwen2p51_0e3828/hit_miss_amat_summary.csv
qwen2p5_14b_instruct,16k,16k_qwen2p5_14b_instruct_lcqa_spill_cost_reason,fpga_true_h2o_pure,Pure H2O,23.014,51.921,4.120792,232178.0,1629,delivery/paper/repro_audit/longctx_table1_32_32_perf_20260605/replay_reports/table1_controls_32_32/run_20260605_181819_qwen2p51_4468c1_qwen2p51_0e3828/hit_miss_amat_summary.csv
qwen2p5_14b_instruct,16k,16k_qwen2p5_14b_instruct_lcqa_head_budget_rule,fpga_true_h2o_pure,Pure H2O,17.285,59.961,4.156776,233514.0,1887,delivery/paper/repro_audit/longctx_table1_32_32_perf_20260605/replay_reports/table1_controls_32_32/run_20260605_181819_qwen2p51_4468c1_qwen2p51_0e3828/hit_miss_amat_summary.csv
qwen2p5_14b_instruct,16k,16k_qwen2p5_14b_instruct_cmqa_early_name_recall,fpga_true_h2o_pure,Pure H2O,18.685,59.473,4.153641,233349.0,1863,delivery/paper/repro_audit/longctx_table1_32_32_perf_20260605/replay_reports/table1_controls_32_32/run_20260605_181819_qwen2p51_4468c1_qwen2p51_0e3828/hit_miss_amat_summary.csv
qwen2p5_14b_instruct,16k,16k_qwen2p5_14b_instruct_cmqa_policy_recall,fpga_true_h2o_pure,Pure H2O,21.582,51.79,4.120204,232210.0,1626,delivery/paper/repro_audit/longctx_table1_32_32_perf_20260605/replay_reports/table1_controls_32_32/run_20260605_181819_qwen2p51_4468c1_qwen2p51_0e3828/hit_miss_amat_summary.csv
qwen2p5_14b_instruct,16k,16k_qwen2p5_14b_instruct_cmqa_anchor_reasoning,fpga_true_h2o_pure,Pure H2O,23.275,52.767,4.124916,232431.0,1659,delivery/paper/repro_audit/longctx_table1_32_32_perf_20260605/replay_reports/table1_controls_32_32/run_20260605_181819_qwen2p51_4468c1_qwen2p51_0e3828/hit_miss_amat_summary.csv
qwen2p5_14b_instruct,16k,16k_qwen2p5_14b_instruct_cmqa_backend_recall,fpga_true_h2o_pure,Pure H2O,19.954,50.716,4.116023,232008.0,1595,delivery/paper/repro_audit/longctx_table1_32_32_perf_20260605/replay_reports/table1_controls_32_32/run_20260605_181819_qwen2p51_4468c1_qwen2p51_0e3828/hit_miss_amat_summary.csv
qwen2p5_14b_instruct,16k,16k_qwen2p5_14b_instruct_cmqa_field_recall,fpga_true_h2o_pure,Pure H2O,19.108,52.279,4.122447,232237.0,1641,delivery/paper/repro_audit/longctx_table1_32_32_perf_20260605/replay_reports/table1_controls_32_32/run_20260605_181819_qwen2p51_4468c1_qwen2p51_0e3828/hit_miss_amat_summary.csv
qwen2p5_14b_instruct,16k,16k_qwen2p5_14b_instruct_cmqa_epoch_memory,fpga_true_h2o_pure,Pure H2O,16.764,55.534,4.138992,232933.0,1760,delivery/paper/repro_audit/longctx_table1_32_32_perf_20260605/replay_reports/table1_controls_32_32/run_20260605_181819_qwen2p51_4468c1_qwen2p51_0e3828/hit_miss_amat_summary.csv
qwen2p5_14b_instruct,16k,16k_qwen2p5_14b_instruct_cmqa_budget_memory,fpga_true_h2o_pure,Pure H2O,16.243,62.728,4.16619,233903.0,1953,delivery/paper/repro_audit/longctx_table1_32_32_perf_20260605/replay_reports/table1_controls_32_32/run_20260605_181819_qwen2p51_4468c1_qwen2p51_0e3828/hit_miss_amat_summary.csv
qwen2p5_14b_instruct,16k,16k_qwen2p5_14b_instruct_mdqa_cross_doc_role,fpga_h2o_plus_service_clean_victim_cache16_v245,H2O + victim cache,19.596,38.477,4.036636,229178.0,1182,delivery/paper/repro_audit/longctx_table1_32_32_perf_20260605/replay_reports/table1_controls_32_32/run_20260605_181819_qwen2p51_4468c1_qwen2p51_0e3828/hit_miss_amat_summary.csv
qwen2p5_14b_instruct,16k,16k_qwen2p5_14b_instruct_mdqa_component_match,fpga_h2o_plus_service_clean_victim_cache16_v245,H2O + victim cache,20.833,36.849,4.02956,228978.0,1132,delivery/paper/repro_audit/longctx_table1_32_32_perf_20260605/replay_reports/table1_controls_32_32/run_20260605_181819_qwen2p51_4468c1_qwen2p51_0e3828/hit_miss_amat_summary.csv
qwen2p5_14b_instruct,16k,16k_qwen2p5_14b_instruct_mdqa_two_hop_summary,fpga_h2o_plus_service_clean_victim_cache16_v245,H2O + victim cache,15.56,40.007,4.043237,229518.0,1229,delivery/paper/repro_audit/longctx_table1_32_32_perf_20260605/replay_reports/table1_controls_32_32/run_20260605_181819_qwen2p51_4468c1_qwen2p51_0e3828/hit_miss_amat_summary.csv
qwen2p5_14b_instruct,16k,16k_qwen2p5_14b_instruct_mdqa_cross_doc_priority,fpga_h2o_plus_service_clean_victim_cache16_v245,H2O + victim cache,21.94,36.393,4.027569,228907.0,1118,delivery/paper/repro_audit/longctx_table1_32_32_perf_20260605/replay_reports/table1_controls_32_32/run_20260605_181819_qwen2p51_4468c1_qwen2p51_0e3828/hit_miss_amat_summary.csv
qwen2p5_14b_instruct,16k,16k_qwen2p5_14b_instruct_mdqa_chain_descriptor_fields,fpga_h2o_plus_service_clean_victim_cache16_v245,H2O + victim cache,21.191,37.695,4.033227,229161.0,1158,delivery/paper/repro_audit/longctx_table1_32_32_perf_20260605/replay_reports/table1_controls_32_32/run_20260605_181819_qwen2p51_4468c1_qwen2p51_0e3828/hit_miss_amat_summary.csv
qwen2p5_14b_instruct,16k,16k_qwen2p5_14b_instruct_mdqa_three_stage_lookup,fpga_h2o_plus_service_clean_victim_cache16_v245,H2O + victim cache,21.615,37.598,4.032806,229146.0,1155,delivery/paper/repro_audit/longctx_table1_32_32_perf_20260605/replay_reports/table1_controls_32_32/run_20260605_181819_qwen2p51_4468c1_qwen2p51_0e3828/hit_miss_amat_summary.csv
qwen2p5_14b_instruct,16k,16k_qwen2p5_14b_instruct_mdqa_compression_guard,fpga_h2o_plus_service_clean_victim_cache16_v245,H2O + victim cache,20.312,40.853,4.046798,229645.0,1255,delivery/paper/repro_audit/longctx_table1_32_32_perf_20260605/replay_reports/table1_controls_32_32/run_20260605_181819_qwen2p51_4468c1_qwen2p51_0e3828/hit_miss_amat_summary.csv
qwen2p5_14b_instruct,16k,16k_qwen2p5_14b_instruct_mdqa_query_cost_chain,fpga_h2o_plus_service_clean_victim_cache16_v245,H2O + victim cache,21.126,39.746,4.042087,229477.0,1221,delivery/paper/repro_audit/longctx_table1_32_32_perf_20260605/replay_reports/table1_controls_32_32/run_20260605_181819_qwen2p51_4468c1_qwen2p51_0e3828/hit_miss_amat_summary.csv
qwen2p5_14b_instruct,16k,16k_qwen2p5_14b_instruct_mdqa_head_budget_allocation,fpga_h2o_plus_service_clean_victim_cache16_v245,H2O + victim cache,21.842,36.914,4.029826,228883.0,1134,delivery/paper/repro_audit/longctx_table1_32_32_perf_20260605/replay_reports/table1_controls_32_32/run_20260605_181819_qwen2p51_4468c1_qwen2p51_0e3828/hit_miss_amat_summary.csv
qwen2p5_14b_instruct,16k,16k_qwen2p5_14b_instruct_mdqa_backend_admission_reason,fpga_h2o_plus_service_clean_victim_cache16_v245,H2O + victim cache,20.898,34.44,4.019272,228559.0,1058,delivery/paper/repro_audit/longctx_table1_32_32_perf_20260605/replay_reports/table1_controls_32_32/run_20260605_181819_qwen2p51_4468c1_qwen2p51_0e3828/hit_miss_amat_summary.csv
qwen2p5_14b_instruct,16k,16k_qwen2p5_14b_instruct_lcqa_anchor_timeline,fpga_h2o_plus_service_clean_victim_cache16_v245,H2O + victim cache,22.786,34.831,4.020974,228724.0,1070,delivery/paper/repro_audit/longctx_table1_32_32_perf_20260605/replay_reports/table1_controls_32_32/run_20260605_181819_qwen2p51_4468c1_qwen2p51_0e3828/hit_miss_amat_summary.csv
qwen2p5_14b_instruct,16k,16k_qwen2p5_14b_instruct_lcqa_revision_policy,fpga_h2o_plus_service_clean_victim_cache16_v245,H2O + victim cache,18.652,37.565,4.03261,229139.0,1154,delivery/paper/repro_audit/longctx_table1_32_32_perf_20260605/replay_reports/table1_controls_32_32/run_20260605_181819_qwen2p51_4468c1_qwen2p51_0e3828/hit_miss_amat_summary.csv
qwen2p5_14b_instruct,16k,16k_qwen2p5_14b_instruct_lcqa_sparse_fact,fpga_h2o_plus_service_clean_victim_cache16_v245,H2O + victim cache,20.996,40.82,4.046651,229535.0,1254,delivery/paper/repro_audit/longctx_table1_32_32_perf_20260605/replay_reports/table1_controls_32_32/run_20260605_181819_qwen2p51_4468c1_qwen2p51_0e3828/hit_miss_amat_summary.csv
qwen2p5_14b_instruct,16k,16k_qwen2p5_14b_instruct_lcqa_dual_anchor_incident,fpga_h2o_plus_service_clean_victim_cache16_v245,H2O + victim cache,20.475,40.527,4.045416,229491.0,1245,delivery/paper/repro_audit/longctx_table1_32_32_perf_20260605/replay_reports/table1_controls_32_32/run_20260605_181819_qwen2p51_4468c1_qwen2p51_0e3828/hit_miss_amat_summary.csv
qwen2p5_14b_instruct,16k,16k_qwen2p5_14b_instruct_lcqa_backend_priority_rule,fpga_h2o_plus_service_clean_victim_cache16_v245,H2O + victim cache,21.322,34.538,4.019544,228673.0,1061,delivery/paper/repro_audit/longctx_table1_32_32_perf_20260605/replay_reports/table1_controls_32_32/run_20260605_181819_qwen2p51_4468c1_qwen2p51_0e3828/hit_miss_amat_summary.csv
qwen2p5_14b_instruct,16k,16k_qwen2p5_14b_instruct_lcqa_epoch_window_recall,fpga_h2o_plus_service_clean_victim_cache16_v245,H2O + victim cache,18.132,34.18,4.018098,228465.0,1050,delivery/paper/repro_audit/longctx_table1_32_32_perf_20260605/replay_reports/table1_controls_32_32/run_20260605_181819_qwen2p51_4468c1_qwen2p51_0e3828/hit_miss_amat_summary.csv
qwen2p5_14b_instruct,16k,16k_qwen2p5_14b_instruct_lcqa_dual_budget_rule,fpga_h2o_plus_service_clean_victim_cache16_v245,H2O + victim cache,18.066,40.007,4.043144,229410.0,1229,delivery/paper/repro_audit/longctx_table1_32_32_perf_20260605/replay_reports/table1_controls_32_32/run_20260605_181819_qwen2p51_4468c1_qwen2p51_0e3828/hit_miss_amat_summary.csv
qwen2p5_14b_instruct,16k,16k_qwen2p5_14b_instruct_lcqa_query_relevance_note,fpga_h2o_plus_service_clean_victim_cache16_v245,H2O + victim cache,19.499,39.453,4.04076,229325.0,1212,delivery/paper/repro_audit/longctx_table1_32_32_perf_20260605/replay_reports/table1_controls_32_32/run_20260605_181819_qwen2p51_4468c1_qwen2p51_0e3828/hit_miss_amat_summary.csv
qwen2p5_14b_instruct,16k,16k_qwen2p5_14b_instruct_lcqa_spill_cost_reason,fpga_h2o_plus_service_clean_victim_cache16_v245,H2O + victim cache,23.861,33.236,4.013998,228371.0,1021,delivery/paper/repro_audit/longctx_table1_32_32_perf_20260605/replay_reports/table1_controls_32_32/run_20260605_181819_qwen2p51_4468c1_qwen2p51_0e3828/hit_miss_amat_summary.csv
qwen2p5_14b_instruct,16k,16k_qwen2p5_14b_instruct_lcqa_head_budget_rule,fpga_h2o_plus_service_clean_victim_cache16_v245,H2O + victim cache,17.285,37.793,4.033655,229124.0,1161,delivery/paper/repro_audit/longctx_table1_32_32_perf_20260605/replay_reports/table1_controls_32_32/run_20260605_181819_qwen2p51_4468c1_qwen2p51_0e3828/hit_miss_amat_summary.csv
qwen2p5_14b_instruct,16k,16k_qwen2p5_14b_instruct_cmqa_early_name_recall,fpga_h2o_plus_service_clean_victim_cache16_v245,H2O + victim cache,18.457,36.686,4.028838,228900.0,1127,delivery/paper/repro_audit/longctx_table1_32_32_perf_20260605/replay_reports/table1_controls_32_32/run_20260605_181819_qwen2p51_4468c1_qwen2p51_0e3828/hit_miss_amat_summary.csv
qwen2p5_14b_instruct,16k,16k_qwen2p5_14b_instruct_cmqa_policy_recall,fpga_h2o_plus_service_clean_victim_cache16_v245,H2O + victim cache,21.517,34.473,4.019408,228616.0,1059,delivery/paper/repro_audit/longctx_table1_32_32_perf_20260605/replay_reports/table1_controls_32_32/run_20260605_181819_qwen2p51_4468c1_qwen2p51_0e3828/hit_miss_amat_summary.csv
qwen2p5_14b_instruct,16k,16k_qwen2p5_14b_instruct_cmqa_anchor_reasoning,fpga_h2o_plus_service_clean_victim_cache16_v245,H2O + victim cache,23.6,29.948,3.999804,227969.0,920,delivery/paper/repro_audit/longctx_table1_32_32_perf_20260605/replay_reports/table1_controls_32_32/run_20260605_181819_qwen2p51_4468c1_qwen2p51_0e3828/hit_miss_amat_summary.csv
qwen2p5_14b_instruct,16k,16k_qwen2p5_14b_instruct_cmqa_backend_recall,fpga_h2o_plus_service_clean_victim_cache16_v245,H2O + victim cache,20.638,30.404,4.001795,227936.0,934,delivery/paper/repro_audit/longctx_table1_32_32_perf_20260605/replay_reports/table1_controls_32_32/run_20260605_181819_qwen2p51_4468c1_qwen2p51_0e3828/hit_miss_amat_summary.csv
qwen2p5_14b_instruct,16k,16k_qwen2p5_14b_instruct_cmqa_field_recall,fpga_h2o_plus_service_clean_victim_cache16_v245,H2O + victim cache,18.848,34.31,4.018627,228536.0,1054,delivery/paper/repro_audit/longctx_table1_32_32_perf_20260605/replay_reports/table1_controls_32_32/run_20260605_181819_qwen2p51_4468c1_qwen2p51_0e3828/hit_miss_amat_summary.csv
qwen2p5_14b_instruct,16k,16k_qwen2p5_14b_instruct_cmqa_epoch_memory,fpga_h2o_plus_service_clean_victim_cache16_v245,H2O + victim cache,17.025,36.328,4.027338,228951.0,1116,delivery/paper/repro_audit/longctx_table1_32_32_perf_20260605/replay_reports/table1_controls_32_32/run_20260605_181819_qwen2p51_4468c1_qwen2p51_0e3828/hit_miss_amat_summary.csv
qwen2p5_14b_instruct,16k,16k_qwen2p5_14b_instruct_cmqa_budget_memory,fpga_h2o_plus_service_clean_victim_cache16_v245,H2O + victim cache,16.699,39.225,4.039816,229396.0,1205,delivery/paper/repro_audit/longctx_table1_32_32_perf_20260605/replay_reports/table1_controls_32_32/run_20260605_181819_qwen2p51_4468c1_qwen2p51_0e3828/hit_miss_amat_summary.csv
qwen2p5_14b_instruct,16k,16k_qwen2p5_14b_instruct_mdqa_cross_doc_role,fpga_h2o_plus_service_strict_miss_prefetch_v206,H2O + guarded prefetch,19.596,59.635,4.128086,232438.0,1834,delivery/paper/repro_audit/longctx_table1_32_32_perf_20260605/replay_reports/table1_controls_32_32/run_20260605_181819_qwen2p51_4468c1_qwen2p51_0e3828/hit_miss_amat_summary.csv
qwen2p5_14b_instruct,16k,16k_qwen2p5_14b_instruct_mdqa_component_match,fpga_h2o_plus_service_strict_miss_prefetch_v206,H2O + guarded prefetch,20.833,56.348,4.115044,232026.0,1740,delivery/paper/repro_audit/longctx_table1_32_32_perf_20260605/replay_reports/table1_controls_32_32/run_20260605_181819_qwen2p51_4468c1_qwen2p51_0e3828/hit_miss_amat_summary.csv
qwen2p5_14b_instruct,16k,16k_qwen2p5_14b_instruct_mdqa_two_hop_summary,fpga_h2o_plus_service_strict_miss_prefetch_v206,H2O + guarded prefetch,15.56,64.616,4.149927,233323.0,1989,delivery/paper/repro_audit/longctx_table1_32_32_perf_20260605/replay_reports/table1_controls_32_32/run_20260605_181819_qwen2p51_4468c1_qwen2p51_0e3828/hit_miss_amat_summary.csv
qwen2p5_14b_instruct,16k,16k_qwen2p5_14b_instruct_mdqa_cross_doc_priority,fpga_h2o_plus_service_strict_miss_prefetch_v206,H2O + guarded prefetch,21.68,57.357,4.120036,232204.0,1773,delivery/paper/repro_audit/longctx_table1_32_32_perf_20260605/replay_reports/table1_controls_32_32/run_20260605_181819_qwen2p51_4468c1_qwen2p51_0e3828/hit_miss_amat_summary.csv
qwen2p5_14b_instruct,16k,16k_qwen2p5_14b_instruct_mdqa_chain_descriptor_fields,fpga_h2o_plus_service_strict_miss_prefetch_v206,H2O + guarded prefetch,21.191,57.227,4.117934,232182.0,1762,delivery/paper/repro_audit/longctx_table1_32_32_perf_20260605/replay_reports/table1_controls_32_32/run_20260605_181819_qwen2p51_4468c1_qwen2p51_0e3828/hit_miss_amat_summary.csv
qwen2p5_14b_instruct,16k,16k_qwen2p5_14b_instruct_mdqa_three_stage_lookup,fpga_h2o_plus_service_strict_miss_prefetch_v206,H2O + guarded prefetch,21.68,58.105,4.123402,232377.0,1797,delivery/paper/repro_audit/longctx_table1_32_32_perf_20260605/replay_reports/table1_controls_32_32/run_20260605_181819_qwen2p51_4468c1_qwen2p51_0e3828/hit_miss_amat_summary.csv
qwen2p5_14b_instruct,16k,16k_qwen2p5_14b_instruct_mdqa_compression_guard,fpga_h2o_plus_service_strict_miss_prefetch_v206,H2O + guarded prefetch,20.312,58.431,4.12343,232378.0,1801,delivery/paper/repro_audit/longctx_table1_32_32_perf_20260605/replay_reports/table1_controls_32_32/run_20260605_181819_qwen2p51_4468c1_qwen2p51_0e3828/hit_miss_amat_summary.csv
qwen2p5_14b_instruct,16k,16k_qwen2p5_14b_instruct_mdqa_query_cost_chain,fpga_h2o_plus_service_strict_miss_prefetch_v206,H2O + guarded prefetch,21.126,59.18,4.126262,232479.0,1821,delivery/paper/repro_audit/longctx_table1_32_32_perf_20260605/replay_reports/table1_controls_32_32/run_20260605_181819_qwen2p51_4468c1_qwen2p51_0e3828/hit_miss_amat_summary.csv
qwen2p5_14b_instruct,16k,16k_qwen2p5_14b_instruct_mdqa_head_budget_allocation,fpga_h2o_plus_service_strict_miss_prefetch_v206,H2O + guarded prefetch,21.842,55.339,4.109708,231730.0,1702,delivery/paper/repro_audit/longctx_table1_32_32_perf_20260605/replay_reports/table1_controls_32_32/run_20260605_181819_qwen2p51_4468c1_qwen2p51_0e3828/hit_miss_amat_summary.csv
qwen2p5_14b_instruct,16k,16k_qwen2p5_14b_instruct_mdqa_backend_admission_reason,fpga_h2o_plus_service_strict_miss_prefetch_v206,H2O + guarded prefetch,20.898,52.181,4.096303,231305.0,1607,delivery/paper/repro_audit/longctx_table1_32_32_perf_20260605/replay_reports/table1_controls_32_32/run_20260605_181819_qwen2p51_4468c1_qwen2p51_0e3828/hit_miss_amat_summary.csv
qwen2p5_14b_instruct,16k,16k_qwen2p5_14b_instruct_lcqa_anchor_timeline,fpga_h2o_plus_service_strict_miss_prefetch_v206,H2O + guarded prefetch,22.786,51.204,4.092727,231283.0,1581,delivery/paper/repro_audit/longctx_table1_32_32_perf_20260605/replay_reports/table1_controls_32_32/run_20260605_181819_qwen2p51_4468c1_qwen2p51_0e3828/hit_miss_amat_summary.csv
qwen2p5_14b_instruct,16k,16k_qwen2p5_14b_instruct_lcqa_revision_policy,fpga_h2o_plus_service_strict_miss_prefetch_v206,H2O + guarded prefetch,18.652,56.022,4.112354,231983.0,1722,delivery/paper/repro_audit/longctx_table1_32_32_perf_20260605/replay_reports/table1_controls_32_32/run_20260605_181819_qwen2p51_4468c1_qwen2p51_0e3828/hit_miss_amat_summary.csv
qwen2p5_14b_instruct,16k,16k_qwen2p5_14b_instruct_lcqa_sparse_fact,fpga_h2o_plus_service_strict_miss_prefetch_v206,H2O + guarded prefetch,20.996,55.632,4.11103,231830.0,1712,delivery/paper/repro_audit/longctx_table1_32_32_perf_20260605/replay_reports/table1_controls_32_32/run_20260605_181819_qwen2p51_4468c1_qwen2p51_0e3828/hit_miss_amat_summary.csv
qwen2p5_14b_instruct,16k,16k_qwen2p5_14b_instruct_lcqa_dual_anchor_incident,fpga_h2o_plus_service_strict_miss_prefetch_v206,H2O + guarded prefetch,20.475,56.51,4.114789,231964.0,1739,delivery/paper/repro_audit/longctx_table1_32_32_perf_20260605/replay_reports/table1_controls_32_32/run_20260605_181819_qwen2p51_4468c1_qwen2p51_0e3828/hit_miss_amat_summary.csv
qwen2p5_14b_instruct,16k,16k_qwen2p5_14b_instruct_lcqa_backend_priority_rule,fpga_h2o_plus_service_strict_miss_prefetch_v206,H2O + guarded prefetch,21.322,50.163,4.087371,231092.0,1544,delivery/paper/repro_audit/longctx_table1_32_32_perf_20260605/replay_reports/table1_controls_32_32/run_20260605_181819_qwen2p51_4468c1_qwen2p51_0e3828/hit_miss_amat_summary.csv
qwen2p5_14b_instruct,16k,16k_qwen2p5_14b_instruct_lcqa_epoch_window_recall,fpga_h2o_plus_service_strict_miss_prefetch_v206,H2O + guarded prefetch,18.132,52.702,4.098316,231324.0,1621,delivery/paper/repro_audit/longctx_table1_32_32_perf_20260605/replay_reports/table1_controls_32_32/run_20260605_181819_qwen2p51_4468c1_qwen2p51_0e3828/hit_miss_amat_summary.csv
qwen2p5_14b_instruct,16k,16k_qwen2p5_14b_instruct_lcqa_dual_budget_rule,fpga_h2o_plus_service_strict_miss_prefetch_v206,H2O + guarded prefetch,18.099,61.979,4.139054,232829.0,1909,delivery/paper/repro_audit/longctx_table1_32_32_perf_20260605/replay_reports/table1_controls_32_32/run_20260605_181819_qwen2p51_4468c1_qwen2p51_0e3828/hit_miss_amat_summary.csv
qwen2p5_14b_instruct,16k,16k_qwen2p5_14b_instruct_lcqa_query_relevance_note,fpga_h2o_plus_service_strict_miss_prefetch_v206,H2O + guarded prefetch,19.499,59.277,4.126767,232391.0,1824,delivery/paper/repro_audit/longctx_table1_32_32_perf_20260605/replay_reports/table1_controls_32_32/run_20260605_181819_qwen2p51_4468c1_qwen2p51_0e3828/hit_miss_amat_summary.csv
qwen2p5_14b_instruct,16k,16k_qwen2p5_14b_instruct_lcqa_spill_cost_reason,fpga_h2o_plus_service_strict_miss_prefetch_v206,H2O + guarded prefetch,23.861,49.74,4.085895,230934.0,1533,delivery/paper/repro_audit/longctx_table1_32_32_perf_20260605/replay_reports/table1_controls_32_32/run_20260605_181819_qwen2p51_4468c1_qwen2p51_0e3828/hit_miss_amat_summary.csv
qwen2p5_14b_instruct,16k,16k_qwen2p5_14b_instruct_lcqa_head_budget_rule,fpga_h2o_plus_service_strict_miss_prefetch_v206,H2O + guarded prefetch,17.285,58.691,4.124495,232363.0,1806,delivery/paper/repro_audit/longctx_table1_32_32_perf_20260605/replay_reports/table1_controls_32_32/run_20260605_181819_qwen2p51_4468c1_qwen2p51_0e3828/hit_miss_amat_summary.csv
qwen2p5_14b_instruct,16k,16k_qwen2p5_14b_instruct_cmqa_early_name_recall,fpga_h2o_plus_service_strict_miss_prefetch_v206,H2O + guarded prefetch,18.457,60.71,4.133051,232615.0,1869,delivery/paper/repro_audit/longctx_table1_32_32_perf_20260605/replay_reports/table1_controls_32_32/run_20260605_181819_qwen2p51_4468c1_qwen2p51_0e3828/hit_miss_amat_summary.csv
qwen2p5_14b_instruct,16k,16k_qwen2p5_14b_instruct_cmqa_policy_recall,fpga_h2o_plus_service_strict_miss_prefetch_v206,H2O + guarded prefetch,21.517,55.957,4.112884,231949.0,1725,delivery/paper/repro_audit/longctx_table1_32_32_perf_20260605/replay_reports/table1_controls_32_32/run_20260605_181819_qwen2p51_4468c1_qwen2p51_0e3828/hit_miss_amat_summary.csv
qwen2p5_14b_instruct,16k,16k_qwen2p5_14b_instruct_cmqa_anchor_reasoning,fpga_h2o_plus_service_strict_miss_prefetch_v206,H2O + guarded prefetch,23.6,49.089,4.083417,230951.0,1516,delivery/paper/repro_audit/longctx_table1_32_32_perf_20260605/replay_reports/table1_controls_32_32/run_20260605_181819_qwen2p51_4468c1_qwen2p51_0e3828/hit_miss_amat_summary.csv
qwen2p5_14b_instruct,16k,16k_qwen2p5_14b_instruct_cmqa_backend_recall,fpga_h2o_plus_service_strict_miss_prefetch_v206,H2O + guarded prefetch,20.638,49.609,4.085783,230930.0,1531,delivery/paper/repro_audit/longctx_table1_32_32_perf_20260605/replay_reports/table1_controls_32_32/run_20260605_181819_qwen2p51_4468c1_qwen2p51_0e3828/hit_miss_amat_summary.csv
qwen2p5_14b_instruct,16k,16k_qwen2p5_14b_instruct_cmqa_field_recall,fpga_h2o_plus_service_strict_miss_prefetch_v206,H2O + guarded prefetch,18.848,51.921,4.094564,231243.0,1595,delivery/paper/repro_audit/longctx_table1_32_32_perf_20260605/replay_reports/table1_controls_32_32/run_20260605_181819_qwen2p51_4468c1_qwen2p51_0e3828/hit_miss_amat_summary.csv
qwen2p5_14b_instruct,16k,16k_qwen2p5_14b_instruct_cmqa_epoch_memory,fpga_h2o_plus_service_strict_miss_prefetch_v206,H2O + guarded prefetch,17.025,53.19,4.102765,231641.0,1649,delivery/paper/repro_audit/longctx_table1_32_32_perf_20260605/replay_reports/table1_controls_32_32/run_20260605_181819_qwen2p51_4468c1_qwen2p51_0e3828/hit_miss_amat_summary.csv
qwen2p5_14b_instruct,16k,16k_qwen2p5_14b_instruct_cmqa_budget_memory,fpga_h2o_plus_service_strict_miss_prefetch_v206,H2O + guarded prefetch,16.732,61.393,4.137309,232873.0,1894,delivery/paper/repro_audit/longctx_table1_32_32_perf_20260605/replay_reports/table1_controls_32_32/run_20260605_181819_qwen2p51_4468c1_qwen2p51_0e3828/hit_miss_amat_summary.csv
qwen2p5_7b_instruct,16k,16k_qwen2p5_7b_instruct_mdqa_cross_doc_role,baseline,Traditional cache,14.323,56.315,4.140429,232878.0,1769,delivery/paper/repro_audit/longctx_table1_32_32_perf_20260605/replay_reports/table1_controls_32_32/run_20260605_185036_qwen2p57_339910_qwen2p57_e78994/hit_miss_amat_summary.csv
qwen2p5_7b_instruct,16k,16k_qwen2p5_7b_instruct_mdqa_component_match,baseline,Traditional cache,18.001,52.148,4.123682,232334.0,1649,delivery/paper/repro_audit/longctx_table1_32_32_perf_20260605/replay_reports/table1_controls_32_32/run_20260605_185036_qwen2p57_339910_qwen2p57_e78994/hit_miss_amat_summary.csv
qwen2p5_7b_instruct,16k,16k_qwen2p5_7b_instruct_mdqa_two_hop_summary,baseline,Traditional cache,19.303,50.944,4.118186,232191.0,1610,delivery/paper/repro_audit/longctx_table1_32_32_perf_20260605/replay_reports/table1_controls_32_32/run_20260605_185036_qwen2p57_339910_qwen2p57_e78994/hit_miss_amat_summary.csv
qwen2p5_7b_instruct,16k,16k_qwen2p5_7b_instruct_mdqa_cross_doc_priority,baseline,Traditional cache,16.732,53.288,4.127833,232482.0,1679,delivery/paper/repro_audit/longctx_table1_32_32_perf_20260605/replay_reports/table1_controls_32_32/run_20260605_185036_qwen2p57_339910_qwen2p57_e78994/hit_miss_amat_summary.csv
qwen2p5_7b_instruct,16k,16k_qwen2p5_7b_instruct_mdqa_chain_descriptor_fields,baseline,Traditional cache,15.918,51.042,4.11757,232169.0,1607,delivery/paper/repro_audit/longctx_table1_32_32_perf_20260605/replay_reports/table1_controls_32_32/run_20260605_185036_qwen2p57_339910_qwen2p57_e78994/hit_miss_amat_summary.csv
qwen2p5_7b_instruct,16k,16k_qwen2p5_7b_instruct_mdqa_three_stage_lookup,baseline,Traditional cache,15.788,53.874,4.129598,232598.0,1691,delivery/paper/repro_audit/longctx_table1_32_32_perf_20260605/replay_reports/table1_controls_32_32/run_20260605_185036_qwen2p57_339910_qwen2p57_e78994/hit_miss_amat_summary.csv
qwen2p5_7b_instruct,16k,16k_qwen2p5_7b_instruct_mdqa_compression_guard,baseline,Traditional cache,18.262,51.953,4.122701,232352.0,1640,delivery/paper/repro_audit/longctx_table1_32_32_perf_20260605/replay_reports/table1_controls_32_32/run_20260605_185036_qwen2p57_339910_qwen2p57_e78994/hit_miss_amat_summary.csv
qwen2p5_7b_instruct,16k,16k_qwen2p5_7b_instruct_mdqa_query_cost_chain,baseline,Traditional cache,16.764,55.013,4.135767,232818.0,1736,delivery/paper/repro_audit/longctx_table1_32_32_perf_20260605/replay_reports/table1_controls_32_32/run_20260605_185036_qwen2p57_339910_qwen2p57_e78994/hit_miss_amat_summary.csv
qwen2p5_7b_instruct,16k,16k_qwen2p5_7b_instruct_mdqa_head_budget_allocation,baseline,Traditional cache,17.708,55.957,4.137907,232735.0,1751,delivery/paper/repro_audit/longctx_table1_32_32_perf_20260605/replay_reports/table1_controls_32_32/run_20260605_185036_qwen2p57_339910_qwen2p57_e78994/hit_miss_amat_summary.csv
qwen2p5_7b_instruct,16k,16k_qwen2p5_7b_instruct_mdqa_backend_admission_reason,baseline,Traditional cache,17.155,54.818,4.134285,232659.0,1725,delivery/paper/repro_audit/longctx_table1_32_32_perf_20260605/replay_reports/table1_controls_32_32/run_20260605_185036_qwen2p57_339910_qwen2p57_e78994/hit_miss_amat_summary.csv
qwen2p5_7b_instruct,16k,16k_qwen2p5_7b_instruct_lcqa_anchor_timeline,baseline,Traditional cache,15.007,53.613,4.130468,232629.0,1697,delivery/paper/repro_audit/longctx_table1_32_32_perf_20260605/replay_reports/table1_controls_32_32/run_20260605_185036_qwen2p57_339910_qwen2p57_e78994/hit_miss_amat_summary.csv
qwen2p5_7b_instruct,16k,16k_qwen2p5_7b_instruct_lcqa_revision_policy,baseline,Traditional cache,17.904,51.009,4.116616,232135.0,1599,delivery/paper/repro_audit/longctx_table1_32_32_perf_20260605/replay_reports/table1_controls_32_32/run_20260605_185036_qwen2p57_339910_qwen2p57_e78994/hit_miss_amat_summary.csv
qwen2p5_7b_instruct,16k,16k_qwen2p5_7b_instruct_lcqa_sparse_fact,baseline,Traditional cache,16.016,52.702,4.12486,232323.0,1657,delivery/paper/repro_audit/longctx_table1_32_32_perf_20260605/replay_reports/table1_controls_32_32/run_20260605_185036_qwen2p57_339910_qwen2p57_e78994/hit_miss_amat_summary.csv
qwen2p5_7b_instruct,16k,16k_qwen2p5_7b_instruct_lcqa_dual_anchor_incident,baseline,Traditional cache,15.658,55.013,4.136361,232733.0,1739,delivery/paper/repro_audit/longctx_table1_32_32_perf_20260605/replay_reports/table1_controls_32_32/run_20260605_185036_qwen2p57_339910_qwen2p57_e78994/hit_miss_amat_summary.csv
qwen2p5_7b_instruct,16k,16k_qwen2p5_7b_instruct_lcqa_backend_priority_rule,baseline,Traditional cache,18.978,48.568,4.106971,231791.0,1530,delivery/paper/repro_audit/longctx_table1_32_32_perf_20260605/replay_reports/table1_controls_32_32/run_20260605_185036_qwen2p57_339910_qwen2p57_e78994/hit_miss_amat_summary.csv
qwen2p5_7b_instruct,16k,16k_qwen2p5_7b_instruct_lcqa_epoch_window_recall,baseline,Traditional cache,19.271,49.023,4.10853,231688.0,1542,delivery/paper/repro_audit/longctx_table1_32_32_perf_20260605/replay_reports/table1_controls_32_32/run_20260605_185036_qwen2p57_339910_qwen2p57_e78994/hit_miss_amat_summary.csv
qwen2p5_7b_instruct,16k,16k_qwen2p5_7b_instruct_lcqa_dual_budget_rule,baseline,Traditional cache,17.611,50.977,4.115462,231988.0,1592,delivery/paper/repro_audit/longctx_table1_32_32_perf_20260605/replay_reports/table1_controls_32_32/run_20260605_185036_qwen2p57_339910_qwen2p57_e78994/hit_miss_amat_summary.csv
qwen2p5_7b_instruct,16k,16k_qwen2p5_7b_instruct_lcqa_query_relevance_note,baseline,Traditional cache,21.615,45.833,4.093385,231201.0,1433,delivery/paper/repro_audit/longctx_table1_32_32_perf_20260605/replay_reports/table1_controls_32_32/run_20260605_185036_qwen2p57_339910_qwen2p57_e78994/hit_miss_amat_summary.csv
qwen2p5_7b_instruct,16k,16k_qwen2p5_7b_instruct_lcqa_spill_cost_reason,baseline,Traditional cache,16.048,53.971,4.130442,232522.0,1697,delivery/paper/repro_audit/longctx_table1_32_32_perf_20260605/replay_reports/table1_controls_32_32/run_20260605_185036_qwen2p57_339910_qwen2p57_e78994/hit_miss_amat_summary.csv
qwen2p5_7b_instruct,16k,16k_qwen2p5_7b_instruct_lcqa_head_budget_rule,baseline,Traditional cache,16.439,54.232,4.130805,232588.0,1700,delivery/paper/repro_audit/longctx_table1_32_32_perf_20260605/replay_reports/table1_controls_32_32/run_20260605_185036_qwen2p57_339910_qwen2p57_e78994/hit_miss_amat_summary.csv
qwen2p5_7b_instruct,16k,16k_qwen2p5_7b_instruct_cmqa_early_name_recall,baseline,Traditional cache,18.229,48.698,4.107187,231693.0,1532,delivery/paper/repro_audit/longctx_table1_32_32_perf_20260605/replay_reports/table1_controls_32_32/run_20260605_185036_qwen2p57_339910_qwen2p57_e78994/hit_miss_amat_summary.csv
qwen2p5_7b_instruct,16k,16k_qwen2p5_7b_instruct_cmqa_policy_recall,baseline,Traditional cache,19.824,53.874,4.128365,232501.0,1683,delivery/paper/repro_audit/longctx_table1_32_32_perf_20260605/replay_reports/table1_controls_32_32/run_20260605_185036_qwen2p57_339910_qwen2p57_e78994/hit_miss_amat_summary.csv
qwen2p5_7b_instruct,16k,16k_qwen2p5_7b_instruct_cmqa_anchor_reasoning,baseline,Traditional cache,17.773,57.552,4.148413,233269.0,1825,delivery/paper/repro_audit/longctx_table1_32_32_perf_20260605/replay_reports/table1_controls_32_32/run_20260605_185036_qwen2p57_339910_qwen2p57_e78994/hit_miss_amat_summary.csv
qwen2p5_7b_instruct,16k,16k_qwen2p5_7b_instruct_cmqa_backend_recall,baseline,Traditional cache,20.605,50.326,4.11434,231948.0,1582,delivery/paper/repro_audit/longctx_table1_32_32_perf_20260605/replay_reports/table1_controls_32_32/run_20260605_185036_qwen2p57_339910_qwen2p57_e78994/hit_miss_amat_summary.csv
qwen2p5_7b_instruct,16k,16k_qwen2p5_7b_instruct_cmqa_field_recall,baseline,Traditional cache,19.531,50.033,4.115013,231972.0,1586,delivery/paper/repro_audit/longctx_table1_32_32_perf_20260605/replay_reports/table1_controls_32_32/run_20260605_185036_qwen2p57_339910_qwen2p57_e78994/hit_miss_amat_summary.csv
qwen2p5_7b_instruct,16k,16k_qwen2p5_7b_instruct_cmqa_epoch_memory,baseline,Traditional cache,18.034,51.595,4.119644,232243.0,1621,delivery/paper/repro_audit/longctx_table1_32_32_perf_20260605/replay_reports/table1_controls_32_32/run_20260605_185036_qwen2p57_339910_qwen2p57_e78994/hit_miss_amat_summary.csv
qwen2p5_7b_instruct,16k,16k_qwen2p5_7b_instruct_cmqa_budget_memory,baseline,Traditional cache,18.001,48.242,4.105541,231740.0,1520,delivery/paper/repro_audit/longctx_table1_32_32_perf_20260605/replay_reports/table1_controls_32_32/run_20260605_185036_qwen2p57_339910_qwen2p57_e78994/hit_miss_amat_summary.csv
qwen2p5_7b_instruct,16k,16k_qwen2p5_7b_instruct_mdqa_cross_doc_role,fpga_true_h2o_pure,Pure H2O,14.388,58.04,4.146516,233095.0,1813,delivery/paper/repro_audit/longctx_table1_32_32_perf_20260605/replay_reports/table1_controls_32_32/run_20260605_185036_qwen2p57_339910_qwen2p57_e78994/hit_miss_amat_summary.csv
qwen2p5_7b_instruct,16k,16k_qwen2p5_7b_instruct_mdqa_component_match,fpga_true_h2o_pure,Pure H2O,17.904,57.91,4.145277,233104.0,1804,delivery/paper/repro_audit/longctx_table1_32_32_perf_20260605/replay_reports/table1_controls_32_32/run_20260605_185036_qwen2p57_339910_qwen2p57_e78994/hit_miss_amat_summary.csv
qwen2p5_7b_instruct,16k,16k_qwen2p5_7b_instruct_mdqa_two_hop_summary,fpga_true_h2o_pure,Pure H2O,19.303,57.52,4.145637,233170.0,1807,delivery/paper/repro_audit/longctx_table1_32_32_perf_20260605/replay_reports/table1_controls_32_32/run_20260605_185036_qwen2p57_339910_qwen2p57_e78994/hit_miss_amat_summary.csv
qwen2p5_7b_instruct,16k,16k_qwen2p5_7b_instruct_mdqa_cross_doc_priority,fpga_true_h2o_pure,Pure H2O,16.667,55.013,4.134311,232713.0,1726,delivery/paper/repro_audit/longctx_table1_32_32_perf_20260605/replay_reports/table1_controls_32_32/run_20260605_185036_qwen2p57_339910_qwen2p57_e78994/hit_miss_amat_summary.csv
qwen2p5_7b_instruct,16k,16k_qwen2p5_7b_instruct_mdqa_chain_descriptor_fields,fpga_true_h2o_pure,Pure H2O,15.853,59.635,4.15231,233408.0,1855,delivery/paper/repro_audit/longctx_table1_32_32_perf_20260605/replay_reports/table1_controls_32_32/run_20260605_185036_qwen2p57_339910_qwen2p57_e78994/hit_miss_amat_summary.csv
qwen2p5_7b_instruct,16k,16k_qwen2p5_7b_instruct_mdqa_three_stage_lookup,fpga_true_h2o_pure,Pure H2O,15.625,58.691,4.149366,233303.0,1833,delivery/paper/repro_audit/longctx_table1_32_32_perf_20260605/replay_reports/table1_controls_32_32/run_20260605_185036_qwen2p57_339910_qwen2p57_e78994/hit_miss_amat_summary.csv
qwen2p5_7b_instruct,16k,16k_qwen2p5_7b_instruct_mdqa_compression_guard,fpga_true_h2o_pure,Pure H2O,18.164,51.953,4.120598,232277.0,1628,delivery/paper/repro_audit/longctx_table1_32_32_perf_20260605/replay_reports/table1_controls_32_32/run_20260605_185036_qwen2p57_339910_qwen2p57_e78994/hit_miss_amat_summary.csv
qwen2p5_7b_instruct,16k,16k_qwen2p5_7b_instruct_mdqa_query_cost_chain,fpga_true_h2o_pure,Pure H2O,16.829,57.389,4.144179,233118.0,1797,delivery/paper/repro_audit/longctx_table1_32_32_perf_20260605/replay_reports/table1_controls_32_32/run_20260605_185036_qwen2p57_339910_qwen2p57_e78994/hit_miss_amat_summary.csv
qwen2p5_7b_instruct,16k,16k_qwen2p5_7b_instruct_mdqa_head_budget_allocation,fpga_true_h2o_pure,Pure H2O,17.708,56.706,4.139787,232802.0,1765,delivery/paper/repro_audit/longctx_table1_32_32_perf_20260605/replay_reports/table1_controls_32_32/run_20260605_185036_qwen2p57_339910_qwen2p57_e78994/hit_miss_amat_summary.csv
qwen2p5_7b_instruct,16k,16k_qwen2p5_7b_instruct_mdqa_backend_admission_reason,fpga_true_h2o_pure,Pure H2O,17.025,59.798,4.153585,233347.0,1863,delivery/paper/repro_audit/longctx_table1_32_32_perf_20260605/replay_reports/table1_controls_32_32/run_20260605_185036_qwen2p57_339910_qwen2p57_e78994/hit_miss_amat_summary.csv
qwen2p5_7b_instruct,16k,16k_qwen2p5_7b_instruct_lcqa_anchor_timeline,fpga_true_h2o_pure,Pure H2O,14.941,55.046,4.133804,232748.0,1722,delivery/paper/repro_audit/longctx_table1_32_32_perf_20260605/replay_reports/table1_controls_32_32/run_20260605_185036_qwen2p57_339910_qwen2p57_e78994/hit_miss_amat_summary.csv
qwen2p5_7b_instruct,16k,16k_qwen2p5_7b_instruct_lcqa_revision_policy,fpga_true_h2o_pure,Pure H2O,17.871,54.688,4.131057,232650.0,1703,delivery/paper/repro_audit/longctx_table1_32_32_perf_20260605/replay_reports/table1_controls_32_32/run_20260605_185036_qwen2p57_339910_qwen2p57_e78994/hit_miss_amat_summary.csv
qwen2p5_7b_instruct,16k,16k_qwen2p5_7b_instruct_lcqa_sparse_fact,fpga_true_h2o_pure,Pure H2O,15.918,54.72,4.131424,232557.0,1705,delivery/paper/repro_audit/longctx_table1_32_32_perf_20260605/replay_reports/table1_controls_32_32/run_20260605_185036_qwen2p57_339910_qwen2p57_e78994/hit_miss_amat_summary.csv
qwen2p5_7b_instruct,16k,16k_qwen2p5_7b_instruct_lcqa_dual_anchor_incident,fpga_true_h2o_pure,Pure H2O,15.658,62.402,4.167162,233831.0,1960,delivery/paper/repro_audit/longctx_table1_32_32_perf_20260605/replay_reports/table1_controls_32_32/run_20260605_185036_qwen2p57_339910_qwen2p57_e78994/hit_miss_amat_summary.csv
qwen2p5_7b_instruct,16k,16k_qwen2p5_7b_instruct_lcqa_backend_priority_rule,fpga_true_h2o_pure,Pure H2O,18.848,52.767,4.124495,232416.0,1657,delivery/paper/repro_audit/longctx_table1_32_32_perf_20260605/replay_reports/table1_controls_32_32/run_20260605_185036_qwen2p57_339910_qwen2p57_e78994/hit_miss_amat_summary.csv
qwen2p5_7b_instruct,16k,16k_qwen2p5_7b_instruct_lcqa_epoch_window_recall,fpga_true_h2o_pure,Pure H2O,19.271,57.943,4.146942,233057.0,1816,delivery/paper/repro_audit/longctx_table1_32_32_perf_20260605/replay_reports/table1_controls_32_32/run_20260605_185036_qwen2p57_339910_qwen2p57_e78994/hit_miss_amat_summary.csv
qwen2p5_7b_instruct,16k,16k_qwen2p5_7b_instruct_lcqa_dual_budget_rule,fpga_true_h2o_pure,Pure H2O,17.643,53.809,4.126795,232392.0,1672,delivery/paper/repro_audit/longctx_table1_32_32_perf_20260605/replay_reports/table1_controls_32_32/run_20260605_185036_qwen2p57_339910_qwen2p57_e78994/hit_miss_amat_summary.csv
qwen2p5_7b_instruct,16k,16k_qwen2p5_7b_instruct_lcqa_query_relevance_note,fpga_true_h2o_pure,Pure H2O,21.68,51.628,4.117173,232049.0,1604,delivery/paper/repro_audit/longctx_table1_32_32_perf_20260605/replay_reports/table1_controls_32_32/run_20260605_185036_qwen2p57_339910_qwen2p57_e78994/hit_miss_amat_summary.csv
qwen2p5_7b_instruct,16k,16k_qwen2p5_7b_instruct_lcqa_spill_cost_reason,fpga_true_h2o_pure,Pure H2O,16.146,59.115,4.15106,233257.0,1845,delivery/paper/repro_audit/longctx_table1_32_32_perf_20260605/replay_reports/table1_controls_32_32/run_20260605_185036_qwen2p57_339910_qwen2p57_e78994/hit_miss_amat_summary.csv
qwen2p5_7b_instruct,16k,16k_qwen2p5_7b_instruct_lcqa_head_budget_rule,fpga_true_h2o_pure,Pure H2O,16.439,58.301,4.147689,233190.0,1821,delivery/paper/repro_audit/longctx_table1_32_32_perf_20260605/replay_reports/table1_controls_32_32/run_20260605_185036_qwen2p57_339910_qwen2p57_e78994/hit_miss_amat_summary.csv
qwen2p5_7b_instruct,16k,16k_qwen2p5_7b_instruct_cmqa_early_name_recall,fpga_true_h2o_pure,Pure H2O,18.327,55.566,4.136838,232750.0,1744,delivery/paper/repro_audit/longctx_table1_32_32_perf_20260605/replay_reports/table1_controls_32_32/run_20260605_185036_qwen2p57_339910_qwen2p57_e78994/hit_miss_amat_summary.csv
qwen2p5_7b_instruct,16k,16k_qwen2p5_7b_instruct_cmqa_policy_recall,fpga_true_h2o_pure,Pure H2O,19.857,54.264,4.130188,232566.0,1696,delivery/paper/repro_audit/longctx_table1_32_32_perf_20260605/replay_reports/table1_controls_32_32/run_20260605_185036_qwen2p57_339910_qwen2p57_e78994/hit_miss_amat_summary.csv
qwen2p5_7b_instruct,16k,16k_qwen2p5_7b_instruct_cmqa_anchor_reasoning,fpga_true_h2o_pure,Pure H2O,17.773,59.831,4.155787,233532.0,1879,delivery/paper/repro_audit/longctx_table1_32_32_perf_20260605/replay_reports/table1_controls_32_32/run_20260605_185036_qwen2p57_339910_qwen2p57_e78994/hit_miss_amat_summary.csv
qwen2p5_7b_instruct,16k,16k_qwen2p5_7b_instruct_cmqa_backend_recall,fpga_true_h2o_pure,Pure H2O,20.671,54.297,4.129516,232489.0,1691,delivery/paper/repro_audit/longctx_table1_32_32_perf_20260605/replay_reports/table1_controls_32_32/run_20260605_185036_qwen2p57_339910_qwen2p57_e78994/hit_miss_amat_summary.csv
qwen2p5_7b_instruct,16k,16k_qwen2p5_7b_instruct_cmqa_field_recall,fpga_true_h2o_pure,Pure H2O,19.401,51.562,4.120091,232153.0,1625,delivery/paper/repro_audit/longctx_table1_32_32_perf_20260605/replay_reports/table1_controls_32_32/run_20260605_185036_qwen2p57_339910_qwen2p57_e78994/hit_miss_amat_summary.csv
qwen2p5_7b_instruct,16k,16k_qwen2p5_7b_instruct_cmqa_epoch_memory,fpga_true_h2o_pure,Pure H2O,17.936,55.99,4.137057,232864.0,1746,delivery/paper/repro_audit/longctx_table1_32_32_perf_20260605/replay_reports/table1_controls_32_32/run_20260605_185036_qwen2p57_339910_qwen2p57_e78994/hit_miss_amat_summary.csv
qwen2p5_7b_instruct,16k,16k_qwen2p5_7b_instruct_cmqa_budget_memory,fpga_true_h2o_pure,Pure H2O,17.936,60.742,4.158788,233639.0,1901,delivery/paper/repro_audit/longctx_table1_32_32_perf_20260605/replay_reports/table1_controls_32_32/run_20260605_185036_qwen2p57_339910_qwen2p57_e78994/hit_miss_amat_summary.csv
qwen2p5_7b_instruct,16k,16k_qwen2p5_7b_instruct_mdqa_cross_doc_role,fpga_h2o_plus_service_clean_victim_cache16_v245,H2O + victim cache,15.43,38.118,4.035121,229124.0,1171,delivery/paper/repro_audit/longctx_table1_32_32_perf_20260605/replay_reports/table1_controls_32_32/run_20260605_185036_qwen2p57_339910_qwen2p57_e78994/hit_miss_amat_summary.csv
qwen2p5_7b_instruct,16k,16k_qwen2p5_7b_instruct_mdqa_component_match,fpga_h2o_plus_service_clean_victim_cache16_v245,H2O + victim cache,17.969,37.402,4.031972,229064.0,1149,delivery/paper/repro_audit/longctx_table1_32_32_perf_20260605/replay_reports/table1_controls_32_32/run_20260605_185036_qwen2p57_339910_qwen2p57_e78994/hit_miss_amat_summary.csv
qwen2p5_7b_instruct,16k,16k_qwen2p5_7b_instruct_mdqa_two_hop_summary,fpga_h2o_plus_service_clean_victim_cache16_v245,H2O + victim cache,19.531,35.319,4.022964,228795.0,1085,delivery/paper/repro_audit/longctx_table1_32_32_perf_20260605/replay_reports/table1_controls_32_32/run_20260605_185036_qwen2p57_339910_qwen2p57_e78994/hit_miss_amat_summary.csv
qwen2p5_7b_instruct,16k,16k_qwen2p5_7b_instruct_mdqa_cross_doc_priority,fpga_h2o_plus_service_clean_victim_cache16_v245,H2O + victim cache,16.471,35.514,4.023867,228775.0,1091,delivery/paper/repro_audit/longctx_table1_32_32_perf_20260605/replay_reports/table1_controls_32_32/run_20260605_185036_qwen2p57_339910_qwen2p57_e78994/hit_miss_amat_summary.csv
qwen2p5_7b_instruct,16k,16k_qwen2p5_7b_instruct_mdqa_chain_descriptor_fields,fpga_h2o_plus_service_clean_victim_cache16_v245,H2O + victim cache,15.951,36.426,4.027675,228963.0,1119,delivery/paper/repro_audit/longctx_table1_32_32_perf_20260605/replay_reports/table1_controls_32_32/run_20260605_185036_qwen2p57_339910_qwen2p57_e78994/hit_miss_amat_summary.csv
qwen2p5_7b_instruct,16k,16k_qwen2p5_7b_instruct_mdqa_three_stage_lookup,fpga_h2o_plus_service_clean_victim_cache16_v245,H2O + victim cache,15.983,37.923,4.034208,229196.0,1165,delivery/paper/repro_audit/longctx_table1_32_32_perf_20260605/replay_reports/table1_controls_32_32/run_20260605_185036_qwen2p57_339910_qwen2p57_e78994/hit_miss_amat_summary.csv
qwen2p5_7b_instruct,16k,16k_qwen2p5_7b_instruct_mdqa_compression_guard,fpga_h2o_plus_service_clean_victim_cache16_v245,H2O + victim cache,18.685,36.979,4.030058,229048.0,1136,delivery/paper/repro_audit/longctx_table1_32_32_perf_20260605/replay_reports/table1_controls_32_32/run_20260605_185036_qwen2p57_339910_qwen2p57_e78994/hit_miss_amat_summary.csv
qwen2p5_7b_instruct,16k,16k_qwen2p5_7b_instruct_mdqa_query_cost_chain,fpga_h2o_plus_service_clean_victim_cache16_v245,H2O + victim cache,16.797,39.258,4.039984,229402.0,1206,delivery/paper/repro_audit/longctx_table1_32_32_perf_20260605/replay_reports/table1_controls_32_32/run_20260605_185036_qwen2p57_339910_qwen2p57_e78994/hit_miss_amat_summary.csv
qwen2p5_7b_instruct,16k,16k_qwen2p5_7b_instruct_mdqa_head_budget_allocation,fpga_h2o_plus_service_clean_victim_cache16_v245,H2O + victim cache,17.969,40.82,4.046745,229486.0,1254,delivery/paper/repro_audit/longctx_table1_32_32_perf_20260605/replay_reports/table1_controls_32_32/run_20260605_185036_qwen2p57_339910_qwen2p57_e78994/hit_miss_amat_summary.csv
qwen2p5_7b_instruct,16k,16k_qwen2p5_7b_instruct_mdqa_backend_admission_reason,fpga_h2o_plus_service_clean_victim_cache16_v245,H2O + victim cache,17.318,38.346,4.036103,229159.0,1178,delivery/paper/repro_audit/longctx_table1_32_32_perf_20260605/replay_reports/table1_controls_32_32/run_20260605_185036_qwen2p57_339910_qwen2p57_e78994/hit_miss_amat_summary.csv
qwen2p5_7b_instruct,16k,16k_qwen2p5_7b_instruct_lcqa_anchor_timeline,fpga_h2o_plus_service_clean_victim_cache16_v245,H2O + victim cache,16.374,36.393,4.027591,228960.0,1118,delivery/paper/repro_audit/longctx_table1_32_32_perf_20260605/replay_reports/table1_controls_32_32/run_20260605_185036_qwen2p57_339910_qwen2p57_e78994/hit_miss_amat_summary.csv
qwen2p5_7b_instruct,16k,16k_qwen2p5_7b_instruct_lcqa_revision_policy,fpga_h2o_plus_service_clean_victim_cache16_v245,H2O + victim cache,18.164,37.858,4.033928,229186.0,1163,delivery/paper/repro_audit/longctx_table1_32_32_perf_20260605/replay_reports/table1_controls_32_32/run_20260605_185036_qwen2p57_339910_qwen2p57_e78994/hit_miss_amat_summary.csv
qwen2p5_7b_instruct,16k,16k_qwen2p5_7b_instruct_lcqa_sparse_fact,fpga_h2o_plus_service_clean_victim_cache16_v245,H2O + victim cache,16.341,35.221,4.022582,228677.0,1082,delivery/paper/repro_audit/longctx_table1_32_32_perf_20260605/replay_reports/table1_controls_32_32/run_20260605_185036_qwen2p57_339910_qwen2p57_e78994/hit_miss_amat_summary.csv
qwen2p5_7b_instruct,16k,16k_qwen2p5_7b_instruct_lcqa_dual_anchor_incident,fpga_h2o_plus_service_clean_victim_cache16_v245,H2O + victim cache,15.853,41.439,4.049372,229632.0,1273,delivery/paper/repro_audit/longctx_table1_32_32_perf_20260605/replay_reports/table1_controls_32_32/run_20260605_185036_qwen2p57_339910_qwen2p57_e78994/hit_miss_amat_summary.csv
qwen2p5_7b_instruct,16k,16k_qwen2p5_7b_instruct_lcqa_backend_priority_rule,fpga_h2o_plus_service_clean_victim_cache16_v245,H2O + victim cache,18.652,32.845,4.012337,228416.0,1009,delivery/paper/repro_audit/longctx_table1_32_32_perf_20260605/replay_reports/table1_controls_32_32/run_20260605_185036_qwen2p57_339910_qwen2p57_e78994/hit_miss_amat_summary.csv
qwen2p5_7b_instruct,16k,16k_qwen2p5_7b_instruct_lcqa_epoch_window_recall,fpga_h2o_plus_service_clean_victim_cache16_v245,H2O + victim cache,19.206,35.742,4.024804,228704.0,1098,delivery/paper/repro_audit/longctx_table1_32_32_perf_20260605/replay_reports/table1_controls_32_32/run_20260605_185036_qwen2p57_339910_qwen2p57_e78994/hit_miss_amat_summary.csv
qwen2p5_7b_instruct,16k,16k_qwen2p5_7b_instruct_lcqa_dual_budget_rule,fpga_h2o_plus_service_clean_victim_cache16_v245,H2O + victim cache,17.871,31.934,4.00836,228170.0,981,delivery/paper/repro_audit/longctx_table1_32_32_perf_20260605/replay_reports/table1_controls_32_32/run_20260605_185036_qwen2p57_339910_qwen2p57_e78994/hit_miss_amat_summary.csv
qwen2p5_7b_instruct,16k,16k_qwen2p5_7b_instruct_lcqa_query_relevance_note,fpga_h2o_plus_service_clean_victim_cache16_v245,H2O + victim cache,22.038,29.948,3.999804,227865.0,920,delivery/paper/repro_audit/longctx_table1_32_32_perf_20260605/replay_reports/table1_controls_32_32/run_20260605_185036_qwen2p57_339910_qwen2p57_e78994/hit_miss_amat_summary.csv
qwen2p5_7b_instruct,16k,16k_qwen2p5_7b_instruct_lcqa_spill_cost_reason,fpga_h2o_plus_service_clean_victim_cache16_v245,H2O + victim cache,16.471,38.737,4.037674,229215.0,1190,delivery/paper/repro_audit/longctx_table1_32_32_perf_20260605/replay_reports/table1_controls_32_32/run_20260605_185036_qwen2p57_339910_qwen2p57_e78994/hit_miss_amat_summary.csv
qwen2p5_7b_instruct,16k,16k_qwen2p5_7b_instruct_lcqa_head_budget_rule,fpga_h2o_plus_service_clean_victim_cache16_v245,H2O + victim cache,16.243,40.495,4.045294,229539.0,1244,delivery/paper/repro_audit/longctx_table1_32_32_perf_20260605/replay_reports/table1_controls_32_32/run_20260605_185036_qwen2p57_339910_qwen2p57_e78994/hit_miss_amat_summary.csv
qwen2p5_7b_instruct,16k,16k_qwen2p5_7b_instruct_cmqa_early_name_recall,fpga_h2o_plus_service_clean_victim_cache16_v245,H2O + victim cache,18.327,36.296,4.027182,228841.0,1115,delivery/paper/repro_audit/longctx_table1_32_32_perf_20260605/replay_reports/table1_controls_32_32/run_20260605_185036_qwen2p57_339910_qwen2p57_e78994/hit_miss_amat_summary.csv
qwen2p5_7b_instruct,16k,16k_qwen2p5_7b_instruct_cmqa_policy_recall,fpga_h2o_plus_service_clean_victim_cache16_v245,H2O + victim cache,19.727,33.919,4.017024,228531.0,1042,delivery/paper/repro_audit/longctx_table1_32_32_perf_20260605/replay_reports/table1_controls_32_32/run_20260605_185036_qwen2p57_339910_qwen2p57_e78994/hit_miss_amat_summary.csv
qwen2p5_7b_instruct,16k,16k_qwen2p5_7b_instruct_cmqa_anchor_reasoning,fpga_h2o_plus_service_clean_victim_cache16_v245,H2O + victim cache,18.587,38.997,4.038807,229360.0,1198,delivery/paper/repro_audit/longctx_table1_32_32_perf_20260605/replay_reports/table1_controls_32_32/run_20260605_185036_qwen2p57_339910_qwen2p57_e78994/hit_miss_amat_summary.csv
qwen2p5_7b_instruct,16k,16k_qwen2p5_7b_instruct_cmqa_backend_recall,fpga_h2o_plus_service_clean_victim_cache16_v245,H2O + victim cache,20.931,35.547,4.0239,228724.0,1092,delivery/paper/repro_audit/longctx_table1_32_32_perf_20260605/replay_reports/table1_controls_32_32/run_20260605_185036_qwen2p57_339910_qwen2p57_e78994/hit_miss_amat_summary.csv
qwen2p5_7b_instruct,16k,16k_qwen2p5_7b_instruct_cmqa_field_recall,fpga_h2o_plus_service_clean_victim_cache16_v245,H2O + victim cache,19.889,35.254,4.022666,228680.0,1083,delivery/paper/repro_audit/longctx_table1_32_32_perf_20260605/replay_reports/table1_controls_32_32/run_20260605_185036_qwen2p57_339910_qwen2p57_e78994/hit_miss_amat_summary.csv
qwen2p5_7b_instruct,16k,16k_qwen2p5_7b_instruct_cmqa_epoch_memory,fpga_h2o_plus_service_clean_victim_cache16_v245,H2O + victim cache,18.327,34.342,4.018843,228648.0,1055,delivery/paper/repro_audit/longctx_table1_32_32_perf_20260605/replay_reports/table1_controls_32_32/run_20260605_185036_qwen2p57_339910_qwen2p57_e78994/hit_miss_amat_summary.csv
qwen2p5_7b_instruct,16k,16k_qwen2p5_7b_instruct_cmqa_budget_memory,fpga_h2o_plus_service_clean_victim_cache16_v245,H2O + victim cache,18.555,35.905,4.0256,228889.0,1103,delivery/paper/repro_audit/longctx_table1_32_32_perf_20260605/replay_reports/table1_controls_32_32/run_20260605_185036_qwen2p57_339910_qwen2p57_e78994/hit_miss_amat_summary.csv
qwen2p5_7b_instruct,16k,16k_qwen2p5_7b_instruct_mdqa_cross_doc_role,fpga_h2o_plus_service_strict_miss_prefetch_v206,H2O + guarded prefetch,15.43,56.087,4.113302,231911.0,1728,delivery/paper/repro_audit/longctx_table1_32_32_perf_20260605/replay_reports/table1_controls_32_32/run_20260605_185036_qwen2p57_339910_qwen2p57_e78994/hit_miss_amat_summary.csv
qwen2p5_7b_instruct,16k,16k_qwen2p5_7b_instruct_mdqa_component_match,fpga_h2o_plus_service_strict_miss_prefetch_v206,H2O + guarded prefetch,17.969,56.966,4.116586,232081.0,1752,delivery/paper/repro_audit/longctx_table1_32_32_perf_20260605/replay_reports/table1_controls_32_32/run_20260605_185036_qwen2p57_339910_qwen2p57_e78994/hit_miss_amat_summary.csv
qwen2p5_7b_instruct,16k,16k_qwen2p5_7b_instruct_mdqa_two_hop_summary,fpga_h2o_plus_service_strict_miss_prefetch_v206,H2O + guarded prefetch,19.531,57.357,4.118803,232213.0,1768,delivery/paper/repro_audit/longctx_table1_32_32_perf_20260605/replay_reports/table1_controls_32_32/run_20260605_185036_qwen2p57_339910_qwen2p57_e78994/hit_miss_amat_summary.csv
qwen2p5_7b_instruct,16k,16k_qwen2p5_7b_instruct_mdqa_cross_doc_priority,fpga_h2o_plus_service_strict_miss_prefetch_v206,H2O + guarded prefetch,16.471,54.59,4.107584,231760.0,1686,delivery/paper/repro_audit/longctx_table1_32_32_perf_20260605/replay_reports/table1_controls_32_32/run_20260605_185036_qwen2p57_339910_qwen2p57_e78994/hit_miss_amat_summary.csv
qwen2p5_7b_instruct,16k,16k_qwen2p5_7b_instruct_mdqa_chain_descriptor_fields,fpga_h2o_plus_service_strict_miss_prefetch_v206,H2O + guarded prefetch,15.951,57.812,4.121691,232316.0,1787,delivery/paper/repro_audit/longctx_table1_32_32_perf_20260605/replay_reports/table1_controls_32_32/run_20260605_185036_qwen2p57_339910_qwen2p57_e78994/hit_miss_amat_summary.csv
qwen2p5_7b_instruct,16k,16k_qwen2p5_7b_instruct_mdqa_three_stage_lookup,fpga_h2o_plus_service_strict_miss_prefetch_v206,H2O + guarded prefetch,15.983,58.691,4.124916,232431.0,1812,delivery/paper/repro_audit/longctx_table1_32_32_perf_20260605/replay_reports/table1_controls_32_32/run_20260605_185036_qwen2p57_339910_qwen2p57_e78994/hit_miss_amat_summary.csv
qwen2p5_7b_instruct,16k,16k_qwen2p5_7b_instruct_mdqa_compression_guard,fpga_h2o_plus_service_strict_miss_prefetch_v206,H2O + guarded prefetch,18.424,53.19,4.101952,231612.0,1645,delivery/paper/repro_audit/longctx_table1_32_32_perf_20260605/replay_reports/table1_controls_32_32/run_20260605_185036_qwen2p57_339910_qwen2p57_e78994/hit_miss_amat_summary.csv
qwen2p5_7b_instruct,16k,16k_qwen2p5_7b_instruct_mdqa_query_cost_chain,fpga_h2o_plus_service_strict_miss_prefetch_v206,H2O + guarded prefetch,16.797,52.734,4.099063,231509.0,1627,delivery/paper/repro_audit/longctx_table1_32_32_perf_20260605/replay_reports/table1_controls_32_32/run_20260605_185036_qwen2p57_339910_qwen2p57_e78994/hit_miss_amat_summary.csv
qwen2p5_7b_instruct,16k,16k_qwen2p5_7b_instruct_mdqa_head_budget_allocation,fpga_h2o_plus_service_strict_miss_prefetch_v206,H2O + guarded prefetch,17.708,58.138,4.122868,232199.0,1793,delivery/paper/repro_audit/longctx_table1_32_32_perf_20260605/replay_reports/table1_controls_32_32/run_20260605_185036_qwen2p57_339910_qwen2p57_e78994/hit_miss_amat_summary.csv
qwen2p5_7b_instruct,16k,16k_qwen2p5_7b_instruct_mdqa_backend_admission_reason,fpga_h2o_plus_service_strict_miss_prefetch_v206,H2O + guarded prefetch,17.318,59.993,4.129713,232496.0,1846,delivery/paper/repro_audit/longctx_table1_32_32_perf_20260605/replay_reports/table1_controls_32_32/run_20260605_185036_qwen2p57_339910_qwen2p57_e78994/hit_miss_amat_summary.csv
qwen2p5_7b_instruct,16k,16k_qwen2p5_7b_instruct_lcqa_anchor_timeline,fpga_h2o_plus_service_strict_miss_prefetch_v206,H2O + guarded prefetch,16.374,52.995,4.101082,231581.0,1639,delivery/paper/repro_audit/longctx_table1_32_32_perf_20260605/replay_reports/table1_controls_32_32/run_20260605_185036_qwen2p57_339910_qwen2p57_e78994/hit_miss_amat_summary.csv
qwen2p5_7b_instruct,16k,16k_qwen2p5_7b_instruct_lcqa_revision_policy,fpga_h2o_plus_service_strict_miss_prefetch_v206,H2O + guarded prefetch,18.164,54.915,4.108989,231863.0,1695,delivery/paper/repro_audit/longctx_table1_32_32_perf_20260605/replay_reports/table1_controls_32_32/run_20260605_185036_qwen2p57_339910_qwen2p57_e78994/hit_miss_amat_summary.csv
qwen2p5_7b_instruct,16k,16k_qwen2p5_7b_instruct_lcqa_sparse_fact,fpga_h2o_plus_service_strict_miss_prefetch_v206,H2O + guarded prefetch,16.341,54.102,4.104746,231606.0,1667,delivery/paper/repro_audit/longctx_table1_32_32_perf_20260605/replay_reports/table1_controls_32_32/run_20260605_185036_qwen2p57_339910_qwen2p57_e78994/hit_miss_amat_summary.csv
qwen2p5_7b_instruct,16k,16k_qwen2p5_7b_instruct_lcqa_dual_anchor_incident,fpga_h2o_plus_service_strict_miss_prefetch_v206,H2O + guarded prefetch,15.853,62.142,4.138717,232817.0,1910,delivery/paper/repro_audit/longctx_table1_32_32_perf_20260605/replay_reports/table1_controls_32_32/run_20260605_185036_qwen2p57_339910_qwen2p57_e78994/hit_miss_amat_summary.csv
qwen2p5_7b_instruct,16k,16k_qwen2p5_7b_instruct_lcqa_backend_priority_rule,fpga_h2o_plus_service_strict_miss_prefetch_v206,H2O + guarded prefetch,18.652,53.451,4.102092,231617.0,1648,delivery/paper/repro_audit/longctx_table1_32_32_perf_20260605/replay_reports/table1_controls_32_32/run_20260605_185036_qwen2p57_339910_qwen2p57_e78994/hit_miss_amat_summary.csv
qwen2p5_7b_instruct,16k,16k_qwen2p5_7b_instruct_lcqa_epoch_window_recall,fpga_h2o_plus_service_strict_miss_prefetch_v206,H2O + guarded prefetch,19.206,54.883,4.107576,231654.0,1687,delivery/paper/repro_audit/longctx_table1_32_32_perf_20260605/replay_reports/table1_controls_32_32/run_20260605_185036_qwen2p57_339910_qwen2p57_e78994/hit_miss_amat_summary.csv
qwen2p5_7b_instruct,16k,16k_qwen2p5_7b_instruct_lcqa_dual_budget_rule,fpga_h2o_plus_service_strict_miss_prefetch_v206,H2O + guarded prefetch,17.871,51.823,4.09605,231296.0,1602,delivery/paper/repro_audit/longctx_table1_32_32_perf_20260605/replay_reports/table1_controls_32_32/run_20260605_185036_qwen2p57_339910_qwen2p57_e78994/hit_miss_amat_summary.csv
qwen2p5_7b_instruct,16k,16k_qwen2p5_7b_instruct_lcqa_query_relevance_note,fpga_h2o_plus_service_strict_miss_prefetch_v206,H2O + guarded prefetch,22.038,50.749,4.089991,231080.0,1562,delivery/paper/repro_audit/longctx_table1_32_32_perf_20260605/replay_reports/table1_controls_32_32/run_20260605_185036_qwen2p57_339910_qwen2p57_e78994/hit_miss_amat_summary.csv
qwen2p5_7b_instruct,16k,16k_qwen2p5_7b_instruct_lcqa_spill_cost_reason,fpga_h2o_plus_service_strict_miss_prefetch_v206,H2O + guarded prefetch,16.471,58.398,4.122728,232247.0,1796,delivery/paper/repro_audit/longctx_table1_32_32_perf_20260605/replay_reports/table1_controls_32_32/run_20260605_185036_qwen2p57_339910_qwen2p57_e78994/hit_miss_amat_summary.csv
qwen2p5_7b_instruct,16k,16k_qwen2p5_7b_instruct_lcqa_head_budget_rule,fpga_h2o_plus_service_strict_miss_prefetch_v206,H2O + guarded prefetch,16.243,61.068,4.135293,232748.0,1884,delivery/paper/repro_audit/longctx_table1_32_32_perf_20260605/replay_reports/table1_controls_32_32/run_20260605_185036_qwen2p57_339910_qwen2p57_e78994/hit_miss_amat_summary.csv
qwen2p5_7b_instruct,16k,16k_qwen2p5_7b_instruct_cmqa_early_name_recall,fpga_h2o_plus_service_strict_miss_prefetch_v206,H2O + guarded prefetch,18.327,55.99,4.11232,231876.0,1722,delivery/paper/repro_audit/longctx_table1_32_32_perf_20260605/replay_reports/table1_controls_32_32/run_20260605_185036_qwen2p57_339910_qwen2p57_e78994/hit_miss_amat_summary.csv
qwen2p5_7b_instruct,16k,16k_qwen2p5_7b_instruct_cmqa_policy_recall,fpga_h2o_plus_service_strict_miss_prefetch_v206,H2O + guarded prefetch,19.727,53.841,4.103489,231614.0,1658,delivery/paper/repro_audit/longctx_table1_32_32_perf_20260605/replay_reports/table1_controls_32_32/run_20260605_185036_qwen2p57_339910_qwen2p57_e78994/hit_miss_amat_summary.csv
qwen2p5_7b_instruct,16k,16k_qwen2p5_7b_instruct_cmqa_anchor_reasoning,fpga_h2o_plus_service_strict_miss_prefetch_v206,H2O + guarded prefetch,18.587,60.514,4.132879,232715.0,1866,delivery/paper/repro_audit/longctx_table1_32_32_perf_20260605/replay_reports/table1_controls_32_32/run_20260605_185036_qwen2p57_339910_qwen2p57_e78994/hit_miss_amat_summary.csv
qwen2p5_7b_instruct,16k,16k_qwen2p5_7b_instruct_cmqa_backend_recall,fpga_h2o_plus_service_strict_miss_prefetch_v206,H2O + guarded prefetch,20.931,53.548,4.101969,231507.0,1647,delivery/paper/repro_audit/longctx_table1_32_32_perf_20260605/replay_reports/table1_controls_32_32/run_20260605_185036_qwen2p57_339910_qwen2p57_e78994/hit_miss_amat_summary.csv
qwen2p5_7b_instruct,16k,16k_qwen2p5_7b_instruct_cmqa_field_recall,fpga_h2o_plus_service_strict_miss_prefetch_v206,H2O + guarded prefetch,19.889,50.553,4.089514,231063.0,1559,delivery/paper/repro_audit/longctx_table1_32_32_perf_20260605/replay_reports/table1_controls_32_32/run_20260605_185036_qwen2p57_339910_qwen2p57_e78994/hit_miss_amat_summary.csv
qwen2p5_7b_instruct,16k,16k_qwen2p5_7b_instruct_cmqa_epoch_memory,fpga_h2o_plus_service_strict_miss_prefetch_v206,H2O + guarded prefetch,18.327,55.632,4.112242,231979.0,1719,delivery/paper/repro_audit/longctx_table1_32_32_perf_20260605/replay_reports/table1_controls_32_32/run_20260605_185036_qwen2p57_339910_qwen2p57_e78994/hit_miss_amat_summary.csv
qwen2p5_7b_instruct,16k,16k_qwen2p5_7b_instruct_cmqa_budget_memory,fpga_h2o_plus_service_strict_miss_prefetch_v206,H2O + guarded prefetch,18.555,59.245,4.12629,232480.0,1822,delivery/paper/repro_audit/longctx_table1_32_32_perf_20260605/replay_reports/table1_controls_32_32/run_20260605_185036_qwen2p57_339910_qwen2p57_e78994/hit_miss_amat_summary.csv
llama3p1_8b_instruct,32k,32k_llama3p1_8b_instruct_mdqa_cross_doc_role,baseline,Traditional cache,38.249,35.71,4.026818,441289.0,1134,delivery/paper/repro_audit/longctx_table1_32_32_perf_20260605/replay_reports/table1_controls_32_32/run_20260605_192300_llama3p1_eb6bc9_llama3p1_5673df/hit_miss_amat_summary.csv
llama3p1_8b_instruct,32k,32k_llama3p1_8b_instruct_mdqa_component_match,baseline,Traditional cache,36.064,42.069,4.041065,442166.0,1327,delivery/paper/repro_audit/longctx_table1_32_32_perf_20260605/replay_reports/table1_controls_32_32/run_20260605_192300_llama3p1_eb6bc9_llama3p1_5673df/hit_miss_amat_summary.csv
llama3p1_8b_instruct,32k,32k_llama3p1_8b_instruct_mdqa_two_hop_summary,baseline,Traditional cache,36.328,35.254,4.025554,441255.0,1116,delivery/paper/repro_audit/longctx_table1_32_32_perf_20260605/replay_reports/table1_controls_32_32/run_20260605_192300_llama3p1_eb6bc9_llama3p1_5673df/hit_miss_amat_summary.csv
llama3p1_8b_instruct,32k,32k_llama3p1_8b_instruct_mdqa_cross_doc_priority,baseline,Traditional cache,29.59,43.457,4.044203,442527.0,1372,delivery/paper/repro_audit/longctx_table1_32_32_perf_20260605/replay_reports/table1_controls_32_32/run_20260605_192300_llama3p1_eb6bc9_llama3p1_5673df/hit_miss_amat_summary.csv
llama3p1_8b_instruct,32k,32k_llama3p1_8b_instruct_mdqa_chain_descriptor_fields,baseline,Traditional cache,32.161,39.128,4.034449,441914.0,1237,delivery/paper/repro_audit/longctx_table1_32_32_perf_20260605/replay_reports/table1_controls_32_32/run_20260605_192300_llama3p1_eb6bc9_llama3p1_5673df/hit_miss_amat_summary.csv
llama3p1_8b_instruct,32k,32k_llama3p1_8b_instruct_mdqa_three_stage_lookup,baseline,Traditional cache,34.408,41.243,4.038529,442140.0,1293,delivery/paper/repro_audit/longctx_table1_32_32_perf_20260605/replay_reports/table1_controls_32_32/run_20260605_192300_llama3p1_eb6bc9_llama3p1_5673df/hit_miss_amat_summary.csv
llama3p1_8b_instruct,32k,32k_llama3p1_8b_instruct_mdqa_compression_guard,baseline,Traditional cache,34.701,40.885,4.038422,442185.0,1292,delivery/paper/repro_audit/longctx_table1_32_32_perf_20260605/replay_reports/table1_controls_32_32/run_20260605_192300_llama3p1_eb6bc9_llama3p1_5673df/hit_miss_amat_summary.csv
llama3p1_8b_instruct,32k,32k_llama3p1_8b_instruct_mdqa_query_cost_chain,baseline,Traditional cache,32.389,37.142,4.02989,441603.0,1175,delivery/paper/repro_audit/longctx_table1_32_32_perf_20260605/replay_reports/table1_controls_32_32/run_20260605_192300_llama3p1_eb6bc9_llama3p1_5673df/hit_miss_amat_summary.csv
llama3p1_8b_instruct,32k,32k_llama3p1_8b_instruct_mdqa_head_budget_allocation,baseline,Traditional cache,33.268,38.9,4.033815,441923.0,1229,delivery/paper/repro_audit/longctx_table1_32_32_perf_20260605/replay_reports/table1_controls_32_32/run_20260605_192300_llama3p1_eb6bc9_llama3p1_5673df/hit_miss_amat_summary.csv
llama3p1_8b_instruct,32k,32k_llama3p1_8b_instruct_mdqa_backend_admission_reason,baseline,Traditional cache,28.385,45.02,4.047978,442994.0,1423,delivery/paper/repro_audit/longctx_table1_32_32_perf_20260605/replay_reports/table1_controls_32_32/run_20260605_192300_llama3p1_eb6bc9_llama3p1_5673df/hit_miss_amat_summary.csv
llama3p1_8b_instruct,32k,32k_llama3p1_8b_instruct_lcqa_anchor_timeline,baseline,Traditional cache,32.747,38.411,4.031979,441641.0,1205,delivery/paper/repro_audit/longctx_table1_32_32_perf_20260605/replay_reports/table1_controls_32_32/run_20260605_192300_llama3p1_eb6bc9_llama3p1_5673df/hit_miss_amat_summary.csv
llama3p1_8b_instruct,32k,32k_llama3p1_8b_instruct_lcqa_revision_policy,baseline,Traditional cache,36.947,34.928,4.02429,441221.0,1100,delivery/paper/repro_audit/longctx_table1_32_32_perf_20260605/replay_reports/table1_controls_32_32/run_20260605_192300_llama3p1_eb6bc9_llama3p1_5673df/hit_miss_amat_summary.csv
llama3p1_8b_instruct,32k,32k_llama3p1_8b_instruct_lcqa_sparse_fact,baseline,Traditional cache,27.409,44.694,4.047489,442594.0,1416,delivery/paper/repro_audit/longctx_table1_32_32_perf_20260605/replay_reports/table1_controls_32_32/run_20260605_192300_llama3p1_eb6bc9_llama3p1_5673df/hit_miss_amat_summary.csv
llama3p1_8b_instruct,32k,32k_llama3p1_8b_instruct_lcqa_dual_anchor_incident,baseline,Traditional cache,36.263,39.844,4.035995,442124.0,1260,delivery/paper/repro_audit/longctx_table1_32_32_perf_20260605/replay_reports/table1_controls_32_32/run_20260605_192300_llama3p1_eb6bc9_llama3p1_5673df/hit_miss_amat_summary.csv
llama3p1_8b_instruct,32k,32k_llama3p1_8b_instruct_lcqa_backend_priority_rule,baseline,Traditional cache,36.068,39.388,4.035178,442016.0,1249,delivery/paper/repro_audit/longctx_table1_32_32_perf_20260605/replay_reports/table1_controls_32_32/run_20260605_192300_llama3p1_eb6bc9_llama3p1_5673df/hit_miss_amat_summary.csv
llama3p1_8b_instruct,32k,32k_llama3p1_8b_instruct_lcqa_epoch_window_recall,baseline,Traditional cache,26.888,45.964,4.050009,442923.0,1450,delivery/paper/repro_audit/longctx_table1_32_32_perf_20260605/replay_reports/table1_controls_32_32/run_20260605_192300_llama3p1_eb6bc9_llama3p1_5673df/hit_miss_amat_summary.csv
llama3p1_8b_instruct,32k,32k_llama3p1_8b_instruct_lcqa_dual_budget_rule,baseline,Traditional cache,31.738,43.783,4.044921,442576.0,1381,delivery/paper/repro_audit/longctx_table1_32_32_perf_20260605/replay_reports/table1_controls_32_32/run_20260605_192300_llama3p1_eb6bc9_llama3p1_5673df/hit_miss_amat_summary.csv
llama3p1_8b_instruct,32k,32k_llama3p1_8b_instruct_lcqa_query_relevance_note,baseline,Traditional cache,38.249,38.379,4.033305,442045.0,1223,delivery/paper/repro_audit/longctx_table1_32_32_perf_20260605/replay_reports/table1_controls_32_32/run_20260605_192300_llama3p1_eb6bc9_llama3p1_5673df/hit_miss_amat_summary.csv
llama3p1_8b_instruct,32k,32k_llama3p1_8b_instruct_lcqa_spill_cost_reason,baseline,Traditional cache,38.672,35.189,4.026682,441593.0,1132,delivery/paper/repro_audit/longctx_table1_32_32_perf_20260605/replay_reports/table1_controls_32_32/run_20260605_192300_llama3p1_eb6bc9_llama3p1_5673df/hit_miss_amat_summary.csv
llama3p1_8b_instruct,32k,32k_llama3p1_8b_instruct_lcqa_head_budget_rule,baseline,Traditional cache,38.639,41.178,4.038818,442212.0,1300,delivery/paper/repro_audit/longctx_table1_32_32_perf_20260605/replay_reports/table1_controls_32_32/run_20260605_192300_llama3p1_eb6bc9_llama3p1_5673df/hit_miss_amat_summary.csv
llama3p1_8b_instruct,32k,32k_llama3p1_8b_instruct_cmqa_early_name_recall,baseline,Traditional cache,36.621,38.607,4.034793,442042.0,1246,delivery/paper/repro_audit/longctx_table1_32_32_perf_20260605/replay_reports/table1_controls_32_32/run_20260605_192300_llama3p1_eb6bc9_llama3p1_5673df/hit_miss_amat_summary.csv
llama3p1_8b_instruct,32k,32k_llama3p1_8b_instruct_cmqa_policy_recall,baseline,Traditional cache,29.46,43.783,4.045607,442518.0,1389,delivery/paper/repro_audit/longctx_table1_32_32_perf_20260605/replay_reports/table1_controls_32_32/run_20260605_192300_llama3p1_eb6bc9_llama3p1_5673df/hit_miss_amat_summary.csv
llama3p1_8b_instruct,32k,32k_llama3p1_8b_instruct_cmqa_anchor_reasoning,baseline,Traditional cache,35.775,36.556,4.030367,441740.0,1184,delivery/paper/repro_audit/longctx_table1_32_32_perf_20260605/replay_reports/table1_controls_32_32/run_20260605_192300_llama3p1_eb6bc9_llama3p1_5673df/hit_miss_amat_summary.csv
llama3p1_8b_instruct,32k,32k_llama3p1_8b_instruct_cmqa_backend_recall,baseline,Traditional cache,23.6,47.949,4.055779,443369.0,1528,delivery/paper/repro_audit/longctx_table1_32_32_perf_20260605/replay_reports/table1_controls_32_32/run_20260605_192300_llama3p1_eb6bc9_llama3p1_5673df/hit_miss_amat_summary.csv
llama3p1_8b_instruct,32k,32k_llama3p1_8b_instruct_cmqa_field_recall,baseline,Traditional cache,22.493,50.391,4.061261,443743.0,1603,delivery/paper/repro_audit/longctx_table1_32_32_perf_20260605/replay_reports/table1_controls_32_32/run_20260605_192300_llama3p1_eb6bc9_llama3p1_5673df/hit_miss_amat_summary.csv
llama3p1_8b_instruct,32k,32k_llama3p1_8b_instruct_cmqa_epoch_memory,baseline,Traditional cache,24.121,47.656,4.053938,443191.0,1504,delivery/paper/repro_audit/longctx_table1_32_32_perf_20260605/replay_reports/table1_controls_32_32/run_20260605_192300_llama3p1_eb6bc9_llama3p1_5673df/hit_miss_amat_summary.csv
llama3p1_8b_instruct,32k,32k_llama3p1_8b_instruct_cmqa_budget_memory,baseline,Traditional cache,32.064,41.406,4.039897,442181.0,1311,delivery/paper/repro_audit/longctx_table1_32_32_perf_20260605/replay_reports/table1_controls_32_32/run_20260605_192300_llama3p1_eb6bc9_llama3p1_5673df/hit_miss_amat_summary.csv
llama3p1_8b_instruct,32k,32k_llama3p1_8b_instruct_mdqa_cross_doc_role,fpga_true_h2o_pure,Pure H2O,37.826,44.401,4.045352,442553.0,1387,delivery/paper/repro_audit/longctx_table1_32_32_perf_20260605/replay_reports/table1_controls_32_32/run_20260605_192300_llama3p1_eb6bc9_llama3p1_5673df/hit_miss_amat_summary.csv
llama3p1_8b_instruct,32k,32k_llama3p1_8b_instruct_mdqa_component_match,fpga_true_h2o_pure,Pure H2O,35.868,44.158,4.043837,442355.0,1364,delivery/paper/repro_audit/longctx_table1_32_32_perf_20260605/replay_reports/table1_controls_32_32/run_20260605_192300_llama3p1_eb6bc9_llama3p1_5673df/hit_miss_amat_summary.csv
llama3p1_8b_instruct,32k,32k_llama3p1_8b_instruct_mdqa_two_hop_summary,fpga_true_h2o_pure,Pure H2O,36.491,47.526,4.052633,443102.0,1486,delivery/paper/repro_audit/longctx_table1_32_32_perf_20260605/replay_reports/table1_controls_32_32/run_20260605_192300_llama3p1_eb6bc9_llama3p1_5673df/hit_miss_amat_summary.csv
llama3p1_8b_instruct,32k,32k_llama3p1_8b_instruct_mdqa_cross_doc_priority,fpga_true_h2o_pure,Pure H2O,29.232,47.266,4.052149,443069.0,1480,delivery/paper/repro_audit/longctx_table1_32_32_perf_20260605/replay_reports/table1_controls_32_32/run_20260605_192300_llama3p1_eb6bc9_llama3p1_5673df/hit_miss_amat_summary.csv
llama3p1_8b_instruct,32k,32k_llama3p1_8b_instruct_mdqa_chain_descriptor_fields,fpga_true_h2o_pure,Pure H2O,32.129,49.219,4.056394,443411.0,1537,delivery/paper/repro_audit/longctx_table1_32_32_perf_20260605/replay_reports/table1_controls_32_32/run_20260605_192300_llama3p1_eb6bc9_llama3p1_5673df/hit_miss_amat_summary.csv
llama3p1_8b_instruct,32k,32k_llama3p1_8b_instruct_mdqa_three_stage_lookup,fpga_true_h2o_pure,Pure H2O,34.928,42.871,4.041564,442347.0,1336,delivery/paper/repro_audit/longctx_table1_32_32_perf_20260605/replay_reports/table1_controls_32_32/run_20260605_192300_llama3p1_eb6bc9_llama3p1_5673df/hit_miss_amat_summary.csv
llama3p1_8b_instruct,32k,32k_llama3p1_8b_instruct_mdqa_compression_guard,fpga_true_h2o_pure,Pure H2O,34.505,43.294,4.043289,442517.0,1359,delivery/paper/repro_audit/longctx_table1_32_32_perf_20260605/replay_reports/table1_controls_32_32/run_20260605_192300_llama3p1_eb6bc9_llama3p1_5673df/hit_miss_amat_summary.csv
llama3p1_8b_instruct,32k,32k_llama3p1_8b_instruct_mdqa_query_cost_chain,fpga_true_h2o_pure,Pure H2O,32.389,47.298,4.052173,443123.0,1480,delivery/paper/repro_audit/longctx_table1_32_32_perf_20260605/replay_reports/table1_controls_32_32/run_20260605_192300_llama3p1_eb6bc9_llama3p1_5673df/hit_miss_amat_summary.csv
llama3p1_8b_instruct,32k,32k_llama3p1_8b_instruct_mdqa_head_budget_allocation,fpga_true_h2o_pure,Pure H2O,33.268,47.201,4.051434,443125.0,1470,delivery/paper/repro_audit/longctx_table1_32_32_perf_20260605/replay_reports/table1_controls_32_32/run_20260605_192300_llama3p1_eb6bc9_llama3p1_5673df/hit_miss_amat_summary.csv
llama3p1_8b_instruct,32k,32k_llama3p1_8b_instruct_mdqa_backend_admission_reason,fpga_true_h2o_pure,Pure H2O,28.874,50.716,4.060463,443846.0,1593,delivery/paper/repro_audit/longctx_table1_32_32_perf_20260605/replay_reports/table1_controls_32_32/run_20260605_192300_llama3p1_eb6bc9_llama3p1_5673df/hit_miss_amat_summary.csv
llama3p1_8b_instruct,32k,32k_llama3p1_8b_instruct_lcqa_anchor_timeline,fpga_true_h2o_pure,Pure H2O,32.975,45.703,4.048079,442739.0,1425,delivery/paper/repro_audit/longctx_table1_32_32_perf_20260605/replay_reports/table1_controls_32_32/run_20260605_192300_llama3p1_eb6bc9_llama3p1_5673df/hit_miss_amat_summary.csv
llama3p1_8b_instruct,32k,32k_llama3p1_8b_instruct_lcqa_revision_policy,fpga_true_h2o_pure,Pure H2O,36.849,43.424,4.042937,442493.0,1355,delivery/paper/repro_audit/longctx_table1_32_32_perf_20260605/replay_reports/table1_controls_32_32/run_20260605_192300_llama3p1_eb6bc9_llama3p1_5673df/hit_miss_amat_summary.csv
llama3p1_8b_instruct,32k,32k_llama3p1_8b_instruct_lcqa_sparse_fact,fpga_true_h2o_pure,Pure H2O,27.409,45.508,4.048369,442654.0,1429,delivery/paper/repro_audit/longctx_table1_32_32_perf_20260605/replay_reports/table1_controls_32_32/run_20260605_192300_llama3p1_eb6bc9_llama3p1_5673df/hit_miss_amat_summary.csv
llama3p1_8b_instruct,32k,32k_llama3p1_8b_instruct_lcqa_dual_anchor_incident,fpga_true_h2o_pure,Pure H2O,35.938,45.41,4.04769,442922.0,1419,delivery/paper/repro_audit/longctx_table1_32_32_perf_20260605/replay_reports/table1_controls_32_32/run_20260605_192300_llama3p1_eb6bc9_llama3p1_5673df/hit_miss_amat_summary.csv
llama3p1_8b_instruct,32k,32k_llama3p1_8b_instruct_lcqa_backend_priority_rule,fpga_true_h2o_pure,Pure H2O,36.003,45.638,4.048678,442937.0,1432,delivery/paper/repro_audit/longctx_table1_32_32_perf_20260605/replay_reports/table1_controls_32_32/run_20260605_192300_llama3p1_eb6bc9_llama3p1_5673df/hit_miss_amat_summary.csv
llama3p1_8b_instruct,32k,32k_llama3p1_8b_instruct_lcqa_epoch_window_recall,fpga_true_h2o_pure,Pure H2O,26.66,47.884,4.053308,443148.0,1495,delivery/paper/repro_audit/longctx_table1_32_32_perf_20260605/replay_reports/table1_controls_32_32/run_20260605_192300_llama3p1_eb6bc9_llama3p1_5673df/hit_miss_amat_summary.csv
llama3p1_8b_instruct,32k,32k_llama3p1_8b_instruct_lcqa_dual_budget_rule,fpga_true_h2o_pure,Pure H2O,31.543,44.922,4.046695,442697.0,1405,delivery/paper/repro_audit/longctx_table1_32_32_perf_20260605/replay_reports/table1_controls_32_32/run_20260605_192300_llama3p1_eb6bc9_llama3p1_5673df/hit_miss_amat_summary.csv
llama3p1_8b_instruct,32k,32k_llama3p1_8b_instruct_lcqa_query_relevance_note,fpga_true_h2o_pure,Pure H2O,38.346,43.913,4.04636,442936.0,1402,delivery/paper/repro_audit/longctx_table1_32_32_perf_20260605/replay_reports/table1_controls_32_32/run_20260605_192300_llama3p1_eb6bc9_llama3p1_5673df/hit_miss_amat_summary.csv
llama3p1_8b_instruct,32k,32k_llama3p1_8b_instruct_lcqa_spill_cost_reason,fpga_true_h2o_pure,Pure H2O,38.411,46.908,4.051152,443263.0,1467,delivery/paper/repro_audit/longctx_table1_32_32_perf_20260605/replay_reports/table1_controls_32_32/run_20260605_192300_llama3p1_eb6bc9_llama3p1_5673df/hit_miss_amat_summary.csv
llama3p1_8b_instruct,32k,32k_llama3p1_8b_instruct_lcqa_head_budget_rule,fpga_true_h2o_pure,Pure H2O,38.607,43.783,4.044286,442585.0,1375,delivery/paper/repro_audit/longctx_table1_32_32_perf_20260605/replay_reports/table1_controls_32_32/run_20260605_192300_llama3p1_eb6bc9_llama3p1_5673df/hit_miss_amat_summary.csv
llama3p1_8b_instruct,32k,32k_llama3p1_8b_instruct_cmqa_early_name_recall,fpga_true_h2o_pure,Pure H2O,36.719,48.047,4.054974,443419.0,1519,delivery/paper/repro_audit/longctx_table1_32_32_perf_20260605/replay_reports/table1_controls_32_32/run_20260605_192300_llama3p1_eb6bc9_llama3p1_5673df/hit_miss_amat_summary.csv
llama3p1_8b_instruct,32k,32k_llama3p1_8b_instruct_cmqa_policy_recall,fpga_true_h2o_pure,Pure H2O,29.232,52.344,4.063746,443755.0,1638,delivery/paper/repro_audit/longctx_table1_32_32_perf_20260605/replay_reports/table1_controls_32_32/run_20260605_192300_llama3p1_eb6bc9_llama3p1_5673df/hit_miss_amat_summary.csv
llama3p1_8b_instruct,32k,32k_llama3p1_8b_instruct_cmqa_anchor_reasoning,fpga_true_h2o_pure,Pure H2O,36.458,49.609,4.059049,443697.0,1575,delivery/paper/repro_audit/longctx_table1_32_32_perf_20260605/replay_reports/table1_controls_32_32/run_20260605_192300_llama3p1_eb6bc9_llama3p1_5673df/hit_miss_amat_summary.csv
llama3p1_8b_instruct,32k,32k_llama3p1_8b_instruct_cmqa_backend_recall,fpga_true_h2o_pure,Pure H2O,23.633,50.488,4.059312,443610.0,1578,delivery/paper/repro_audit/longctx_table1_32_32_perf_20260605/replay_reports/table1_controls_32_32/run_20260605_192300_llama3p1_eb6bc9_llama3p1_5673df/hit_miss_amat_summary.csv
llama3p1_8b_instruct,32k,32k_llama3p1_8b_instruct_cmqa_field_recall,fpga_true_h2o_pure,Pure H2O,22.201,51.009,4.061203,443739.0,1604,delivery/paper/repro_audit/longctx_table1_32_32_perf_20260605/replay_reports/table1_controls_32_32/run_20260605_192300_llama3p1_eb6bc9_llama3p1_5673df/hit_miss_amat_summary.csv
llama3p1_8b_instruct,32k,32k_llama3p1_8b_instruct_cmqa_epoch_memory,fpga_true_h2o_pure,Pure H2O,23.926,55.404,4.070549,444324.0,1731,delivery/paper/repro_audit/longctx_table1_32_32_perf_20260605/replay_reports/table1_controls_32_32/run_20260605_192300_llama3p1_eb6bc9_llama3p1_5673df/hit_miss_amat_summary.csv
llama3p1_8b_instruct,32k,32k_llama3p1_8b_instruct_cmqa_budget_memory,fpga_true_h2o_pure,Pure H2O,31.901,47.656,4.052903,443068.0,1491,delivery/paper/repro_audit/longctx_table1_32_32_perf_20260605/replay_reports/table1_controls_32_32/run_20260605_192300_llama3p1_eb6bc9_llama3p1_5673df/hit_miss_amat_summary.csv
llama3p1_8b_instruct,32k,32k_llama3p1_8b_instruct_mdqa_cross_doc_role,fpga_h2o_plus_service_clean_victim_cache16_v245,H2O + victim cache,37.174,29.069,3.997947,439320.0,893,delivery/paper/repro_audit/longctx_table1_32_32_perf_20260605/replay_reports/table1_controls_32_32/run_20260605_192300_llama3p1_eb6bc9_llama3p1_5673df/hit_miss_amat_summary.csv
llama3p1_8b_instruct,32k,32k_llama3p1_8b_instruct_mdqa_component_match,fpga_h2o_plus_service_clean_victim_cache16_v245,H2O + victim cache,35.411,31.103,4.002493,439536.0,953,delivery/paper/repro_audit/longctx_table1_32_32_perf_20260605/replay_reports/table1_controls_32_32/run_20260605_192300_llama3p1_eb6bc9_llama3p1_5673df/hit_miss_amat_summary.csv
llama3p1_8b_instruct,32k,32k_llama3p1_8b_instruct_mdqa_two_hop_summary,fpga_h2o_plus_service_clean_victim_cache16_v245,H2O + victim cache,36.426,30.794,4.001803,439635.0,946,delivery/paper/repro_audit/longctx_table1_32_32_perf_20260605/replay_reports/table1_controls_32_32/run_20260605_192300_llama3p1_eb6bc9_llama3p1_5673df/hit_miss_amat_summary.csv
llama3p1_8b_instruct,32k,32k_llama3p1_8b_instruct_mdqa_cross_doc_priority,fpga_h2o_plus_service_clean_victim_cache16_v245,H2O + victim cache,30.371,30.143,4.000337,439535.0,926,delivery/paper/repro_audit/longctx_table1_32_32_perf_20260605/replay_reports/table1_controls_32_32/run_20260605_192300_llama3p1_eb6bc9_llama3p1_5673df/hit_miss_amat_summary.csv
llama3p1_8b_instruct,32k,32k_llama3p1_8b_instruct_mdqa_chain_descriptor_fields,fpga_h2o_plus_service_clean_victim_cache16_v245,H2O + victim cache,31.868,30.241,4.000557,439602.0,929,delivery/paper/repro_audit/longctx_table1_32_32_perf_20260605/replay_reports/table1_controls_32_32/run_20260605_192300_llama3p1_eb6bc9_llama3p1_5673df/hit_miss_amat_summary.csv
llama3p1_8b_instruct,32k,32k_llama3p1_8b_instruct_mdqa_three_stage_lookup,fpga_h2o_plus_service_clean_victim_cache16_v245,H2O + victim cache,34.928,28.906,3.997537,439344.0,888,delivery/paper/repro_audit/longctx_table1_32_32_perf_20260605/replay_reports/table1_controls_32_32/run_20260605_192300_llama3p1_eb6bc9_llama3p1_5673df/hit_miss_amat_summary.csv
llama3p1_8b_instruct,32k,32k_llama3p1_8b_instruct_mdqa_compression_guard,fpga_h2o_plus_service_clean_victim_cache16_v245,H2O + victim cache,34.635,29.427,3.998725,439477.0,904,delivery/paper/repro_audit/longctx_table1_32_32_perf_20260605/replay_reports/table1_controls_32_32/run_20260605_192300_llama3p1_eb6bc9_llama3p1_5673df/hit_miss_amat_summary.csv
llama3p1_8b_instruct,32k,32k_llama3p1_8b_instruct_mdqa_query_cost_chain,fpga_h2o_plus_service_clean_victim_cache16_v245,H2O + victim cache,31.966,29.557,3.999047,439499.0,908,delivery/paper/repro_audit/longctx_table1_32_32_perf_20260605/replay_reports/table1_controls_32_32/run_20260605_192300_llama3p1_eb6bc9_llama3p1_5673df/hit_miss_amat_summary.csv
llama3p1_8b_instruct,32k,32k_llama3p1_8b_instruct_mdqa_head_budget_allocation,fpga_h2o_plus_service_clean_victim_cache16_v245,H2O + victim cache,33.496,29.948,3.999883,439608.0,920,delivery/paper/repro_audit/longctx_table1_32_32_perf_20260605/replay_reports/table1_controls_32_32/run_20260605_192300_llama3p1_eb6bc9_llama3p1_5673df/hit_miss_amat_summary.csv
llama3p1_8b_instruct,32k,32k_llama3p1_8b_instruct_mdqa_backend_admission_reason,fpga_h2o_plus_service_clean_victim_cache16_v245,H2O + victim cache,28.353,31.413,4.003195,439938.0,965,delivery/paper/repro_audit/longctx_table1_32_32_perf_20260605/replay_reports/table1_controls_32_32/run_20260605_192300_llama3p1_eb6bc9_llama3p1_5673df/hit_miss_amat_summary.csv
llama3p1_8b_instruct,32k,32k_llama3p1_8b_instruct_lcqa_anchor_timeline,fpga_h2o_plus_service_clean_victim_cache16_v245,H2O + victim cache,32.487,29.688,3.999326,439414.0,912,delivery/paper/repro_audit/longctx_table1_32_32_perf_20260605/replay_reports/table1_controls_32_32/run_20260605_192300_llama3p1_eb6bc9_llama3p1_5673df/hit_miss_amat_summary.csv
llama3p1_8b_instruct,32k,32k_llama3p1_8b_instruct_lcqa_revision_policy,fpga_h2o_plus_service_clean_victim_cache16_v245,H2O + victim cache,36.621,31.641,4.003694,439816.0,972,delivery/paper/repro_audit/longctx_table1_32_32_perf_20260605/replay_reports/table1_controls_32_32/run_20260605_192300_llama3p1_eb6bc9_llama3p1_5673df/hit_miss_amat_summary.csv
llama3p1_8b_instruct,32k,32k_llama3p1_8b_instruct_lcqa_sparse_fact,fpga_h2o_plus_service_clean_victim_cache16_v245,H2O + victim cache,27.311,29.264,3.998372,439245.0,899,delivery/paper/repro_audit/longctx_table1_32_32_perf_20260605/replay_reports/table1_controls_32_32/run_20260605_192300_llama3p1_eb6bc9_llama3p1_5673df/hit_miss_amat_summary.csv
llama3p1_8b_instruct,32k,32k_llama3p1_8b_instruct_lcqa_dual_anchor_incident,fpga_h2o_plus_service_clean_victim_cache16_v245,H2O + victim cache,35.807,29.362,3.998578,439571.0,902,delivery/paper/repro_audit/longctx_table1_32_32_perf_20260605/replay_reports/table1_controls_32_32/run_20260605_192300_llama3p1_eb6bc9_llama3p1_5673df/hit_miss_amat_summary.csv
llama3p1_8b_instruct,32k,32k_llama3p1_8b_instruct_lcqa_backend_priority_rule,fpga_h2o_plus_service_clean_victim_cache16_v245,H2O + victim cache,36.198,28.841,3.997406,439439.0,886,delivery/paper/repro_audit/longctx_table1_32_32_perf_20260605/replay_reports/table1_controls_32_32/run_20260605_192300_llama3p1_eb6bc9_llama3p1_5673df/hit_miss_amat_summary.csv
llama3p1_8b_instruct,32k,32k_llama3p1_8b_instruct_lcqa_epoch_window_recall,fpga_h2o_plus_service_clean_victim_cache16_v245,H2O + victim cache,26.53,33.04,4.006876,439981.0,1015,delivery/paper/repro_audit/longctx_table1_32_32_perf_20260605/replay_reports/table1_controls_32_32/run_20260605_192300_llama3p1_eb6bc9_llama3p1_5673df/hit_miss_amat_summary.csv
llama3p1_8b_instruct,32k,32k_llama3p1_8b_instruct_lcqa_dual_budget_rule,fpga_h2o_plus_service_clean_victim_cache16_v245,H2O + victim cache,31.608,30.013,4.000029,439514.0,922,delivery/paper/repro_audit/longctx_table1_32_32_perf_20260605/replay_reports/table1_controls_32_32/run_20260605_192300_llama3p1_eb6bc9_llama3p1_5673df/hit_miss_amat_summary.csv
llama3p1_8b_instruct,32k,32k_llama3p1_8b_instruct_lcqa_query_relevance_note,fpga_h2o_plus_service_clean_victim_cache16_v245,H2O + victim cache,38.216,27.344,3.994036,439365.0,840,delivery/paper/repro_audit/longctx_table1_32_32_perf_20260605/replay_reports/table1_controls_32_32/run_20260605_192300_llama3p1_eb6bc9_llama3p1_5673df/hit_miss_amat_summary.csv
llama3p1_8b_instruct,32k,32k_llama3p1_8b_instruct_lcqa_spill_cost_reason,fpga_h2o_plus_service_clean_victim_cache16_v245,H2O + victim cache,38.9,29.688,3.999297,439724.0,912,delivery/paper/repro_audit/longctx_table1_32_32_perf_20260605/replay_reports/table1_controls_32_32/run_20260605_192300_llama3p1_eb6bc9_llama3p1_5673df/hit_miss_amat_summary.csv
llama3p1_8b_instruct,32k,32k_llama3p1_8b_instruct_lcqa_head_budget_rule,fpga_h2o_plus_service_clean_victim_cache16_v245,H2O + victim cache,39.095,29.655,3.999238,439512.0,911,delivery/paper/repro_audit/longctx_table1_32_32_perf_20260605/replay_reports/table1_controls_32_32/run_20260605_192300_llama3p1_eb6bc9_llama3p1_5673df/hit_miss_amat_summary.csv
llama3p1_8b_instruct,32k,32k_llama3p1_8b_instruct_cmqa_early_name_recall,fpga_h2o_plus_service_clean_victim_cache16_v245,H2O + victim cache,37.109,31.836,4.004148,439951.0,978,delivery/paper/repro_audit/longctx_table1_32_32_perf_20260605/replay_reports/table1_controls_32_32/run_20260605_192300_llama3p1_eb6bc9_llama3p1_5673df/hit_miss_amat_summary.csv
llama3p1_8b_instruct,32k,32k_llama3p1_8b_instruct_cmqa_policy_recall,fpga_h2o_plus_service_clean_victim_cache16_v245,H2O + victim cache,28.906,35.482,4.012347,440250.0,1090,delivery/paper/repro_audit/longctx_table1_32_32_perf_20260605/replay_reports/table1_controls_32_32/run_20260605_192300_llama3p1_eb6bc9_llama3p1_5673df/hit_miss_amat_summary.csv
llama3p1_8b_instruct,32k,32k_llama3p1_8b_instruct_cmqa_anchor_reasoning,fpga_h2o_plus_service_clean_victim_cache16_v245,H2O + victim cache,37.63,32.617,4.005921,440072.0,1002,delivery/paper/repro_audit/longctx_table1_32_32_perf_20260605/replay_reports/table1_controls_32_32/run_20260605_192300_llama3p1_eb6bc9_llama3p1_5673df/hit_miss_amat_summary.csv
llama3p1_8b_instruct,32k,32k_llama3p1_8b_instruct_cmqa_backend_recall,fpga_h2o_plus_service_clean_victim_cache16_v245,H2O + victim cache,23.763,38.053,4.018148,440802.0,1169,delivery/paper/repro_audit/longctx_table1_32_32_perf_20260605/replay_reports/table1_controls_32_32/run_20260605_192300_llama3p1_eb6bc9_llama3p1_5673df/hit_miss_amat_summary.csv
llama3p1_8b_instruct,32k,32k_llama3p1_8b_instruct_cmqa_field_recall,fpga_h2o_plus_service_clean_victim_cache16_v245,H2O + victim cache,22.201,37.467,4.016858,440714.0,1151,delivery/paper/repro_audit/longctx_table1_32_32_perf_20260605/replay_reports/table1_controls_32_32/run_20260605_192300_llama3p1_eb6bc9_llama3p1_5673df/hit_miss_amat_summary.csv
llama3p1_8b_instruct,32k,32k_llama3p1_8b_instruct_cmqa_epoch_memory,fpga_h2o_plus_service_clean_victim_cache16_v245,H2O + victim cache,23.991,33.822,4.008621,440100.0,1039,delivery/paper/repro_audit/longctx_table1_32_32_perf_20260605/replay_reports/table1_controls_32_32/run_20260605_192300_llama3p1_eb6bc9_llama3p1_5673df/hit_miss_amat_summary.csv
llama3p1_8b_instruct,32k,32k_llama3p1_8b_instruct_cmqa_budget_memory,fpga_h2o_plus_service_clean_victim_cache16_v245,H2O + victim cache,31.413,33.594,4.008094,440012.0,1032,delivery/paper/repro_audit/longctx_table1_32_32_perf_20260605/replay_reports/table1_controls_32_32/run_20260605_192300_llama3p1_eb6bc9_llama3p1_5673df/hit_miss_amat_summary.csv
llama3p1_8b_instruct,32k,32k_llama3p1_8b_instruct_mdqa_cross_doc_role,fpga_h2o_plus_service_strict_miss_prefetch_v206,H2O + guarded prefetch,37.174,43.066,4.029516,441473.0,1323,delivery/paper/repro_audit/longctx_table1_32_32_perf_20260605/replay_reports/table1_controls_32_32/run_20260605_192300_llama3p1_eb6bc9_llama3p1_5673df/hit_miss_amat_summary.csv
llama3p1_8b_instruct,32k,32k_llama3p1_8b_instruct_mdqa_component_match,fpga_h2o_plus_service_strict_miss_prefetch_v206,H2O + guarded prefetch,35.411,44.027,4.031796,441534.0,1350,delivery/paper/repro_audit/longctx_table1_32_32_perf_20260605/replay_reports/table1_controls_32_32/run_20260605_192300_llama3p1_eb6bc9_llama3p1_5673df/hit_miss_amat_summary.csv
llama3p1_8b_instruct,32k,32k_llama3p1_8b_instruct_mdqa_two_hop_summary,fpga_h2o_plus_service_strict_miss_prefetch_v206,H2O + guarded prefetch,36.426,46.712,4.037899,442097.0,1437,delivery/paper/repro_audit/longctx_table1_32_32_perf_20260605/replay_reports/table1_controls_32_32/run_20260605_192300_llama3p1_eb6bc9_llama3p1_5673df/hit_miss_amat_summary.csv
llama3p1_8b_instruct,32k,32k_llama3p1_8b_instruct_mdqa_cross_doc_priority,fpga_h2o_plus_service_strict_miss_prefetch_v206,H2O + guarded prefetch,30.371,47.949,4.040582,442280.0,1474,delivery/paper/repro_audit/longctx_table1_32_32_perf_20260605/replay_reports/table1_controls_32_32/run_20260605_192300_llama3p1_eb6bc9_llama3p1_5673df/hit_miss_amat_summary.csv
llama3p1_8b_instruct,32k,32k_llama3p1_8b_instruct_mdqa_chain_descriptor_fields,fpga_h2o_plus_service_strict_miss_prefetch_v206,H2O + guarded prefetch,31.868,44.661,4.033365,441840.0,1375,delivery/paper/repro_audit/longctx_table1_32_32_perf_20260605/replay_reports/table1_controls_32_32/run_20260605_192300_llama3p1_eb6bc9_llama3p1_5673df/hit_miss_amat_summary.csv
llama3p1_8b_instruct,32k,32k_llama3p1_8b_instruct_mdqa_three_stage_lookup,fpga_h2o_plus_service_strict_miss_prefetch_v206,H2O + guarded prefetch,34.928,43.359,4.030319,441580.0,1333,delivery/paper/repro_audit/longctx_table1_32_32_perf_20260605/replay_reports/table1_controls_32_32/run_20260605_192300_llama3p1_eb6bc9_llama3p1_5673df/hit_miss_amat_summary.csv
llama3p1_8b_instruct,32k,32k_llama3p1_8b_instruct_mdqa_compression_guard,fpga_h2o_plus_service_strict_miss_prefetch_v206,H2O + guarded prefetch,34.635,43.49,4.030579,441650.0,1337,delivery/paper/repro_audit/longctx_table1_32_32_perf_20260605/replay_reports/table1_controls_32_32/run_20260605_192300_llama3p1_eb6bc9_llama3p1_5673df/hit_miss_amat_summary.csv
llama3p1_8b_instruct,32k,32k_llama3p1_8b_instruct_mdqa_query_cost_chain,fpga_h2o_plus_service_strict_miss_prefetch_v206,H2O + guarded prefetch,31.999,47.266,4.038979,442223.0,1452,delivery/paper/repro_audit/longctx_table1_32_32_perf_20260605/replay_reports/table1_controls_32_32/run_20260605_192300_llama3p1_eb6bc9_llama3p1_5673df/hit_miss_amat_summary.csv
llama3p1_8b_instruct,32k,32k_llama3p1_8b_instruct_mdqa_head_budget_allocation,fpga_h2o_plus_service_strict_miss_prefetch_v206,H2O + guarded prefetch,33.496,46.875,4.038344,442232.0,1443,delivery/paper/repro_audit/longctx_table1_32_32_perf_20260605/replay_reports/table1_controls_32_32/run_20260605_192300_llama3p1_eb6bc9_llama3p1_5673df/hit_miss_amat_summary.csv
llama3p1_8b_instruct,32k,32k_llama3p1_8b_instruct_mdqa_backend_admission_reason,fpga_h2o_plus_service_strict_miss_prefetch_v206,H2O + guarded prefetch,28.385,54.46,4.055422,443502.0,1674,delivery/paper/repro_audit/longctx_table1_32_32_perf_20260605/replay_reports/table1_controls_32_32/run_20260605_192300_llama3p1_eb6bc9_llama3p1_5673df/hit_miss_amat_summary.csv
llama3p1_8b_instruct,32k,32k_llama3p1_8b_instruct_lcqa_anchor_timeline,fpga_h2o_plus_service_strict_miss_prefetch_v206,H2O + guarded prefetch,32.552,46.224,4.036877,441975.0,1421,delivery/paper/repro_audit/longctx_table1_32_32_perf_20260605/replay_reports/table1_controls_32_32/run_20260605_192300_llama3p1_eb6bc9_llama3p1_5673df/hit_miss_amat_summary.csv
llama3p1_8b_instruct,32k,32k_llama3p1_8b_instruct_lcqa_revision_policy,fpga_h2o_plus_service_strict_miss_prefetch_v206,H2O + guarded prefetch,36.654,43.49,4.03077,441663.0,1337,delivery/paper/repro_audit/longctx_table1_32_32_perf_20260605/replay_reports/table1_controls_32_32/run_20260605_192300_llama3p1_eb6bc9_llama3p1_5673df/hit_miss_amat_summary.csv
llama3p1_8b_instruct,32k,32k_llama3p1_8b_instruct_lcqa_sparse_fact,fpga_h2o_plus_service_strict_miss_prefetch_v206,H2O + guarded prefetch,27.311,47.656,4.039921,442078.0,1465,delivery/paper/repro_audit/longctx_table1_32_32_perf_20260605/replay_reports/table1_controls_32_32/run_20260605_192300_llama3p1_eb6bc9_llama3p1_5673df/hit_miss_amat_summary.csv
llama3p1_8b_instruct,32k,32k_llama3p1_8b_instruct_lcqa_dual_anchor_incident,fpga_h2o_plus_service_strict_miss_prefetch_v206,H2O + guarded prefetch,35.807,43.522,4.030528,441751.0,1337,delivery/paper/repro_audit/longctx_table1_32_32_perf_20260605/replay_reports/table1_controls_32_32/run_20260605_192300_llama3p1_eb6bc9_llama3p1_5673df/hit_miss_amat_summary.csv
llama3p1_8b_instruct,32k,32k_llama3p1_8b_instruct_lcqa_backend_priority_rule,fpga_h2o_plus_service_strict_miss_prefetch_v206,H2O + guarded prefetch,36.198,44.889,4.033625,441910.0,1379,delivery/paper/repro_audit/longctx_table1_32_32_perf_20260605/replay_reports/table1_controls_32_32/run_20260605_192300_llama3p1_eb6bc9_llama3p1_5673df/hit_miss_amat_summary.csv
llama3p1_8b_instruct,32k,32k_llama3p1_8b_instruct_lcqa_epoch_window_recall,fpga_h2o_plus_service_strict_miss_prefetch_v206,H2O + guarded prefetch,26.53,47.721,4.040127,442249.0,1468,delivery/paper/repro_audit/longctx_table1_32_32_perf_20260605/replay_reports/table1_controls_32_32/run_20260605_192300_llama3p1_eb6bc9_llama3p1_5673df/hit_miss_amat_summary.csv
llama3p1_8b_instruct,32k,32k_llama3p1_8b_instruct_lcqa_dual_budget_rule,fpga_h2o_plus_service_strict_miss_prefetch_v206,H2O + guarded prefetch,31.608,44.141,4.031976,441693.0,1357,delivery/paper/repro_audit/longctx_table1_32_32_perf_20260605/replay_reports/table1_controls_32_32/run_20260605_192300_llama3p1_eb6bc9_llama3p1_5673df/hit_miss_amat_summary.csv
llama3p1_8b_instruct,32k,32k_llama3p1_8b_instruct_lcqa_query_relevance_note,fpga_h2o_plus_service_strict_miss_prefetch_v206,H2O + guarded prefetch,38.216,42.904,4.029158,441762.0,1319,delivery/paper/repro_audit/longctx_table1_32_32_perf_20260605/replay_reports/table1_controls_32_32/run_20260605_192300_llama3p1_eb6bc9_llama3p1_5673df/hit_miss_amat_summary.csv
llama3p1_8b_instruct,32k,32k_llama3p1_8b_instruct_lcqa_spill_cost_reason,fpga_h2o_plus_service_strict_miss_prefetch_v206,H2O + guarded prefetch,38.9,45.215,4.034624,442135.0,1392,delivery/paper/repro_audit/longctx_table1_32_32_perf_20260605/replay_reports/table1_controls_32_32/run_20260605_192300_llama3p1_eb6bc9_llama3p1_5673df/hit_miss_amat_summary.csv
llama3p1_8b_instruct,32k,32k_llama3p1_8b_instruct_lcqa_head_budget_rule,fpga_h2o_plus_service_strict_miss_prefetch_v206,H2O + guarded prefetch,39.095,44.434,4.032764,441799.0,1367,delivery/paper/repro_audit/longctx_table1_32_32_perf_20260605/replay_reports/table1_controls_32_32/run_20260605_192300_llama3p1_eb6bc9_llama3p1_5673df/hit_miss_amat_summary.csv
llama3p1_8b_instruct,32k,32k_llama3p1_8b_instruct_cmqa_early_name_recall,fpga_h2o_plus_service_strict_miss_prefetch_v206,H2O + guarded prefetch,37.109,45.931,4.036273,442143.0,1415,delivery/paper/repro_audit/longctx_table1_32_32_perf_20260605/replay_reports/table1_controls_32_32/run_20260605_192300_llama3p1_eb6bc9_llama3p1_5673df/hit_miss_amat_summary.csv
llama3p1_8b_instruct,32k,32k_llama3p1_8b_instruct_cmqa_policy_recall,fpga_h2o_plus_service_strict_miss_prefetch_v206,H2O + guarded prefetch,28.906,51.628,4.048979,442748.0,1588,delivery/paper/repro_audit/longctx_table1_32_32_perf_20260605/replay_reports/table1_controls_32_32/run_20260605_192300_llama3p1_eb6bc9_llama3p1_5673df/hit_miss_amat_summary.csv
llama3p1_8b_instruct,32k,32k_llama3p1_8b_instruct_cmqa_anchor_reasoning,fpga_h2o_plus_service_strict_miss_prefetch_v206,H2O + guarded prefetch,37.63,49.056,4.043352,442626.0,1512,delivery/paper/repro_audit/longctx_table1_32_32_perf_20260605/replay_reports/table1_controls_32_32/run_20260605_192300_llama3p1_eb6bc9_llama3p1_5673df/hit_miss_amat_summary.csv
llama3p1_8b_instruct,32k,32k_llama3p1_8b_instruct_cmqa_backend_recall,fpga_h2o_plus_service_strict_miss_prefetch_v206,H2O + guarded prefetch,23.796,50.716,4.047042,442773.0,1558,delivery/paper/repro_audit/longctx_table1_32_32_perf_20260605/replay_reports/table1_controls_32_32/run_20260605_192300_llama3p1_eb6bc9_llama3p1_5673df/hit_miss_amat_summary.csv
llama3p1_8b_instruct,32k,32k_llama3p1_8b_instruct_cmqa_field_recall,fpga_h2o_plus_service_strict_miss_prefetch_v206,H2O + guarded prefetch,22.005,52.409,4.051513,443078.0,1621,delivery/paper/repro_audit/longctx_table1_32_32_perf_20260605/replay_reports/table1_controls_32_32/run_20260605_192300_llama3p1_eb6bc9_llama3p1_5673df/hit_miss_amat_summary.csv
llama3p1_8b_instruct,32k,32k_llama3p1_8b_instruct_cmqa_epoch_memory,fpga_h2o_plus_service_strict_miss_prefetch_v206,H2O + guarded prefetch,23.861,56.738,4.061664,443718.0,1758,delivery/paper/repro_audit/longctx_table1_32_32_perf_20260605/replay_reports/table1_controls_32_32/run_20260605_192300_llama3p1_eb6bc9_llama3p1_5673df/hit_miss_amat_summary.csv
llama3p1_8b_instruct,32k,32k_llama3p1_8b_instruct_cmqa_budget_memory,fpga_h2o_plus_service_strict_miss_prefetch_v206,H2O + guarded prefetch,31.413,49.577,4.044531,442497.0,1525,delivery/paper/repro_audit/longctx_table1_32_32_perf_20260605/replay_reports/table1_controls_32_32/run_20260605_192300_llama3p1_eb6bc9_llama3p1_5673df/hit_miss_amat_summary.csv
mistral_7b_instruct_v0p3,32k,32k_mistral_7b_instruct_v0p3_mdqa_cross_doc_role,baseline,Traditional cache,41.895,34.863,4.024337,441172.0,1101,delivery/paper/repro_audit/longctx_table1_32_32_perf_20260605/replay_reports/table1_controls_32_32/run_20260605_202028_mistral7_23d086_mistral7_b717ce/hit_miss_amat_summary.csv
mistral_7b_instruct_v0p3,32k,32k_mistral_7b_instruct_v0p3_mdqa_component_match,baseline,Traditional cache,17.936,55.143,4.073376,443728.0,1767,delivery/paper/repro_audit/longctx_table1_32_32_perf_20260605/replay_reports/table1_controls_32_32/run_20260605_202028_mistral7_23d086_mistral7_b717ce/hit_miss_amat_summary.csv
mistral_7b_instruct_v0p3,32k,32k_mistral_7b_instruct_v0p3_mdqa_two_hop_summary,baseline,Traditional cache,37.174,36.23,4.027607,441395.0,1145,delivery/paper/repro_audit/longctx_table1_32_32_perf_20260605/replay_reports/table1_controls_32_32/run_20260605_202028_mistral7_23d086_mistral7_b717ce/hit_miss_amat_summary.csv
mistral_7b_instruct_v0p3,32k,32k_mistral_7b_instruct_v0p3_mdqa_cross_doc_priority,baseline,Traditional cache,34.701,37.272,4.031177,441743.0,1195,delivery/paper/repro_audit/longctx_table1_32_32_perf_20260605/replay_reports/table1_controls_32_32/run_20260605_202028_mistral7_23d086_mistral7_b717ce/hit_miss_amat_summary.csv
mistral_7b_instruct_v0p3,32k,32k_mistral_7b_instruct_v0p3_mdqa_chain_descriptor_fields,baseline,Traditional cache,36.068,39.388,4.034055,441678.0,1233,delivery/paper/repro_audit/longctx_table1_32_32_perf_20260605/replay_reports/table1_controls_32_32/run_20260605_202028_mistral7_23d086_mistral7_b717ce/hit_miss_amat_summary.csv
mistral_7b_instruct_v0p3,32k,32k_mistral_7b_instruct_v0p3_mdqa_three_stage_lookup,baseline,Traditional cache,34.701,37.988,4.031833,441631.0,1202,delivery/paper/repro_audit/longctx_table1_32_32_perf_20260605/replay_reports/table1_controls_32_32/run_20260605_202028_mistral7_23d086_mistral7_b717ce/hit_miss_amat_summary.csv
mistral_7b_instruct_v0p3,32k,32k_mistral_7b_instruct_v0p3_mdqa_compression_guard,baseline,Traditional cache,27.214,44.141,4.045149,442225.0,1384,delivery/paper/repro_audit/longctx_table1_32_32_perf_20260605/replay_reports/table1_controls_32_32/run_20260605_202028_mistral7_23d086_mistral7_b717ce/hit_miss_amat_summary.csv
mistral_7b_instruct_v0p3,32k,32k_mistral_7b_instruct_v0p3_mdqa_query_cost_chain,baseline,Traditional cache,35.775,36.1,4.027296,441426.0,1140,delivery/paper/repro_audit/longctx_table1_32_32_perf_20260605/replay_reports/table1_controls_32_32/run_20260605_202028_mistral7_23d086_mistral7_b717ce/hit_miss_amat_summary.csv
mistral_7b_instruct_v0p3,32k,32k_mistral_7b_instruct_v0p3_mdqa_head_budget_allocation,baseline,Traditional cache,37.207,37.598,4.031708,442145.0,1201,delivery/paper/repro_audit/longctx_table1_32_32_perf_20260605/replay_reports/table1_controls_32_32/run_20260605_202028_mistral7_23d086_mistral7_b717ce/hit_miss_amat_summary.csv
mistral_7b_instruct_v0p3,32k,32k_mistral_7b_instruct_v0p3_mdqa_backend_admission_reason,baseline,Traditional cache,35.352,36.882,4.029338,441722.0,1168,delivery/paper/repro_audit/longctx_table1_32_32_perf_20260605/replay_reports/table1_controls_32_32/run_20260605_202028_mistral7_23d086_mistral7_b717ce/hit_miss_amat_summary.csv
mistral_7b_instruct_v0p3,32k,32k_mistral_7b_instruct_v0p3_lcqa_anchor_timeline,baseline,Traditional cache,28.678,44.336,4.045467,442299.0,1389,delivery/paper/repro_audit/longctx_table1_32_32_perf_20260605/replay_reports/table1_controls_32_32/run_20260605_202028_mistral7_23d086_mistral7_b717ce/hit_miss_amat_summary.csv
mistral_7b_instruct_v0p3,32k,32k_mistral_7b_instruct_v0p3_lcqa_revision_policy,baseline,Traditional cache,27.637,42.155,4.040723,441871.0,1323,delivery/paper/repro_audit/longctx_table1_32_32_perf_20260605/replay_reports/table1_controls_32_32/run_20260605_202028_mistral7_23d086_mistral7_b717ce/hit_miss_amat_summary.csv
mistral_7b_instruct_v0p3,32k,32k_mistral_7b_instruct_v0p3_lcqa_sparse_fact,baseline,Traditional cache,25.846,48.438,4.054414,442804.0,1509,delivery/paper/repro_audit/longctx_table1_32_32_perf_20260605/replay_reports/table1_controls_32_32/run_20260605_202028_mistral7_23d086_mistral7_b717ce/hit_miss_amat_summary.csv
mistral_7b_instruct_v0p3,32k,32k_mistral_7b_instruct_v0p3_lcqa_dual_anchor_incident,baseline,Traditional cache,33.333,37.956,4.034618,442396.0,1240,delivery/paper/repro_audit/longctx_table1_32_32_perf_20260605/replay_reports/table1_controls_32_32/run_20260605_202028_mistral7_23d086_mistral7_b717ce/hit_miss_amat_summary.csv
mistral_7b_instruct_v0p3,32k,32k_mistral_7b_instruct_v0p3_lcqa_backend_priority_rule,baseline,Traditional cache,47.656,30.111,4.013281,440470.0,949,delivery/paper/repro_audit/longctx_table1_32_32_perf_20260605/replay_reports/table1_controls_32_32/run_20260605_202028_mistral7_23d086_mistral7_b717ce/hit_miss_amat_summary.csv
mistral_7b_instruct_v0p3,32k,32k_mistral_7b_instruct_v0p3_lcqa_epoch_window_recall,baseline,Traditional cache,36.003,37.402,4.030913,441934.0,1191,delivery/paper/repro_audit/longctx_table1_32_32_perf_20260605/replay_reports/table1_controls_32_32/run_20260605_202028_mistral7_23d086_mistral7_b717ce/hit_miss_amat_summary.csv
mistral_7b_instruct_v0p3,32k,32k_mistral_7b_instruct_v0p3_lcqa_dual_budget_rule,baseline,Traditional cache,21.354,46.094,4.051564,443658.0,1472,delivery/paper/repro_audit/longctx_table1_32_32_perf_20260605/replay_reports/table1_controls_32_32/run_20260605_202028_mistral7_23d086_mistral7_b717ce/hit_miss_amat_summary.csv
mistral_7b_instruct_v0p3,32k,32k_mistral_7b_instruct_v0p3_lcqa_query_relevance_note,baseline,Traditional cache,35.059,36.784,4.029708,441904.0,1173,delivery/paper/repro_audit/longctx_table1_32_32_perf_20260605/replay_reports/table1_controls_32_32/run_20260605_202028_mistral7_23d086_mistral7_b717ce/hit_miss_amat_summary.csv
mistral_7b_instruct_v0p3,32k,32k_mistral_7b_instruct_v0p3_lcqa_spill_cost_reason,baseline,Traditional cache,28.092,45.247,4.04944,443251.0,1442,delivery/paper/repro_audit/longctx_table1_32_32_perf_20260605/replay_reports/table1_controls_32_32/run_20260605_202028_mistral7_23d086_mistral7_b717ce/hit_miss_amat_summary.csv
mistral_7b_instruct_v0p3,32k,32k_mistral_7b_instruct_v0p3_lcqa_head_budget_rule,baseline,Traditional cache,51.595,24.74,4.000865,439727.0,781,delivery/paper/repro_audit/longctx_table1_32_32_perf_20260605/replay_reports/table1_controls_32_32/run_20260605_202028_mistral7_23d086_mistral7_b717ce/hit_miss_amat_summary.csv
mistral_7b_instruct_v0p3,32k,32k_mistral_7b_instruct_v0p3_cmqa_early_name_recall,baseline,Traditional cache,15.365,59.049,4.082801,445581.0,1899,delivery/paper/repro_audit/longctx_table1_32_32_perf_20260605/replay_reports/table1_controls_32_32/run_20260605_202028_mistral7_23d086_mistral7_b717ce/hit_miss_amat_summary.csv
mistral_7b_instruct_v0p3,32k,32k_mistral_7b_instruct_v0p3_cmqa_policy_recall,baseline,Traditional cache,27.148,48.372,4.056534,442896.0,1538,delivery/paper/repro_audit/longctx_table1_32_32_perf_20260605/replay_reports/table1_controls_32_32/run_20260605_202028_mistral7_23d086_mistral7_b717ce/hit_miss_amat_summary.csv
mistral_7b_instruct_v0p3,32k,32k_mistral_7b_instruct_v0p3_cmqa_anchor_reasoning,baseline,Traditional cache,28.418,51.335,4.064341,443533.0,1645,delivery/paper/repro_audit/longctx_table1_32_32_perf_20260605/replay_reports/table1_controls_32_32/run_20260605_202028_mistral7_23d086_mistral7_b717ce/hit_miss_amat_summary.csv
mistral_7b_instruct_v0p3,32k,32k_mistral_7b_instruct_v0p3_cmqa_backend_recall,baseline,Traditional cache,27.734,47.201,4.054481,442861.0,1510,delivery/paper/repro_audit/longctx_table1_32_32_perf_20260605/replay_reports/table1_controls_32_32/run_20260605_202028_mistral7_23d086_mistral7_b717ce/hit_miss_amat_summary.csv
mistral_7b_instruct_v0p3,32k,32k_mistral_7b_instruct_v0p3_cmqa_field_recall,baseline,Traditional cache,25.358,48.861,4.058509,443188.0,1566,delivery/paper/repro_audit/longctx_table1_32_32_perf_20260605/replay_reports/table1_controls_32_32/run_20260605_202028_mistral7_23d086_mistral7_b717ce/hit_miss_amat_summary.csv
mistral_7b_instruct_v0p3,32k,32k_mistral_7b_instruct_v0p3_cmqa_epoch_memory,baseline,Traditional cache,16.732,58.333,4.079481,444249.0,1851,delivery/paper/repro_audit/longctx_table1_32_32_perf_20260605/replay_reports/table1_controls_32_32/run_20260605_202028_mistral7_23d086_mistral7_b717ce/hit_miss_amat_summary.csv
mistral_7b_instruct_v0p3,32k,32k_mistral_7b_instruct_v0p3_cmqa_budget_memory,baseline,Traditional cache,27.474,48.503,4.057621,443075.0,1555,delivery/paper/repro_audit/longctx_table1_32_32_perf_20260605/replay_reports/table1_controls_32_32/run_20260605_202028_mistral7_23d086_mistral7_b717ce/hit_miss_amat_summary.csv
mistral_7b_instruct_v0p3,32k,32k_mistral_7b_instruct_v0p3_mdqa_cross_doc_role,fpga_true_h2o_pure,Pure H2O,41.992,35.482,4.024469,441181.0,1102,delivery/paper/repro_audit/longctx_table1_32_32_perf_20260605/replay_reports/table1_controls_32_32/run_20260605_202028_mistral7_23d086_mistral7_b717ce/hit_miss_amat_summary.csv
mistral_7b_instruct_v0p3,32k,32k_mistral_7b_instruct_v0p3_mdqa_component_match,fpga_true_h2o_pure,Pure H2O,18.555,51.465,4.064196,443103.0,1644,delivery/paper/repro_audit/longctx_table1_32_32_perf_20260605/replay_reports/table1_controls_32_32/run_20260605_202028_mistral7_23d086_mistral7_b717ce/hit_miss_amat_summary.csv
mistral_7b_instruct_v0p3,32k,32k_mistral_7b_instruct_v0p3_mdqa_two_hop_summary,fpga_true_h2o_pure,Pure H2O,36.979,39.551,4.033676,441809.0,1228,delivery/paper/repro_audit/longctx_table1_32_32_perf_20260605/replay_reports/table1_controls_32_32/run_20260605_202028_mistral7_23d086_mistral7_b717ce/hit_miss_amat_summary.csv
mistral_7b_instruct_v0p3,32k,32k_mistral_7b_instruct_v0p3_mdqa_cross_doc_priority,fpga_true_h2o_pure,Pure H2O,34.733,43.392,4.043005,442550.0,1356,delivery/paper/repro_audit/longctx_table1_32_32_perf_20260605/replay_reports/table1_controls_32_32/run_20260605_202028_mistral7_23d086_mistral7_b717ce/hit_miss_amat_summary.csv
mistral_7b_instruct_v0p3,32k,32k_mistral_7b_instruct_v0p3_mdqa_chain_descriptor_fields,fpga_true_h2o_pure,Pure H2O,35.905,45.085,4.045817,442480.0,1393,delivery/paper/repro_audit/longctx_table1_32_32_perf_20260605/replay_reports/table1_controls_32_32/run_20260605_202028_mistral7_23d086_mistral7_b717ce/hit_miss_amat_summary.csv
mistral_7b_instruct_v0p3,32k,32k_mistral_7b_instruct_v0p3_mdqa_three_stage_lookup,fpga_true_h2o_pure,Pure H2O,34.863,39.453,4.034384,441805.0,1238,delivery/paper/repro_audit/longctx_table1_32_32_perf_20260605/replay_reports/table1_controls_32_32/run_20260605_202028_mistral7_23d086_mistral7_b717ce/hit_miss_amat_summary.csv
mistral_7b_instruct_v0p3,32k,32k_mistral_7b_instruct_v0p3_mdqa_compression_guard,fpga_true_h2o_pure,Pure H2O,27.214,44.043,4.043726,442128.0,1365,delivery/paper/repro_audit/longctx_table1_32_32_perf_20260605/replay_reports/table1_controls_32_32/run_20260605_202028_mistral7_23d086_mistral7_b717ce/hit_miss_amat_summary.csv
mistral_7b_instruct_v0p3,32k,32k_mistral_7b_instruct_v0p3_mdqa_query_cost_chain,fpga_true_h2o_pure,Pure H2O,35.71,39.323,4.033951,441880.0,1231,delivery/paper/repro_audit/longctx_table1_32_32_perf_20260605/replay_reports/table1_controls_32_32/run_20260605_202028_mistral7_23d086_mistral7_b717ce/hit_miss_amat_summary.csv
mistral_7b_instruct_v0p3,32k,32k_mistral_7b_instruct_v0p3_mdqa_head_budget_allocation,fpga_true_h2o_pure,Pure H2O,37.467,41.829,4.039792,442697.0,1312,delivery/paper/repro_audit/longctx_table1_32_32_perf_20260605/replay_reports/table1_controls_32_32/run_20260605_202028_mistral7_23d086_mistral7_b717ce/hit_miss_amat_summary.csv
mistral_7b_instruct_v0p3,32k,32k_mistral_7b_instruct_v0p3_mdqa_backend_admission_reason,fpga_true_h2o_pure,Pure H2O,35.482,44.531,4.045999,442859.0,1396,delivery/paper/repro_audit/longctx_table1_32_32_perf_20260605/replay_reports/table1_controls_32_32/run_20260605_202028_mistral7_23d086_mistral7_b717ce/hit_miss_amat_summary.csv
mistral_7b_instruct_v0p3,32k,32k_mistral_7b_instruct_v0p3_lcqa_anchor_timeline,fpga_true_h2o_pure,Pure H2O,28.711,44.108,4.044029,442201.0,1369,delivery/paper/repro_audit/longctx_table1_32_32_perf_20260605/replay_reports/table1_controls_32_32/run_20260605_202028_mistral7_23d086_mistral7_b717ce/hit_miss_amat_summary.csv
mistral_7b_instruct_v0p3,32k,32k_mistral_7b_instruct_v0p3_lcqa_revision_policy,fpga_true_h2o_pure,Pure H2O,27.604,44.661,4.045463,442194.0,1388,delivery/paper/repro_audit/longctx_table1_32_32_perf_20260605/replay_reports/table1_controls_32_32/run_20260605_202028_mistral7_23d086_mistral7_b717ce/hit_miss_amat_summary.csv
mistral_7b_instruct_v0p3,32k,32k_mistral_7b_instruct_v0p3_lcqa_sparse_fact,fpga_true_h2o_pure,Pure H2O,25.651,46.354,4.04872,442416.0,1432,delivery/paper/repro_audit/longctx_table1_32_32_perf_20260605/replay_reports/table1_controls_32_32/run_20260605_202028_mistral7_23d086_mistral7_b717ce/hit_miss_amat_summary.csv
mistral_7b_instruct_v0p3,32k,32k_mistral_7b_instruct_v0p3_lcqa_dual_anchor_incident,fpga_true_h2o_pure,Pure H2O,33.203,41.113,4.040739,442814.0,1325,delivery/paper/repro_audit/longctx_table1_32_32_perf_20260605/replay_reports/table1_controls_32_32/run_20260605_202028_mistral7_23d086_mistral7_b717ce/hit_miss_amat_summary.csv
mistral_7b_instruct_v0p3,32k,32k_mistral_7b_instruct_v0p3_lcqa_backend_priority_rule,fpga_true_h2o_pure,Pure H2O,47.819,28.288,4.008708,440158.0,887,delivery/paper/repro_audit/longctx_table1_32_32_perf_20260605/replay_reports/table1_controls_32_32/run_20260605_202028_mistral7_23d086_mistral7_b717ce/hit_miss_amat_summary.csv
mistral_7b_instruct_v0p3,32k,32k_mistral_7b_instruct_v0p3_lcqa_epoch_window_recall,fpga_true_h2o_pure,Pure H2O,35.872,37.142,4.03043,441901.0,1185,delivery/paper/repro_audit/longctx_table1_32_32_perf_20260605/replay_reports/table1_controls_32_32/run_20260605_202028_mistral7_23d086_mistral7_b717ce/hit_miss_amat_summary.csv
mistral_7b_instruct_v0p3,32k,32k_mistral_7b_instruct_v0p3_lcqa_dual_budget_rule,fpga_true_h2o_pure,Pure H2O,21.387,49.219,4.058035,444100.0,1561,delivery/paper/repro_audit/longctx_table1_32_32_perf_20260605/replay_reports/table1_controls_32_32/run_20260605_202028_mistral7_23d086_mistral7_b717ce/hit_miss_amat_summary.csv
mistral_7b_instruct_v0p3,32k,32k_mistral_7b_instruct_v0p3_lcqa_query_relevance_note,fpga_true_h2o_pure,Pure H2O,35.319,39.876,4.036286,442353.0,1263,delivery/paper/repro_audit/longctx_table1_32_32_perf_20260605/replay_reports/table1_controls_32_32/run_20260605_202028_mistral7_23d086_mistral7_b717ce/hit_miss_amat_summary.csv
mistral_7b_instruct_v0p3,32k,32k_mistral_7b_instruct_v0p3_lcqa_spill_cost_reason,fpga_true_h2o_pure,Pure H2O,28.158,45.182,4.048518,443188.0,1431,delivery/paper/repro_audit/longctx_table1_32_32_perf_20260605/replay_reports/table1_controls_32_32/run_20260605_202028_mistral7_23d086_mistral7_b717ce/hit_miss_amat_summary.csv
mistral_7b_instruct_v0p3,32k,32k_mistral_7b_instruct_v0p3_lcqa_head_budget_rule,fpga_true_h2o_pure,Pure H2O,51.725,27.539,4.006888,440138.0,863,delivery/paper/repro_audit/longctx_table1_32_32_perf_20260605/replay_reports/table1_controls_32_32/run_20260605_202028_mistral7_23d086_mistral7_b717ce/hit_miss_amat_summary.csv
mistral_7b_instruct_v0p3,32k,32k_mistral_7b_instruct_v0p3_cmqa_early_name_recall,fpga_true_h2o_pure,Pure H2O,15.755,57.78,4.078143,445263.0,1836,delivery/paper/repro_audit/longctx_table1_32_32_perf_20260605/replay_reports/table1_controls_32_32/run_20260605_202028_mistral7_23d086_mistral7_b717ce/hit_miss_amat_summary.csv
mistral_7b_instruct_v0p3,32k,32k_mistral_7b_instruct_v0p3_cmqa_policy_recall,fpga_true_h2o_pure,Pure H2O,26.986,49.382,4.057635,442971.0,1554,delivery/paper/repro_audit/longctx_table1_32_32_perf_20260605/replay_reports/table1_controls_32_32/run_20260605_202028_mistral7_23d086_mistral7_b717ce/hit_miss_amat_summary.csv
mistral_7b_instruct_v0p3,32k,32k_mistral_7b_instruct_v0p3_cmqa_anchor_reasoning,fpga_true_h2o_pure,Pure H2O,27.214,52.344,4.065398,443605.0,1662,delivery/paper/repro_audit/longctx_table1_32_32_perf_20260605/replay_reports/table1_controls_32_32/run_20260605_202028_mistral7_23d086_mistral7_b717ce/hit_miss_amat_summary.csv
mistral_7b_instruct_v0p3,32k,32k_mistral_7b_instruct_v0p3_cmqa_backend_recall,fpga_true_h2o_pure,Pure H2O,27.376,55.143,4.070944,443983.0,1738,delivery/paper/repro_audit/longctx_table1_32_32_perf_20260605/replay_reports/table1_controls_32_32/run_20260605_202028_mistral7_23d086_mistral7_b717ce/hit_miss_amat_summary.csv
mistral_7b_instruct_v0p3,32k,32k_mistral_7b_instruct_v0p3_cmqa_field_recall,fpga_true_h2o_pure,Pure H2O,24.837,49.447,4.05779,443139.0,1556,delivery/paper/repro_audit/longctx_table1_32_32_perf_20260605/replay_reports/table1_controls_32_32/run_20260605_202028_mistral7_23d086_mistral7_b717ce/hit_miss_amat_summary.csv
mistral_7b_instruct_v0p3,32k,32k_mistral_7b_instruct_v0p3_cmqa_epoch_memory,fpga_true_h2o_pure,Pure H2O,16.667,55.273,4.071332,443694.0,1741,delivery/paper/repro_audit/longctx_table1_32_32_perf_20260605/replay_reports/table1_controls_32_32/run_20260605_202028_mistral7_23d086_mistral7_b717ce/hit_miss_amat_summary.csv
mistral_7b_instruct_v0p3,32k,32k_mistral_7b_instruct_v0p3_cmqa_budget_memory,fpga_true_h2o_pure,Pure H2O,26.725,53.027,4.066513,443681.0,1676,delivery/paper/repro_audit/longctx_table1_32_32_perf_20260605/replay_reports/table1_controls_32_32/run_20260605_202028_mistral7_23d086_mistral7_b717ce/hit_miss_amat_summary.csv
mistral_7b_instruct_v0p3,32k,32k_mistral_7b_instruct_v0p3_mdqa_cross_doc_role,fpga_h2o_plus_service_clean_victim_cache16_v245,H2O + victim cache,41.439,23.242,3.984797,438475.0,714,delivery/paper/repro_audit/longctx_table1_32_32_perf_20260605/replay_reports/table1_controls_32_32/run_20260605_202028_mistral7_23d086_mistral7_b717ce/hit_miss_amat_summary.csv
mistral_7b_instruct_v0p3,32k,32k_mistral_7b_instruct_v0p3_mdqa_component_match,fpga_h2o_plus_service_clean_victim_cache16_v245,H2O + victim cache,15.951,33.333,4.007593,439249.0,1024,delivery/paper/repro_audit/longctx_table1_32_32_perf_20260605/replay_reports/table1_controls_32_32/run_20260605_202028_mistral7_23d086_mistral7_b717ce/hit_miss_amat_summary.csv
mistral_7b_instruct_v0p3,32k,32k_mistral_7b_instruct_v0p3_mdqa_two_hop_summary,fpga_h2o_plus_service_clean_victim_cache16_v245,H2O + victim cache,35.417,26.27,3.991629,438941.0,807,delivery/paper/repro_audit/longctx_table1_32_32_perf_20260605/replay_reports/table1_controls_32_32/run_20260605_202028_mistral7_23d086_mistral7_b717ce/hit_miss_amat_summary.csv
mistral_7b_instruct_v0p3,32k,32k_mistral_7b_instruct_v0p3_mdqa_cross_doc_priority,fpga_h2o_plus_service_clean_victim_cache16_v245,H2O + victim cache,33.561,26.986,3.993243,439155.0,829,delivery/paper/repro_audit/longctx_table1_32_32_perf_20260605/replay_reports/table1_controls_32_32/run_20260605_202028_mistral7_23d086_mistral7_b717ce/hit_miss_amat_summary.csv
mistral_7b_instruct_v0p3,32k,32k_mistral_7b_instruct_v0p3_mdqa_chain_descriptor_fields,fpga_h2o_plus_service_clean_victim_cache16_v245,H2O + victim cache,34.603,29.264,3.998387,439246.0,899,delivery/paper/repro_audit/longctx_table1_32_32_perf_20260605/replay_reports/table1_controls_32_32/run_20260605_202028_mistral7_23d086_mistral7_b717ce/hit_miss_amat_summary.csv
mistral_7b_instruct_v0p3,32k,32k_mistral_7b_instruct_v0p3_mdqa_three_stage_lookup,fpga_h2o_plus_service_clean_victim_cache16_v245,H2O + victim cache,33.008,25.391,3.989619,438752.0,780,delivery/paper/repro_audit/longctx_table1_32_32_perf_20260605/replay_reports/table1_controls_32_32/run_20260605_202028_mistral7_23d086_mistral7_b717ce/hit_miss_amat_summary.csv
mistral_7b_instruct_v0p3,32k,32k_mistral_7b_instruct_v0p3_mdqa_compression_guard,fpga_h2o_plus_service_clean_victim_cache16_v245,H2O + victim cache,25.749,28.385,3.996405,438903.0,872,delivery/paper/repro_audit/longctx_table1_32_32_perf_20260605/replay_reports/table1_controls_32_32/run_20260605_202028_mistral7_23d086_mistral7_b717ce/hit_miss_amat_summary.csv
mistral_7b_instruct_v0p3,32k,32k_mistral_7b_instruct_v0p3_mdqa_query_cost_chain,fpga_h2o_plus_service_clean_victim_cache16_v245,H2O + victim cache,34.245,24.577,3.987833,438734.0,755,delivery/paper/repro_audit/longctx_table1_32_32_perf_20260605/replay_reports/table1_controls_32_32/run_20260605_202028_mistral7_23d086_mistral7_b717ce/hit_miss_amat_summary.csv
mistral_7b_instruct_v0p3,32k,32k_mistral_7b_instruct_v0p3_mdqa_head_budget_allocation,fpga_h2o_plus_service_clean_victim_cache16_v245,H2O + victim cache,36.328,28.385,3.996456,439738.0,872,delivery/paper/repro_audit/longctx_table1_32_32_perf_20260605/replay_reports/table1_controls_32_32/run_20260605_202028_mistral7_23d086_mistral7_b717ce/hit_miss_amat_summary.csv
mistral_7b_instruct_v0p3,32k,32k_mistral_7b_instruct_v0p3_mdqa_backend_admission_reason,fpga_h2o_plus_service_clean_victim_cache16_v245,H2O + victim cache,34.049,29.72,3.999399,439679.0,913,delivery/paper/repro_audit/longctx_table1_32_32_perf_20260605/replay_reports/table1_controls_32_32/run_20260605_202028_mistral7_23d086_mistral7_b717ce/hit_miss_amat_summary.csv
mistral_7b_instruct_v0p3,32k,32k_mistral_7b_instruct_v0p3_lcqa_anchor_timeline,fpga_h2o_plus_service_clean_victim_cache16_v245,H2O + victim cache,27.409,30.176,4.000396,439227.0,927,delivery/paper/repro_audit/longctx_table1_32_32_perf_20260605/replay_reports/table1_controls_32_32/run_20260605_202028_mistral7_23d086_mistral7_b717ce/hit_miss_amat_summary.csv
mistral_7b_instruct_v0p3,32k,32k_mistral_7b_instruct_v0p3_lcqa_revision_policy,fpga_h2o_plus_service_clean_victim_cache16_v245,H2O + victim cache,26.4,28.971,3.997696,438939.0,890,delivery/paper/repro_audit/longctx_table1_32_32_perf_20260605/replay_reports/table1_controls_32_32/run_20260605_202028_mistral7_23d086_mistral7_b717ce/hit_miss_amat_summary.csv
mistral_7b_instruct_v0p3,32k,32k_mistral_7b_instruct_v0p3_lcqa_sparse_fact,fpga_h2o_plus_service_clean_victim_cache16_v245,H2O + victim cache,24.023,31.315,4.002994,439300.0,962,delivery/paper/repro_audit/longctx_table1_32_32_perf_20260605/replay_reports/table1_controls_32_32/run_20260605_202028_mistral7_23d086_mistral7_b717ce/hit_miss_amat_summary.csv
mistral_7b_instruct_v0p3,32k,32k_mistral_7b_instruct_v0p3_lcqa_dual_anchor_incident,fpga_h2o_plus_service_clean_victim_cache16_v245,H2O + victim cache,32.194,26.204,3.991492,439451.0,805,delivery/paper/repro_audit/longctx_table1_32_32_perf_20260605/replay_reports/table1_controls_32_32/run_20260605_202028_mistral7_23d086_mistral7_b717ce/hit_miss_amat_summary.csv
mistral_7b_instruct_v0p3,32k,32k_mistral_7b_instruct_v0p3_lcqa_backend_priority_rule,fpga_h2o_plus_service_clean_victim_cache16_v245,H2O + victim cache,47.396,17.578,3.97203,437656.0,540,delivery/paper/repro_audit/longctx_table1_32_32_perf_20260605/replay_reports/table1_controls_32_32/run_20260605_202028_mistral7_23d086_mistral7_b717ce/hit_miss_amat_summary.csv
mistral_7b_instruct_v0p3,32k,32k_mistral_7b_instruct_v0p3_lcqa_epoch_window_recall,fpga_h2o_plus_service_clean_victim_cache16_v245,H2O + victim cache,34.538,28.158,3.995868,439542.0,865,delivery/paper/repro_audit/longctx_table1_32_32_perf_20260605/replay_reports/table1_controls_32_32/run_20260605_202028_mistral7_23d086_mistral7_b717ce/hit_miss_amat_summary.csv
mistral_7b_instruct_v0p3,32k,32k_mistral_7b_instruct_v0p3_lcqa_dual_budget_rule,fpga_h2o_plus_service_clean_victim_cache16_v245,H2O + victim cache,19.954,30.566,4.001274,440223.0,939,delivery/paper/repro_audit/longctx_table1_32_32_perf_20260605/replay_reports/table1_controls_32_32/run_20260605_202028_mistral7_23d086_mistral7_b717ce/hit_miss_amat_summary.csv
mistral_7b_instruct_v0p3,32k,32k_mistral_7b_instruct_v0p3_lcqa_query_relevance_note,fpga_h2o_plus_service_clean_victim_cache16_v245,H2O + victim cache,34.147,26.758,3.992734,439380.0,822,delivery/paper/repro_audit/longctx_table1_32_32_perf_20260605/replay_reports/table1_controls_32_32/run_20260605_202028_mistral7_23d086_mistral7_b717ce/hit_miss_amat_summary.csv
mistral_7b_instruct_v0p3,32k,32k_mistral_7b_instruct_v0p3_lcqa_spill_cost_reason,fpga_h2o_plus_service_clean_victim_cache16_v245,H2O + victim cache,26.237,30.697,4.001597,439985.0,943,delivery/paper/repro_audit/longctx_table1_32_32_perf_20260605/replay_reports/table1_controls_32_32/run_20260605_202028_mistral7_23d086_mistral7_b717ce/hit_miss_amat_summary.csv
mistral_7b_instruct_v0p3,32k,32k_mistral_7b_instruct_v0p3_lcqa_head_budget_rule,fpga_h2o_plus_service_clean_victim_cache16_v245,H2O + victim cache,50.553,17.025,3.970791,437675.0,523,delivery/paper/repro_audit/longctx_table1_32_32_perf_20260605/replay_reports/table1_controls_32_32/run_20260605_202028_mistral7_23d086_mistral7_b717ce/hit_miss_amat_summary.csv
mistral_7b_instruct_v0p3,32k,32k_mistral_7b_instruct_v0p3_cmqa_early_name_recall,fpga_h2o_plus_service_clean_victim_cache16_v245,H2O + victim cache,14.714,41.471,4.025838,441692.0,1274,delivery/paper/repro_audit/longctx_table1_32_32_perf_20260605/replay_reports/table1_controls_32_32/run_20260605_202028_mistral7_23d086_mistral7_b717ce/hit_miss_amat_summary.csv
mistral_7b_instruct_v0p3,32k,32k_mistral_7b_instruct_v0p3_cmqa_policy_recall,fpga_h2o_plus_service_clean_victim_cache16_v245,H2O + victim cache,26.79,33.366,4.007646,439565.0,1025,delivery/paper/repro_audit/longctx_table1_32_32_perf_20260605/replay_reports/table1_controls_32_32/run_20260605_202028_mistral7_23d086_mistral7_b717ce/hit_miss_amat_summary.csv
mistral_7b_instruct_v0p3,32k,32k_mistral_7b_instruct_v0p3_cmqa_anchor_reasoning,fpga_h2o_plus_service_clean_victim_cache16_v245,H2O + victim cache,24.544,39.518,4.021525,440615.0,1214,delivery/paper/repro_audit/longctx_table1_32_32_perf_20260605/replay_reports/table1_controls_32_32/run_20260605_202028_mistral7_23d086_mistral7_b717ce/hit_miss_amat_summary.csv
mistral_7b_instruct_v0p3,32k,32k_mistral_7b_instruct_v0p3_cmqa_backend_recall,fpga_h2o_plus_service_clean_victim_cache16_v245,H2O + victim cache,27.539,36.589,4.014879,440162.0,1124,delivery/paper/repro_audit/longctx_table1_32_32_perf_20260605/replay_reports/table1_controls_32_32/run_20260605_202028_mistral7_23d086_mistral7_b717ce/hit_miss_amat_summary.csv
mistral_7b_instruct_v0p3,32k,32k_mistral_7b_instruct_v0p3_cmqa_field_recall,fpga_h2o_plus_service_clean_victim_cache16_v245,H2O + victim cache,24.316,35.872,4.013234,440102.0,1102,delivery/paper/repro_audit/longctx_table1_32_32_perf_20260605/replay_reports/table1_controls_32_32/run_20260605_202028_mistral7_23d086_mistral7_b717ce/hit_miss_amat_summary.csv
mistral_7b_instruct_v0p3,32k,32k_mistral_7b_instruct_v0p3_cmqa_epoch_memory,fpga_h2o_plus_service_clean_victim_cache16_v245,H2O + victim cache,16.341,37.24,4.016343,439949.0,1144,delivery/paper/repro_audit/longctx_table1_32_32_perf_20260605/replay_reports/table1_controls_32_32/run_20260605_202028_mistral7_23d086_mistral7_b717ce/hit_miss_amat_summary.csv
mistral_7b_instruct_v0p3,32k,32k_mistral_7b_instruct_v0p3_cmqa_budget_memory,fpga_h2o_plus_service_clean_victim_cache16_v245,H2O + victim cache,27.116,37.533,4.01705,440310.0,1153,delivery/paper/repro_audit/longctx_table1_32_32_perf_20260605/replay_reports/table1_controls_32_32/run_20260605_202028_mistral7_23d086_mistral7_b717ce/hit_miss_amat_summary.csv
mistral_7b_instruct_v0p3,32k,32k_mistral_7b_instruct_v0p3_mdqa_cross_doc_role,fpga_h2o_plus_service_strict_miss_prefetch_v206,H2O + guarded prefetch,41.569,36.491,4.014954,440532.0,1121,delivery/paper/repro_audit/longctx_table1_32_32_perf_20260605/replay_reports/table1_controls_32_32/run_20260605_202028_mistral7_23d086_mistral7_b717ce/hit_miss_amat_summary.csv
mistral_7b_instruct_v0p3,32k,32k_mistral_7b_instruct_v0p3_mdqa_component_match,fpga_h2o_plus_service_strict_miss_prefetch_v206,H2O + guarded prefetch,16.211,53.353,4.053475,442373.0,1648,delivery/paper/repro_audit/longctx_table1_32_32_perf_20260605/replay_reports/table1_controls_32_32/run_20260605_202028_mistral7_23d086_mistral7_b717ce/hit_miss_amat_summary.csv
mistral_7b_instruct_v0p3,32k,32k_mistral_7b_instruct_v0p3_mdqa_two_hop_summary,fpga_h2o_plus_service_strict_miss_prefetch_v206,H2O + guarded prefetch,35.579,40.43,4.024161,441160.0,1247,delivery/paper/repro_audit/longctx_table1_32_32_perf_20260605/replay_reports/table1_controls_32_32/run_20260605_202028_mistral7_23d086_mistral7_b717ce/hit_miss_amat_summary.csv
mistral_7b_instruct_v0p3,32k,32k_mistral_7b_instruct_v0p3_mdqa_cross_doc_priority,fpga_h2o_plus_service_strict_miss_prefetch_v206,H2O + guarded prefetch,33.659,41.211,4.025578,441361.0,1270,delivery/paper/repro_audit/longctx_table1_32_32_perf_20260605/replay_reports/table1_controls_32_32/run_20260605_202028_mistral7_23d086_mistral7_b717ce/hit_miss_amat_summary.csv
mistral_7b_instruct_v0p3,32k,32k_mistral_7b_instruct_v0p3_mdqa_chain_descriptor_fields,fpga_h2o_plus_service_strict_miss_prefetch_v206,H2O + guarded prefetch,34.635,46.354,4.037047,441882.0,1424,delivery/paper/repro_audit/longctx_table1_32_32_perf_20260605/replay_reports/table1_controls_32_32/run_20260605_202028_mistral7_23d086_mistral7_b717ce/hit_miss_amat_summary.csv
mistral_7b_instruct_v0p3,32k,32k_mistral_7b_instruct_v0p3_mdqa_three_stage_lookup,fpga_h2o_plus_service_strict_miss_prefetch_v206,H2O + guarded prefetch,33.105,38.607,4.019692,440803.0,1188,delivery/paper/repro_audit/longctx_table1_32_32_perf_20260605/replay_reports/table1_controls_32_32/run_20260605_202028_mistral7_23d086_mistral7_b717ce/hit_miss_amat_summary.csv
mistral_7b_instruct_v0p3,32k,32k_mistral_7b_instruct_v0p3_mdqa_compression_guard,fpga_h2o_plus_service_strict_miss_prefetch_v206,H2O + guarded prefetch,26.074,42.773,4.029581,441164.0,1321,delivery/paper/repro_audit/longctx_table1_32_32_perf_20260605/replay_reports/table1_controls_32_32/run_20260605_202028_mistral7_23d086_mistral7_b717ce/hit_miss_amat_summary.csv
mistral_7b_instruct_v0p3,32k,32k_mistral_7b_instruct_v0p3_mdqa_query_cost_chain,fpga_h2o_plus_service_strict_miss_prefetch_v206,H2O + guarded prefetch,34.473,37.174,4.016946,440720.0,1150,delivery/paper/repro_audit/longctx_table1_32_32_perf_20260605/replay_reports/table1_controls_32_32/run_20260605_202028_mistral7_23d086_mistral7_b717ce/hit_miss_amat_summary.csv
mistral_7b_instruct_v0p3,32k,32k_mistral_7b_instruct_v0p3_mdqa_head_budget_allocation,fpga_h2o_plus_service_strict_miss_prefetch_v206,H2O + guarded prefetch,36.361,41.895,4.026992,441823.0,1288,delivery/paper/repro_audit/longctx_table1_32_32_perf_20260605/replay_reports/table1_controls_32_32/run_20260605_202028_mistral7_23d086_mistral7_b717ce/hit_miss_amat_summary.csv
mistral_7b_instruct_v0p3,32k,32k_mistral_7b_instruct_v0p3_mdqa_backend_admission_reason,fpga_h2o_plus_service_strict_miss_prefetch_v206,H2O + guarded prefetch,34.115,42.448,4.02818,441643.0,1305,delivery/paper/repro_audit/longctx_table1_32_32_perf_20260605/replay_reports/table1_controls_32_32/run_20260605_202028_mistral7_23d086_mistral7_b717ce/hit_miss_amat_summary.csv
mistral_7b_instruct_v0p3,32k,32k_mistral_7b_instruct_v0p3_lcqa_anchor_timeline,fpga_h2o_plus_service_strict_miss_prefetch_v206,H2O + guarded prefetch,27.507,44.303,4.032629,441424.0,1365,delivery/paper/repro_audit/longctx_table1_32_32_perf_20260605/replay_reports/table1_controls_32_32/run_20260605_202028_mistral7_23d086_mistral7_b717ce/hit_miss_amat_summary.csv
mistral_7b_instruct_v0p3,32k,32k_mistral_7b_instruct_v0p3_lcqa_revision_policy,fpga_h2o_plus_service_strict_miss_prefetch_v206,H2O + guarded prefetch,26.432,43.099,4.029907,441134.0,1328,delivery/paper/repro_audit/longctx_table1_32_32_perf_20260605/replay_reports/table1_controls_32_32/run_20260605_202028_mistral7_23d086_mistral7_b717ce/hit_miss_amat_summary.csv
mistral_7b_instruct_v0p3,32k,32k_mistral_7b_instruct_v0p3_lcqa_sparse_fact,fpga_h2o_plus_service_strict_miss_prefetch_v206,H2O + guarded prefetch,24.056,46.68,4.03789,441678.0,1437,delivery/paper/repro_audit/longctx_table1_32_32_perf_20260605/replay_reports/table1_controls_32_32/run_20260605_202028_mistral7_23d086_mistral7_b717ce/hit_miss_amat_summary.csv
mistral_7b_instruct_v0p3,32k,32k_mistral_7b_instruct_v0p3_lcqa_dual_anchor_incident,fpga_h2o_plus_service_strict_miss_prefetch_v206,H2O + guarded prefetch,32.259,40.723,4.024338,441694.0,1253,delivery/paper/repro_audit/longctx_table1_32_32_perf_20260605/replay_reports/table1_controls_32_32/run_20260605_202028_mistral7_23d086_mistral7_b717ce/hit_miss_amat_summary.csv
mistral_7b_instruct_v0p3,32k,32k_mistral_7b_instruct_v0p3_lcqa_backend_priority_rule,fpga_h2o_plus_service_strict_miss_prefetch_v206,H2O + guarded prefetch,47.461,27.93,3.995602,439264.0,860,delivery/paper/repro_audit/longctx_table1_32_32_perf_20260605/replay_reports/table1_controls_32_32/run_20260605_202028_mistral7_23d086_mistral7_b717ce/hit_miss_amat_summary.csv
mistral_7b_instruct_v0p3,32k,32k_mistral_7b_instruct_v0p3_lcqa_epoch_window_recall,fpga_h2o_plus_service_strict_miss_prefetch_v206,H2O + guarded prefetch,34.473,39.974,4.023031,441396.0,1232,delivery/paper/repro_audit/longctx_table1_32_32_perf_20260605/replay_reports/table1_controls_32_32/run_20260605_202028_mistral7_23d086_mistral7_b717ce/hit_miss_amat_summary.csv
mistral_7b_instruct_v0p3,32k,32k_mistral_7b_instruct_v0p3_lcqa_dual_budget_rule,fpga_h2o_plus_service_strict_miss_prefetch_v206,H2O + guarded prefetch,20.085,45.898,4.036147,442605.0,1414,delivery/paper/repro_audit/longctx_table1_32_32_perf_20260605/replay_reports/table1_controls_32_32/run_20260605_202028_mistral7_23d086_mistral7_b717ce/hit_miss_amat_summary.csv
mistral_7b_instruct_v0p3,32k,32k_mistral_7b_instruct_v0p3_lcqa_query_relevance_note,fpga_h2o_plus_service_strict_miss_prefetch_v206,H2O + guarded prefetch,34.245,39.844,4.022516,441413.0,1227,delivery/paper/repro_audit/longctx_table1_32_32_perf_20260605/replay_reports/table1_controls_32_32/run_20260605_202028_mistral7_23d086_mistral7_b717ce/hit_miss_amat_summary.csv
mistral_7b_instruct_v0p3,32k,32k_mistral_7b_instruct_v0p3_lcqa_spill_cost_reason,fpga_h2o_plus_service_strict_miss_prefetch_v206,H2O + guarded prefetch,26.497,45.443,4.035831,442322.0,1406,delivery/paper/repro_audit/longctx_table1_32_32_perf_20260605/replay_reports/table1_controls_32_32/run_20260605_202028_mistral7_23d086_mistral7_b717ce/hit_miss_amat_summary.csv
mistral_7b_instruct_v0p3,32k,32k_mistral_7b_instruct_v0p3_lcqa_head_budget_rule,fpga_h2o_plus_service_strict_miss_prefetch_v206,H2O + guarded prefetch,50.716,27.214,3.994064,439263.0,839,delivery/paper/repro_audit/longctx_table1_32_32_perf_20260605/replay_reports/table1_controls_32_32/run_20260605_202028_mistral7_23d086_mistral7_b717ce/hit_miss_amat_summary.csv
mistral_7b_instruct_v0p3,32k,32k_mistral_7b_instruct_v0p3_cmqa_early_name_recall,fpga_h2o_plus_service_strict_miss_prefetch_v206,H2O + guarded prefetch,14.779,58.431,4.06417,444309.0,1796,delivery/paper/repro_audit/longctx_table1_32_32_perf_20260605/replay_reports/table1_controls_32_32/run_20260605_202028_mistral7_23d086_mistral7_b717ce/hit_miss_amat_summary.csv
mistral_7b_instruct_v0p3,32k,32k_mistral_7b_instruct_v0p3_cmqa_policy_recall,fpga_h2o_plus_service_strict_miss_prefetch_v206,H2O + guarded prefetch,26.79,48.991,4.04312,441982.0,1508,delivery/paper/repro_audit/longctx_table1_32_32_perf_20260605/replay_reports/table1_controls_32_32/run_20260605_202028_mistral7_23d086_mistral7_b717ce/hit_miss_amat_summary.csv
mistral_7b_instruct_v0p3,32k,32k_mistral_7b_instruct_v0p3_cmqa_anchor_reasoning,fpga_h2o_plus_service_strict_miss_prefetch_v206,H2O + guarded prefetch,24.544,53.841,4.054173,442840.0,1658,delivery/paper/repro_audit/longctx_table1_32_32_perf_20260605/replay_reports/table1_controls_32_32/run_20260605_202028_mistral7_23d086_mistral7_b717ce/hit_miss_amat_summary.csv
mistral_7b_instruct_v0p3,32k,32k_mistral_7b_instruct_v0p3_cmqa_backend_recall,fpga_h2o_plus_service_strict_miss_prefetch_v206,H2O + guarded prefetch,27.572,51.009,4.04779,442405.0,1571,delivery/paper/repro_audit/longctx_table1_32_32_perf_20260605/replay_reports/table1_controls_32_32/run_20260605_202028_mistral7_23d086_mistral7_b717ce/hit_miss_amat_summary.csv
mistral_7b_instruct_v0p3,32k,32k_mistral_7b_instruct_v0p3_cmqa_field_recall,fpga_h2o_plus_service_strict_miss_prefetch_v206,H2O + guarded prefetch,24.316,53.32,4.053022,442814.0,1643,delivery/paper/repro_audit/longctx_table1_32_32_perf_20260605/replay_reports/table1_controls_32_32/run_20260605_202028_mistral7_23d086_mistral7_b717ce/hit_miss_amat_summary.csv
mistral_7b_instruct_v0p3,32k,32k_mistral_7b_instruct_v0p3_cmqa_epoch_memory,fpga_h2o_plus_service_strict_miss_prefetch_v206,H2O + guarded prefetch,16.341,53.418,4.052978,442444.0,1641,delivery/paper/repro_audit/longctx_table1_32_32_perf_20260605/replay_reports/table1_controls_32_32/run_20260605_202028_mistral7_23d086_mistral7_b717ce/hit_miss_amat_summary.csv
mistral_7b_instruct_v0p3,32k,32k_mistral_7b_instruct_v0p3_cmqa_budget_memory,fpga_h2o_plus_service_strict_miss_prefetch_v206,H2O + guarded prefetch,27.116,51.237,4.048318,442441.0,1579,delivery/paper/repro_audit/longctx_table1_32_32_perf_20260605/replay_reports/table1_controls_32_32/run_20260605_202028_mistral7_23d086_mistral7_b717ce/hit_miss_amat_summary.csv
qwen2p5_14b_instruct,32k,32k_qwen2p5_14b_instruct_mdqa_cross_doc_role,baseline,Traditional cache,26.237,48.047,4.055379,442660.0,1521,delivery/paper/repro_audit/longctx_table1_32_32_perf_20260605/replay_reports/table1_controls_32_32/run_20260605_212425_qwen2p51_b101b4_qwen2p51_0e3828/hit_miss_amat_summary.csv
qwen2p5_14b_instruct,32k,32k_qwen2p5_14b_instruct_mdqa_component_match,baseline,Traditional cache,30.078,43.62,4.043887,442139.0,1366,delivery/paper/repro_audit/longctx_table1_32_32_perf_20260605/replay_reports/table1_controls_32_32/run_20260605_212425_qwen2p51_b101b4_qwen2p51_0e3828/hit_miss_amat_summary.csv
qwen2p5_14b_instruct,32k,32k_qwen2p5_14b_instruct_mdqa_two_hop_summary,baseline,Traditional cache,23.893,48.861,4.056327,442777.0,1537,delivery/paper/repro_audit/longctx_table1_32_32_perf_20260605/replay_reports/table1_controls_32_32/run_20260605_212425_qwen2p51_b101b4_qwen2p51_0e3828/hit_miss_amat_summary.csv
qwen2p5_14b_instruct,32k,32k_qwen2p5_14b_instruct_mdqa_cross_doc_priority,baseline,Traditional cache,29.72,40.592,4.037659,441453.0,1280,delivery/paper/repro_audit/longctx_table1_32_32_perf_20260605/replay_reports/table1_controls_32_32/run_20260605_212425_qwen2p51_b101b4_qwen2p51_0e3828/hit_miss_amat_summary.csv
qwen2p5_14b_instruct,32k,32k_qwen2p5_14b_instruct_mdqa_chain_descriptor_fields,baseline,Traditional cache,28.06,41.504,4.039396,441676.0,1305,delivery/paper/repro_audit/longctx_table1_32_32_perf_20260605/replay_reports/table1_controls_32_32/run_20260605_212425_qwen2p51_b101b4_qwen2p51_0e3828/hit_miss_amat_summary.csv
qwen2p5_14b_instruct,32k,32k_qwen2p5_14b_instruct_mdqa_three_stage_lookup,baseline,Traditional cache,28.06,47.233,4.052863,442541.0,1490,delivery/paper/repro_audit/longctx_table1_32_32_perf_20260605/replay_reports/table1_controls_32_32/run_20260605_212425_qwen2p51_b101b4_qwen2p51_0e3828/hit_miss_amat_summary.csv
qwen2p5_14b_instruct,32k,32k_qwen2p5_14b_instruct_mdqa_compression_guard,baseline,Traditional cache,27.018,41.439,4.039969,441715.0,1313,delivery/paper/repro_audit/longctx_table1_32_32_perf_20260605/replay_reports/table1_controls_32_32/run_20260605_212425_qwen2p51_b101b4_qwen2p51_0e3828/hit_miss_amat_summary.csv
qwen2p5_14b_instruct,32k,32k_qwen2p5_14b_instruct_mdqa_query_cost_chain,baseline,Traditional cache,30.501,38.411,4.032248,441189.0,1207,delivery/paper/repro_audit/longctx_table1_32_32_perf_20260605/replay_reports/table1_controls_32_32/run_20260605_212425_qwen2p51_b101b4_qwen2p51_0e3828/hit_miss_amat_summary.csv
qwen2p5_14b_instruct,32k,32k_qwen2p5_14b_instruct_mdqa_head_budget_allocation,baseline,Traditional cache,19.01,51.237,4.06286,443117.0,1624,delivery/paper/repro_audit/longctx_table1_32_32_perf_20260605/replay_reports/table1_controls_32_32/run_20260605_212425_qwen2p51_b101b4_qwen2p51_0e3828/hit_miss_amat_summary.csv
qwen2p5_14b_instruct,32k,32k_qwen2p5_14b_instruct_mdqa_backend_admission_reason,baseline,Traditional cache,29.818,41.667,4.040714,442603.0,1324,delivery/paper/repro_audit/longctx_table1_32_32_perf_20260605/replay_reports/table1_controls_32_32/run_20260605_212425_qwen2p51_b101b4_qwen2p51_0e3828/hit_miss_amat_summary.csv
qwen2p5_14b_instruct,32k,32k_qwen2p5_14b_instruct_lcqa_anchor_timeline,baseline,Traditional cache,33.366,39.811,4.035094,441592.0,1247,delivery/paper/repro_audit/longctx_table1_32_32_perf_20260605/replay_reports/table1_controls_32_32/run_20260605_212425_qwen2p51_b101b4_qwen2p51_0e3828/hit_miss_amat_summary.csv
qwen2p5_14b_instruct,32k,32k_qwen2p5_14b_instruct_lcqa_revision_policy,baseline,Traditional cache,33.626,36.426,4.026819,441028.0,1135,delivery/paper/repro_audit/longctx_table1_32_32_perf_20260605/replay_reports/table1_controls_32_32/run_20260605_212425_qwen2p51_b101b4_qwen2p51_0e3828/hit_miss_amat_summary.csv
qwen2p5_14b_instruct,32k,32k_qwen2p5_14b_instruct_lcqa_sparse_fact,baseline,Traditional cache,28.06,46.777,4.051984,442586.0,1476,delivery/paper/repro_audit/longctx_table1_32_32_perf_20260605/replay_reports/table1_controls_32_32/run_20260605_212425_qwen2p51_b101b4_qwen2p51_0e3828/hit_miss_amat_summary.csv
qwen2p5_14b_instruct,32k,32k_qwen2p5_14b_instruct_lcqa_dual_anchor_incident,baseline,Traditional cache,35.124,37.207,4.030924,441987.0,1191,delivery/paper/repro_audit/longctx_table1_32_32_perf_20260605/replay_reports/table1_controls_32_32/run_20260605_212425_qwen2p51_b101b4_qwen2p51_0e3828/hit_miss_amat_summary.csv
qwen2p5_14b_instruct,32k,32k_qwen2p5_14b_instruct_lcqa_backend_priority_rule,baseline,Traditional cache,28.19,43.717,4.045757,442057.0,1391,delivery/paper/repro_audit/longctx_table1_32_32_perf_20260605/replay_reports/table1_controls_32_32/run_20260605_212425_qwen2p51_b101b4_qwen2p51_0e3828/hit_miss_amat_summary.csv
qwen2p5_14b_instruct,32k,32k_qwen2p5_14b_instruct_lcqa_epoch_window_recall,baseline,Traditional cache,22.461,47.949,4.055782,442635.0,1528,delivery/paper/repro_audit/longctx_table1_32_32_perf_20260605/replay_reports/table1_controls_32_32/run_20260605_212425_qwen2p51_b101b4_qwen2p51_0e3828/hit_miss_amat_summary.csv
qwen2p5_14b_instruct,32k,32k_qwen2p5_14b_instruct_lcqa_dual_budget_rule,baseline,Traditional cache,22.298,48.665,4.056472,442682.0,1538,delivery/paper/repro_audit/longctx_table1_32_32_perf_20260605/replay_reports/table1_controls_32_32/run_20260605_212425_qwen2p51_b101b4_qwen2p51_0e3828/hit_miss_amat_summary.csv
qwen2p5_14b_instruct,32k,32k_qwen2p5_14b_instruct_lcqa_query_relevance_note,baseline,Traditional cache,24.219,45.41,4.048362,443125.0,1428,delivery/paper/repro_audit/longctx_table1_32_32_perf_20260605/replay_reports/table1_controls_32_32/run_20260605_212425_qwen2p51_b101b4_qwen2p51_0e3828/hit_miss_amat_summary.csv
qwen2p5_14b_instruct,32k,32k_qwen2p5_14b_instruct_lcqa_spill_cost_reason,baseline,Traditional cache,21.94,48.405,4.056273,443665.0,1536,delivery/paper/repro_audit/longctx_table1_32_32_perf_20260605/replay_reports/table1_controls_32_32/run_20260605_212425_qwen2p51_b101b4_qwen2p51_0e3828/hit_miss_amat_summary.csv
qwen2p5_14b_instruct,32k,32k_qwen2p5_14b_instruct_lcqa_head_budget_rule,baseline,Traditional cache,25.065,42.643,4.042063,441753.0,1340,delivery/paper/repro_audit/longctx_table1_32_32_perf_20260605/replay_reports/table1_controls_32_32/run_20260605_212425_qwen2p51_b101b4_qwen2p51_0e3828/hit_miss_amat_summary.csv
qwen2p5_14b_instruct,32k,32k_qwen2p5_14b_instruct_cmqa_early_name_recall,baseline,Traditional cache,20.736,52.572,4.067393,444424.0,1689,delivery/paper/repro_audit/longctx_table1_32_32_perf_20260605/replay_reports/table1_controls_32_32/run_20260605_212425_qwen2p51_b101b4_qwen2p51_0e3828/hit_miss_amat_summary.csv
qwen2p5_14b_instruct,32k,32k_qwen2p5_14b_instruct_cmqa_policy_recall,baseline,Traditional cache,27.702,43.132,4.044626,442137.0,1378,delivery/paper/repro_audit/longctx_table1_32_32_perf_20260605/replay_reports/table1_controls_32_32/run_20260605_212425_qwen2p51_b101b4_qwen2p51_0e3828/hit_miss_amat_summary.csv
qwen2p5_14b_instruct,32k,32k_qwen2p5_14b_instruct_cmqa_anchor_reasoning,baseline,Traditional cache,20.833,52.799,4.066566,443527.0,1675,delivery/paper/repro_audit/longctx_table1_32_32_perf_20260605/replay_reports/table1_controls_32_32/run_20260605_212425_qwen2p51_b101b4_qwen2p51_0e3828/hit_miss_amat_summary.csv
qwen2p5_14b_instruct,32k,32k_qwen2p5_14b_instruct_cmqa_backend_recall,baseline,Traditional cache,20.605,53.483,4.067718,443658.0,1691,delivery/paper/repro_audit/longctx_table1_32_32_perf_20260605/replay_reports/table1_controls_32_32/run_20260605_212425_qwen2p51_b101b4_qwen2p51_0e3828/hit_miss_amat_summary.csv
qwen2p5_14b_instruct,32k,32k_qwen2p5_14b_instruct_cmqa_field_recall,baseline,Traditional cache,16.309,57.552,4.077404,444318.0,1823,delivery/paper/repro_audit/longctx_table1_32_32_perf_20260605/replay_reports/table1_controls_32_32/run_20260605_212425_qwen2p51_b101b4_qwen2p51_0e3828/hit_miss_amat_summary.csv
qwen2p5_14b_instruct,32k,32k_qwen2p5_14b_instruct_cmqa_epoch_memory,baseline,Traditional cache,15.983,56.673,4.074545,444281.0,1785,delivery/paper/repro_audit/longctx_table1_32_32_perf_20260605/replay_reports/table1_controls_32_32/run_20260605_212425_qwen2p51_b101b4_qwen2p51_0e3828/hit_miss_amat_summary.csv
qwen2p5_14b_instruct,32k,32k_qwen2p5_14b_instruct_cmqa_budget_memory,baseline,Traditional cache,18.75,53.939,4.069073,443908.0,1710,delivery/paper/repro_audit/longctx_table1_32_32_perf_20260605/replay_reports/table1_controls_32_32/run_20260605_212425_qwen2p51_b101b4_qwen2p51_0e3828/hit_miss_amat_summary.csv
qwen2p5_14b_instruct,32k,32k_qwen2p5_14b_instruct_mdqa_cross_doc_role,fpga_true_h2o_pure,Pure H2O,26.107,47.298,4.052458,442461.0,1483,delivery/paper/repro_audit/longctx_table1_32_32_perf_20260605/replay_reports/table1_controls_32_32/run_20260605_212425_qwen2p51_b101b4_qwen2p51_0e3828/hit_miss_amat_summary.csv
qwen2p5_14b_instruct,32k,32k_qwen2p5_14b_instruct_mdqa_component_match,fpga_true_h2o_pure,Pure H2O,29.948,46.549,4.049536,442524.0,1443,delivery/paper/repro_audit/longctx_table1_32_32_perf_20260605/replay_reports/table1_controls_32_32/run_20260605_212425_qwen2p51_b101b4_qwen2p51_0e3828/hit_miss_amat_summary.csv
qwen2p5_14b_instruct,32k,32k_qwen2p5_14b_instruct_mdqa_two_hop_summary,fpga_true_h2o_pure,Pure H2O,24.121,49.284,4.056327,442777.0,1536,delivery/paper/repro_audit/longctx_table1_32_32_perf_20260605/replay_reports/table1_controls_32_32/run_20260605_212425_qwen2p51_b101b4_qwen2p51_0e3828/hit_miss_amat_summary.csv
qwen2p5_14b_instruct,32k,32k_qwen2p5_14b_instruct_mdqa_cross_doc_priority,fpga_true_h2o_pure,Pure H2O,29.525,47.396,4.052032,442432.0,1477,delivery/paper/repro_audit/longctx_table1_32_32_perf_20260605/replay_reports/table1_controls_32_32/run_20260605_212425_qwen2p51_b101b4_qwen2p51_0e3828/hit_miss_amat_summary.csv
qwen2p5_14b_instruct,32k,32k_qwen2p5_14b_instruct_mdqa_chain_descriptor_fields,fpga_true_h2o_pure,Pure H2O,27.865,47.917,4.053458,442634.0,1497,delivery/paper/repro_audit/longctx_table1_32_32_perf_20260605/replay_reports/table1_controls_32_32/run_20260605_212425_qwen2p51_b101b4_qwen2p51_0e3828/hit_miss_amat_summary.csv
qwen2p5_14b_instruct,32k,32k_qwen2p5_14b_instruct_mdqa_three_stage_lookup,fpga_true_h2o_pure,Pure H2O,28.092,48.34,4.055211,442701.0,1522,delivery/paper/repro_audit/longctx_table1_32_32_perf_20260605/replay_reports/table1_controls_32_32/run_20260605_212425_qwen2p51_b101b4_qwen2p51_0e3828/hit_miss_amat_summary.csv
qwen2p5_14b_instruct,32k,32k_qwen2p5_14b_instruct_mdqa_compression_guard,fpga_true_h2o_pure,Pure H2O,26.823,45.085,4.048306,442283.0,1427,delivery/paper/repro_audit/longctx_table1_32_32_perf_20260605/replay_reports/table1_controls_32_32/run_20260605_212425_qwen2p51_b101b4_qwen2p51_0e3828/hit_miss_amat_summary.csv
qwen2p5_14b_instruct,32k,32k_qwen2p5_14b_instruct_mdqa_query_cost_chain,fpga_true_h2o_pure,Pure H2O,30.436,48.34,4.054354,442695.0,1508,delivery/paper/repro_audit/longctx_table1_32_32_perf_20260605/replay_reports/table1_controls_32_32/run_20260605_212425_qwen2p51_b101b4_qwen2p51_0e3828/hit_miss_amat_summary.csv
qwen2p5_14b_instruct,32k,32k_qwen2p5_14b_instruct_mdqa_head_budget_allocation,fpga_true_h2o_pure,Pure H2O,18.783,57.031,4.074724,443925.0,1786,delivery/paper/repro_audit/longctx_table1_32_32_perf_20260605/replay_reports/table1_controls_32_32/run_20260605_212425_qwen2p51_b101b4_qwen2p51_0e3828/hit_miss_amat_summary.csv
qwen2p5_14b_instruct,32k,32k_qwen2p5_14b_instruct_mdqa_backend_admission_reason,fpga_true_h2o_pure,Pure H2O,29.785,47.135,4.05242,443402.0,1484,delivery/paper/repro_audit/longctx_table1_32_32_perf_20260605/replay_reports/table1_controls_32_32/run_20260605_212425_qwen2p51_b101b4_qwen2p51_0e3828/hit_miss_amat_summary.csv
qwen2p5_14b_instruct,32k,32k_qwen2p5_14b_instruct_lcqa_anchor_timeline,fpga_true_h2o_pure,Pure H2O,32.747,44.043,4.043867,442190.0,1367,delivery/paper/repro_audit/longctx_table1_32_32_perf_20260605/replay_reports/table1_controls_32_32/run_20260605_212425_qwen2p51_b101b4_qwen2p51_0e3828/hit_miss_amat_summary.csv
qwen2p5_14b_instruct,32k,32k_qwen2p5_14b_instruct_lcqa_revision_policy,fpga_true_h2o_pure,Pure H2O,33.626,38.672,4.031587,441353.0,1199,delivery/paper/repro_audit/longctx_table1_32_32_perf_20260605/replay_reports/table1_controls_32_32/run_20260605_212425_qwen2p51_b101b4_qwen2p51_0e3828/hit_miss_amat_summary.csv
qwen2p5_14b_instruct,32k,32k_qwen2p5_14b_instruct_lcqa_sparse_fact,fpga_true_h2o_pure,Pure H2O,27.93,50.391,4.05831,443017.0,1563,delivery/paper/repro_audit/longctx_table1_32_32_perf_20260605/replay_reports/table1_controls_32_32/run_20260605_212425_qwen2p51_b101b4_qwen2p51_0e3828/hit_miss_amat_summary.csv
qwen2p5_14b_instruct,32k,32k_qwen2p5_14b_instruct_lcqa_dual_anchor_incident,fpga_true_h2o_pure,Pure H2O,35.059,43.457,4.044079,442885.0,1370,delivery/paper/repro_audit/longctx_table1_32_32_perf_20260605/replay_reports/table1_controls_32_32/run_20260605_212425_qwen2p51_b101b4_qwen2p51_0e3828/hit_miss_amat_summary.csv
qwen2p5_14b_instruct,32k,32k_qwen2p5_14b_instruct_lcqa_backend_priority_rule,fpga_true_h2o_pure,Pure H2O,28.158,50.26,4.060672,443073.0,1595,delivery/paper/repro_audit/longctx_table1_32_32_perf_20260605/replay_reports/table1_controls_32_32/run_20260605_212425_qwen2p51_b101b4_qwen2p51_0e3828/hit_miss_amat_summary.csv
qwen2p5_14b_instruct,32k,32k_qwen2p5_14b_instruct_lcqa_epoch_window_recall,fpga_true_h2o_pure,Pure H2O,22.526,53.548,4.067779,443452.0,1693,delivery/paper/repro_audit/longctx_table1_32_32_perf_20260605/replay_reports/table1_controls_32_32/run_20260605_212425_qwen2p51_b101b4_qwen2p51_0e3828/hit_miss_amat_summary.csv
qwen2p5_14b_instruct,32k,32k_qwen2p5_14b_instruct_lcqa_dual_budget_rule,fpga_true_h2o_pure,Pure H2O,22.233,49.089,4.056884,442710.0,1546,delivery/paper/repro_audit/longctx_table1_32_32_perf_20260605/replay_reports/table1_controls_32_32/run_20260605_212425_qwen2p51_b101b4_qwen2p51_0e3828/hit_miss_amat_summary.csv
qwen2p5_14b_instruct,32k,32k_qwen2p5_14b_instruct_lcqa_query_relevance_note,fpga_true_h2o_pure,Pure H2O,24.219,53.288,4.06524,444277.0,1658,delivery/paper/repro_audit/longctx_table1_32_32_perf_20260605/replay_reports/table1_controls_32_32/run_20260605_212425_qwen2p51_b101b4_qwen2p51_0e3828/hit_miss_amat_summary.csv
qwen2p5_14b_instruct,32k,32k_qwen2p5_14b_instruct_lcqa_spill_cost_reason,fpga_true_h2o_pure,Pure H2O,21.94,54.72,4.070485,444635.0,1731,delivery/paper/repro_audit/longctx_table1_32_32_perf_20260605/replay_reports/table1_controls_32_32/run_20260605_212425_qwen2p51_b101b4_qwen2p51_0e3828/hit_miss_amat_summary.csv
qwen2p5_14b_instruct,32k,32k_qwen2p5_14b_instruct_lcqa_head_budget_rule,fpga_true_h2o_pure,Pure H2O,24.707,43.034,4.042327,441771.0,1346,delivery/paper/repro_audit/longctx_table1_32_32_perf_20260605/replay_reports/table1_controls_32_32/run_20260605_212425_qwen2p51_b101b4_qwen2p51_0e3828/hit_miss_amat_summary.csv
qwen2p5_14b_instruct,32k,32k_qwen2p5_14b_instruct_cmqa_early_name_recall,fpga_true_h2o_pure,Pure H2O,20.703,52.832,4.06732,444419.0,1689,delivery/paper/repro_audit/longctx_table1_32_32_perf_20260605/replay_reports/table1_controls_32_32/run_20260605_212425_qwen2p51_b101b4_qwen2p51_0e3828/hit_miss_amat_summary.csv
qwen2p5_14b_instruct,32k,32k_qwen2p5_14b_instruct_cmqa_policy_recall,fpga_true_h2o_pure,Pure H2O,27.572,48.6,4.055691,442891.0,1528,delivery/paper/repro_audit/longctx_table1_32_32_perf_20260605/replay_reports/table1_controls_32_32/run_20260605_212425_qwen2p51_b101b4_qwen2p51_0e3828/hit_miss_amat_summary.csv
qwen2p5_14b_instruct,32k,32k_qwen2p5_14b_instruct_cmqa_anchor_reasoning,fpga_true_h2o_pure,Pure H2O,20.768,57.454,4.076004,444170.0,1804,delivery/paper/repro_audit/longctx_table1_32_32_perf_20260605/replay_reports/table1_controls_32_32/run_20260605_212425_qwen2p51_b101b4_qwen2p51_0e3828/hit_miss_amat_summary.csv
qwen2p5_14b_instruct,32k,32k_qwen2p5_14b_instruct_cmqa_backend_recall,fpga_true_h2o_pure,Pure H2O,20.117,58.431,4.077771,444343.0,1828,delivery/paper/repro_audit/longctx_table1_32_32_perf_20260605/replay_reports/table1_controls_32_32/run_20260605_212425_qwen2p51_b101b4_qwen2p51_0e3828/hit_miss_amat_summary.csv
qwen2p5_14b_instruct,32k,32k_qwen2p5_14b_instruct_cmqa_field_recall,fpga_true_h2o_pure,Pure H2O,18.555,60.352,4.082321,444653.0,1891,delivery/paper/repro_audit/longctx_table1_32_32_perf_20260605/replay_reports/table1_controls_32_32/run_20260605_212425_qwen2p51_b101b4_qwen2p51_0e3828/hit_miss_amat_summary.csv
qwen2p5_14b_instruct,32k,32k_qwen2p5_14b_instruct_cmqa_epoch_memory,fpga_true_h2o_pure,Pure H2O,15.69,58.105,4.077318,444470.0,1822,delivery/paper/repro_audit/longctx_table1_32_32_perf_20260605/replay_reports/table1_controls_32_32/run_20260605_212425_qwen2p51_b101b4_qwen2p51_0e3828/hit_miss_amat_summary.csv
qwen2p5_14b_instruct,32k,32k_qwen2p5_14b_instruct_cmqa_budget_memory,fpga_true_h2o_pure,Pure H2O,17.155,60.384,4.082629,444832.0,1895,delivery/paper/repro_audit/longctx_table1_32_32_perf_20260605/replay_reports/table1_controls_32_32/run_20260605_212425_qwen2p51_b101b4_qwen2p51_0e3828/hit_miss_amat_summary.csv
qwen2p5_14b_instruct,32k,32k_qwen2p5_14b_instruct_mdqa_cross_doc_role,fpga_h2o_plus_service_clean_victim_cache16_v245,H2O + victim cache,26.009,31.38,4.003142,439102.0,964,delivery/paper/repro_audit/longctx_table1_32_32_perf_20260605/replay_reports/table1_controls_32_32/run_20260605_212425_qwen2p51_b101b4_qwen2p51_0e3828/hit_miss_amat_summary.csv
qwen2p5_14b_instruct,32k,32k_qwen2p5_14b_instruct_mdqa_component_match,fpga_h2o_plus_service_clean_victim_cache16_v245,H2O + victim cache,30.632,30.794,4.001805,439271.0,946,delivery/paper/repro_audit/longctx_table1_32_32_perf_20260605/replay_reports/table1_controls_32_32/run_20260605_212425_qwen2p51_b101b4_qwen2p51_0e3828/hit_miss_amat_summary.csv
qwen2p5_14b_instruct,32k,32k_qwen2p5_14b_instruct_mdqa_two_hop_summary,fpga_h2o_plus_service_clean_victim_cache16_v245,H2O + victim cache,24.121,31.348,4.003053,439148.0,963,delivery/paper/repro_audit/longctx_table1_32_32_perf_20260605/replay_reports/table1_controls_32_32/run_20260605_212425_qwen2p51_b101b4_qwen2p51_0e3828/hit_miss_amat_summary.csv
qwen2p5_14b_instruct,32k,32k_qwen2p5_14b_instruct_mdqa_cross_doc_priority,fpga_h2o_plus_service_clean_victim_cache16_v245,H2O + victim cache,29.492,28.743,3.99721,438698.0,883,delivery/paper/repro_audit/longctx_table1_32_32_perf_20260605/replay_reports/table1_controls_32_32/run_20260605_212425_qwen2p51_b101b4_qwen2p51_0e3828/hit_miss_amat_summary.csv
qwen2p5_14b_instruct,32k,32k_qwen2p5_14b_instruct_mdqa_chain_descriptor_fields,fpga_h2o_plus_service_clean_victim_cache16_v245,H2O + victim cache,27.832,30.599,4.00138,439086.0,940,delivery/paper/repro_audit/longctx_table1_32_32_perf_20260605/replay_reports/table1_controls_32_32/run_20260605_212425_qwen2p51_b101b4_qwen2p51_0e3828/hit_miss_amat_summary.csv
qwen2p5_14b_instruct,32k,32k_qwen2p5_14b_instruct_mdqa_three_stage_lookup,fpga_h2o_plus_service_clean_victim_cache16_v245,H2O + victim cache,28.027,33.789,4.008573,439524.0,1038,delivery/paper/repro_audit/longctx_table1_32_32_perf_20260605/replay_reports/table1_controls_32_32/run_20260605_212425_qwen2p51_b101b4_qwen2p51_0e3828/hit_miss_amat_summary.csv
qwen2p5_14b_instruct,32k,32k_qwen2p5_14b_instruct_mdqa_compression_guard,fpga_h2o_plus_service_clean_victim_cache16_v245,H2O + victim cache,26.367,28.776,3.99724,438804.0,884,delivery/paper/repro_audit/longctx_table1_32_32_perf_20260605/replay_reports/table1_controls_32_32/run_20260605_212425_qwen2p51_b101b4_qwen2p51_0e3828/hit_miss_amat_summary.csv
qwen2p5_14b_instruct,32k,32k_qwen2p5_14b_instruct_mdqa_query_cost_chain,fpga_h2o_plus_service_clean_victim_cache16_v245,H2O + victim cache,30.111,31.51,4.003449,439227.0,968,delivery/paper/repro_audit/longctx_table1_32_32_perf_20260605/replay_reports/table1_controls_32_32/run_20260605_212425_qwen2p51_b101b4_qwen2p51_0e3828/hit_miss_amat_summary.csv
qwen2p5_14b_instruct,32k,32k_qwen2p5_14b_instruct_mdqa_head_budget_allocation,fpga_h2o_plus_service_clean_victim_cache16_v245,H2O + victim cache,19.108,35.807,4.013127,439730.0,1100,delivery/paper/repro_audit/longctx_table1_32_32_perf_20260605/replay_reports/table1_controls_32_32/run_20260605_212425_qwen2p51_b101b4_qwen2p51_0e3828/hit_miss_amat_summary.csv
qwen2p5_14b_instruct,32k,32k_qwen2p5_14b_instruct_mdqa_backend_admission_reason,fpga_h2o_plus_service_clean_victim_cache16_v245,H2O + victim cache,29.753,32.715,4.006124,440242.0,1005,delivery/paper/repro_audit/longctx_table1_32_32_perf_20260605/replay_reports/table1_controls_32_32/run_20260605_212425_qwen2p51_b101b4_qwen2p51_0e3828/hit_miss_amat_summary.csv
qwen2p5_14b_instruct,32k,32k_qwen2p5_14b_instruct_lcqa_anchor_timeline,fpga_h2o_plus_service_clean_victim_cache16_v245,H2O + victim cache,32.552,28.353,3.996303,438948.0,871,delivery/paper/repro_audit/longctx_table1_32_32_perf_20260605/replay_reports/table1_controls_32_32/run_20260605_212425_qwen2p51_b101b4_qwen2p51_0e3828/hit_miss_amat_summary.csv
qwen2p5_14b_instruct,32k,32k_qwen2p5_14b_instruct_lcqa_revision_policy,fpga_h2o_plus_service_clean_victim_cache16_v245,H2O + victim cache,33.333,24.837,3.988366,438407.0,763,delivery/paper/repro_audit/longctx_table1_32_32_perf_20260605/replay_reports/table1_controls_32_32/run_20260605_212425_qwen2p51_b101b4_qwen2p51_0e3828/hit_miss_amat_summary.csv
qwen2p5_14b_instruct,32k,32k_qwen2p5_14b_instruct_lcqa_sparse_fact,fpga_h2o_plus_service_clean_victim_cache16_v245,H2O + victim cache,28.19,32.617,4.005944,439449.0,1002,delivery/paper/repro_audit/longctx_table1_32_32_perf_20260605/replay_reports/table1_controls_32_32/run_20260605_212425_qwen2p51_b101b4_qwen2p51_0e3828/hit_miss_amat_summary.csv
qwen2p5_14b_instruct,32k,32k_qwen2p5_14b_instruct_lcqa_dual_anchor_incident,fpga_h2o_plus_service_clean_victim_cache16_v245,H2O + victim cache,35.059,28.711,3.997129,439680.0,882,delivery/paper/repro_audit/longctx_table1_32_32_perf_20260605/replay_reports/table1_controls_32_32/run_20260605_212425_qwen2p51_b101b4_qwen2p51_0e3828/hit_miss_amat_summary.csv
qwen2p5_14b_instruct,32k,32k_qwen2p5_14b_instruct_lcqa_backend_priority_rule,fpga_h2o_plus_service_clean_victim_cache16_v245,H2O + victim cache,28.19,31.38,4.003156,439155.0,964,delivery/paper/repro_audit/longctx_table1_32_32_perf_20260605/replay_reports/table1_controls_32_32/run_20260605_212425_qwen2p51_b101b4_qwen2p51_0e3828/hit_miss_amat_summary.csv
qwen2p5_14b_instruct,32k,32k_qwen2p5_14b_instruct_lcqa_epoch_window_recall,fpga_h2o_plus_service_clean_victim_cache16_v245,H2O + victim cache,22.819,35.189,4.011776,439638.0,1081,delivery/paper/repro_audit/longctx_table1_32_32_perf_20260605/replay_reports/table1_controls_32_32/run_20260605_212425_qwen2p51_b101b4_qwen2p51_0e3828/hit_miss_amat_summary.csv
qwen2p5_14b_instruct,32k,32k_qwen2p5_14b_instruct_lcqa_dual_budget_rule,fpga_h2o_plus_service_clean_victim_cache16_v245,H2O + victim cache,22.266,30.111,4.000279,438855.0,925,delivery/paper/repro_audit/longctx_table1_32_32_perf_20260605/replay_reports/table1_controls_32_32/run_20260605_212425_qwen2p51_b101b4_qwen2p51_0e3828/hit_miss_amat_summary.csv
qwen2p5_14b_instruct,32k,32k_qwen2p5_14b_instruct_lcqa_query_relevance_note,fpga_h2o_plus_service_clean_victim_cache16_v245,H2O + victim cache,24.577,33.203,4.007223,440317.0,1020,delivery/paper/repro_audit/longctx_table1_32_32_perf_20260605/replay_reports/table1_controls_32_32/run_20260605_212425_qwen2p51_b101b4_qwen2p51_0e3828/hit_miss_amat_summary.csv
qwen2p5_14b_instruct,32k,32k_qwen2p5_14b_instruct_lcqa_spill_cost_reason,fpga_h2o_plus_service_clean_victim_cache16_v245,H2O + victim cache,21.973,35.514,4.012453,440674.0,1091,delivery/paper/repro_audit/longctx_table1_32_32_perf_20260605/replay_reports/table1_controls_32_32/run_20260605_212425_qwen2p51_b101b4_qwen2p51_0e3828/hit_miss_amat_summary.csv
qwen2p5_14b_instruct,32k,32k_qwen2p5_14b_instruct_lcqa_head_budget_rule,fpga_h2o_plus_service_clean_victim_cache16_v245,H2O + victim cache,25.065,29.264,3.9984,438779.0,899,delivery/paper/repro_audit/longctx_table1_32_32_perf_20260605/replay_reports/table1_controls_32_32/run_20260605_212425_qwen2p51_b101b4_qwen2p51_0e3828/hit_miss_amat_summary.csv
qwen2p5_14b_instruct,32k,32k_qwen2p5_14b_instruct_cmqa_early_name_recall,fpga_h2o_plus_service_clean_victim_cache16_v245,H2O + victim cache,20.41,37.467,4.016804,440971.0,1151,delivery/paper/repro_audit/longctx_table1_32_32_perf_20260605/replay_reports/table1_controls_32_32/run_20260605_212425_qwen2p51_b101b4_qwen2p51_0e3828/hit_miss_amat_summary.csv
qwen2p5_14b_instruct,32k,32k_qwen2p5_14b_instruct_cmqa_policy_recall,fpga_h2o_plus_service_clean_victim_cache16_v245,H2O + victim cache,27.799,31.738,4.003933,439364.0,975,delivery/paper/repro_audit/longctx_table1_32_32_perf_20260605/replay_reports/table1_controls_32_32/run_20260605_212425_qwen2p51_b101b4_qwen2p51_0e3828/hit_miss_amat_summary.csv
qwen2p5_14b_instruct,32k,32k_qwen2p5_14b_instruct_cmqa_anchor_reasoning,fpga_h2o_plus_service_clean_victim_cache16_v245,H2O + victim cache,21.842,40.625,4.023984,440626.0,1248,delivery/paper/repro_audit/longctx_table1_32_32_perf_20260605/replay_reports/table1_controls_32_32/run_20260605_212425_qwen2p51_b101b4_qwen2p51_0e3828/hit_miss_amat_summary.csv
qwen2p5_14b_instruct,32k,32k_qwen2p5_14b_instruct_cmqa_backend_recall,fpga_h2o_plus_service_clean_victim_cache16_v245,H2O + victim cache,20.085,40.299,4.023262,440629.0,1238,delivery/paper/repro_audit/longctx_table1_32_32_perf_20260605/replay_reports/table1_controls_32_32/run_20260605_212425_qwen2p51_b101b4_qwen2p51_0e3828/hit_miss_amat_summary.csv
qwen2p5_14b_instruct,32k,32k_qwen2p5_14b_instruct_cmqa_field_recall,fpga_h2o_plus_service_clean_victim_cache16_v245,H2O + victim cache,14.616,42.35,4.027915,440946.0,1301,delivery/paper/repro_audit/longctx_table1_32_32_perf_20260605/replay_reports/table1_controls_32_32/run_20260605_212425_qwen2p51_b101b4_qwen2p51_0e3828/hit_miss_amat_summary.csv
qwen2p5_14b_instruct,32k,32k_qwen2p5_14b_instruct_cmqa_epoch_memory,fpga_h2o_plus_service_clean_victim_cache16_v245,H2O + victim cache,16.211,41.081,4.025,440904.0,1262,delivery/paper/repro_audit/longctx_table1_32_32_perf_20260605/replay_reports/table1_controls_32_32/run_20260605_212425_qwen2p51_b101b4_qwen2p51_0e3828/hit_miss_amat_summary.csv
qwen2p5_14b_instruct,32k,32k_qwen2p5_14b_instruct_cmqa_budget_memory,fpga_h2o_plus_service_clean_victim_cache16_v245,H2O + victim cache,17.611,39.746,4.021963,440697.0,1221,delivery/paper/repro_audit/longctx_table1_32_32_perf_20260605/replay_reports/table1_controls_32_32/run_20260605_212425_qwen2p51_b101b4_qwen2p51_0e3828/hit_miss_amat_summary.csv
qwen2p5_14b_instruct,32k,32k_qwen2p5_14b_instruct_mdqa_cross_doc_role,fpga_h2o_plus_service_strict_miss_prefetch_v206,H2O + guarded prefetch,26.009,47.982,4.040815,441668.0,1476,delivery/paper/repro_audit/longctx_table1_32_32_perf_20260605/replay_reports/table1_controls_32_32/run_20260605_212425_qwen2p51_b101b4_qwen2p51_0e3828/hit_miss_amat_summary.csv
qwen2p5_14b_instruct,32k,32k_qwen2p5_14b_instruct_mdqa_component_match,fpga_h2o_plus_service_strict_miss_prefetch_v206,H2O + guarded prefetch,30.599,48.47,4.042552,442048.0,1493,delivery/paper/repro_audit/longctx_table1_32_32_perf_20260605/replay_reports/table1_controls_32_32/run_20260605_212425_qwen2p51_b101b4_qwen2p51_0e3828/hit_miss_amat_summary.csv
qwen2p5_14b_instruct,32k,32k_qwen2p5_14b_instruct_mdqa_two_hop_summary,fpga_h2o_plus_service_strict_miss_prefetch_v206,H2O + guarded prefetch,24.056,49.772,4.045611,442047.0,1539,delivery/paper/repro_audit/longctx_table1_32_32_perf_20260605/replay_reports/table1_controls_32_32/run_20260605_212425_qwen2p51_b101b4_qwen2p51_0e3828/hit_miss_amat_summary.csv
qwen2p5_14b_instruct,32k,32k_qwen2p5_14b_instruct_mdqa_cross_doc_priority,fpga_h2o_plus_service_strict_miss_prefetch_v206,H2O + guarded prefetch,29.167,45.801,4.036455,441371.0,1415,delivery/paper/repro_audit/longctx_table1_32_32_perf_20260605/replay_reports/table1_controls_32_32/run_20260605_212425_qwen2p51_b101b4_qwen2p51_0e3828/hit_miss_amat_summary.csv
qwen2p5_14b_instruct,32k,32k_qwen2p5_14b_instruct_mdqa_chain_descriptor_fields,fpga_h2o_plus_service_strict_miss_prefetch_v206,H2O + guarded prefetch,27.832,46.615,4.037987,441580.0,1437,delivery/paper/repro_audit/longctx_table1_32_32_perf_20260605/replay_reports/table1_controls_32_32/run_20260605_212425_qwen2p51_b101b4_qwen2p51_0e3828/hit_miss_amat_summary.csv
qwen2p5_14b_instruct,32k,32k_qwen2p5_14b_instruct_mdqa_three_stage_lookup,fpga_h2o_plus_service_strict_miss_prefetch_v206,H2O + guarded prefetch,28.06,50.065,4.045948,442070.0,1544,delivery/paper/repro_audit/longctx_table1_32_32_perf_20260605/replay_reports/table1_controls_32_32/run_20260605_212425_qwen2p51_b101b4_qwen2p51_0e3828/hit_miss_amat_summary.csv
qwen2p5_14b_instruct,32k,32k_qwen2p5_14b_instruct_mdqa_compression_guard,fpga_h2o_plus_service_strict_miss_prefetch_v206,H2O + guarded prefetch,26.367,43.945,4.032424,441201.0,1359,delivery/paper/repro_audit/longctx_table1_32_32_perf_20260605/replay_reports/table1_controls_32_32/run_20260605_212425_qwen2p51_b101b4_qwen2p51_0e3828/hit_miss_amat_summary.csv
qwen2p5_14b_instruct,32k,32k_qwen2p5_14b_instruct_mdqa_query_cost_chain,fpga_h2o_plus_service_strict_miss_prefetch_v206,H2O + guarded prefetch,30.111,49.447,4.044123,441998.0,1522,delivery/paper/repro_audit/longctx_table1_32_32_perf_20260605/replay_reports/table1_controls_32_32/run_20260605_212425_qwen2p51_b101b4_qwen2p51_0e3828/hit_miss_amat_summary.csv
qwen2p5_14b_instruct,32k,32k_qwen2p5_14b_instruct_mdqa_head_budget_allocation,fpga_h2o_plus_service_strict_miss_prefetch_v206,H2O + guarded prefetch,18.652,58.105,4.064548,443232.0,1796,delivery/paper/repro_audit/longctx_table1_32_32_perf_20260605/replay_reports/table1_controls_32_32/run_20260605_212425_qwen2p51_b101b4_qwen2p51_0e3828/hit_miss_amat_summary.csv
qwen2p5_14b_instruct,32k,32k_qwen2p5_14b_instruct_mdqa_backend_admission_reason,fpga_h2o_plus_service_strict_miss_prefetch_v206,H2O + guarded prefetch,29.753,47.656,4.040084,442560.0,1468,delivery/paper/repro_audit/longctx_table1_32_32_perf_20260605/replay_reports/table1_controls_32_32/run_20260605_212425_qwen2p51_b101b4_qwen2p51_0e3828/hit_miss_amat_summary.csv
qwen2p5_14b_instruct,32k,32k_qwen2p5_14b_instruct_lcqa_anchor_timeline,fpga_h2o_plus_service_strict_miss_prefetch_v206,H2O + guarded prefetch,32.552,43.88,4.031397,441340.0,1348,delivery/paper/repro_audit/longctx_table1_32_32_perf_20260605/replay_reports/table1_controls_32_32/run_20260605_212425_qwen2p51_b101b4_qwen2p51_0e3828/hit_miss_amat_summary.csv
qwen2p5_14b_instruct,32k,32k_qwen2p5_14b_instruct_lcqa_revision_policy,fpga_h2o_plus_service_strict_miss_prefetch_v206,H2O + guarded prefetch,33.04,37.63,4.018706,440475.0,1172,delivery/paper/repro_audit/longctx_table1_32_32_perf_20260605/replay_reports/table1_controls_32_32/run_20260605_212425_qwen2p51_b101b4_qwen2p51_0e3828/hit_miss_amat_summary.csv
qwen2p5_14b_instruct,32k,32k_qwen2p5_14b_instruct_lcqa_sparse_fact,fpga_h2o_plus_service_strict_miss_prefetch_v206,H2O + guarded prefetch,27.93,50.651,4.047699,442294.0,1566,delivery/paper/repro_audit/longctx_table1_32_32_perf_20260605/replay_reports/table1_controls_32_32/run_20260605_212425_qwen2p51_b101b4_qwen2p51_0e3828/hit_miss_amat_summary.csv
qwen2p5_14b_instruct,32k,32k_qwen2p5_14b_instruct_lcqa_dual_anchor_incident,fpga_h2o_plus_service_strict_miss_prefetch_v206,H2O + guarded prefetch,35.059,43.848,4.031686,442039.0,1351,delivery/paper/repro_audit/longctx_table1_32_32_perf_20260605/replay_reports/table1_controls_32_32/run_20260605_212425_qwen2p51_b101b4_qwen2p51_0e3828/hit_miss_amat_summary.csv
qwen2p5_14b_instruct,32k,32k_qwen2p5_14b_instruct_lcqa_backend_priority_rule,fpga_h2o_plus_service_strict_miss_prefetch_v206,H2O + guarded prefetch,28.19,51.79,4.049472,442310.0,1594,delivery/paper/repro_audit/longctx_table1_32_32_perf_20260605/replay_reports/table1_controls_32_32/run_20260605_212425_qwen2p51_b101b4_qwen2p51_0e3828/hit_miss_amat_summary.csv
qwen2p5_14b_instruct,32k,32k_qwen2p5_14b_instruct_lcqa_epoch_window_recall,fpga_h2o_plus_service_strict_miss_prefetch_v206,H2O + guarded prefetch,22.689,52.051,4.051319,442331.0,1617,delivery/paper/repro_audit/longctx_table1_32_32_perf_20260605/replay_reports/table1_controls_32_32/run_20260605_212425_qwen2p51_b101b4_qwen2p51_0e3828/hit_miss_amat_summary.csv
qwen2p5_14b_instruct,32k,32k_qwen2p5_14b_instruct_lcqa_dual_budget_rule,fpga_h2o_plus_service_strict_miss_prefetch_v206,H2O + guarded prefetch,22.266,49.577,4.044564,441871.0,1527,delivery/paper/repro_audit/longctx_table1_32_32_perf_20260605/replay_reports/table1_controls_32_32/run_20260605_212425_qwen2p51_b101b4_qwen2p51_0e3828/hit_miss_amat_summary.csv
qwen2p5_14b_instruct,32k,32k_qwen2p5_14b_instruct_lcqa_query_relevance_note,fpga_h2o_plus_service_strict_miss_prefetch_v206,H2O + guarded prefetch,24.577,51.758,4.049124,443177.0,1591,delivery/paper/repro_audit/longctx_table1_32_32_perf_20260605/replay_reports/table1_controls_32_32/run_20260605_212425_qwen2p51_b101b4_qwen2p51_0e3828/hit_miss_amat_summary.csv
qwen2p5_14b_instruct,32k,32k_qwen2p5_14b_instruct_lcqa_spill_cost_reason,fpga_h2o_plus_service_strict_miss_prefetch_v206,H2O + guarded prefetch,21.973,54.59,4.055394,443605.0,1677,delivery/paper/repro_audit/longctx_table1_32_32_perf_20260605/replay_reports/table1_controls_32_32/run_20260605_212425_qwen2p51_b101b4_qwen2p51_0e3828/hit_miss_amat_summary.csv
qwen2p5_14b_instruct,32k,32k_qwen2p5_14b_instruct_lcqa_head_budget_rule,fpga_h2o_plus_service_strict_miss_prefetch_v206,H2O + guarded prefetch,25.065,43.913,4.032065,441072.0,1357,delivery/paper/repro_audit/longctx_table1_32_32_perf_20260605/replay_reports/table1_controls_32_32/run_20260605_212425_qwen2p51_b101b4_qwen2p51_0e3828/hit_miss_amat_summary.csv
qwen2p5_14b_instruct,32k,32k_qwen2p5_14b_instruct_cmqa_early_name_recall,fpga_h2o_plus_service_strict_miss_prefetch_v206,H2O + guarded prefetch,20.41,54.134,4.054515,443545.0,1665,delivery/paper/repro_audit/longctx_table1_32_32_perf_20260605/replay_reports/table1_controls_32_32/run_20260605_212425_qwen2p51_b101b4_qwen2p51_0e3828/hit_miss_amat_summary.csv
qwen2p5_14b_instruct,32k,32k_qwen2p5_14b_instruct_cmqa_policy_recall,fpga_h2o_plus_service_strict_miss_prefetch_v206,H2O + guarded prefetch,27.799,47.168,4.039123,441762.0,1453,delivery/paper/repro_audit/longctx_table1_32_32_perf_20260605/replay_reports/table1_controls_32_32/run_20260605_212425_qwen2p51_b101b4_qwen2p51_0e3828/hit_miss_amat_summary.csv
qwen2p5_14b_instruct,32k,32k_qwen2p5_14b_instruct_cmqa_anchor_reasoning,fpga_h2o_plus_service_strict_miss_prefetch_v206,H2O + guarded prefetch,21.842,57.259,4.061854,443206.0,1763,delivery/paper/repro_audit/longctx_table1_32_32_perf_20260605/replay_reports/table1_controls_32_32/run_20260605_212425_qwen2p51_b101b4_qwen2p51_0e3828/hit_miss_amat_summary.csv
qwen2p5_14b_instruct,32k,32k_qwen2p5_14b_instruct_cmqa_backend_recall,fpga_h2o_plus_service_strict_miss_prefetch_v206,H2O + guarded prefetch,20.117,60.71,4.069581,443785.0,1868,delivery/paper/repro_audit/longctx_table1_32_32_perf_20260605/replay_reports/table1_controls_32_32/run_20260605_212425_qwen2p51_b101b4_qwen2p51_0e3828/hit_miss_amat_summary.csv
qwen2p5_14b_instruct,32k,32k_qwen2p5_14b_instruct_cmqa_field_recall,fpga_h2o_plus_service_strict_miss_prefetch_v206,H2O + guarded prefetch,14.616,65.072,4.079561,444465.0,2003,delivery/paper/repro_audit/longctx_table1_32_32_perf_20260605/replay_reports/table1_controls_32_32/run_20260605_212425_qwen2p51_b101b4_qwen2p51_0e3828/hit_miss_amat_summary.csv
qwen2p5_14b_instruct,32k,32k_qwen2p5_14b_instruct_cmqa_epoch_memory,fpga_h2o_plus_service_strict_miss_prefetch_v206,H2O + guarded prefetch,16.243,59.798,4.067312,443788.0,1838,delivery/paper/repro_audit/longctx_table1_32_32_perf_20260605/replay_reports/table1_controls_32_32/run_20260605_212425_qwen2p51_b101b4_qwen2p51_0e3828/hit_miss_amat_summary.csv
qwen2p5_14b_instruct,32k,32k_qwen2p5_14b_instruct_cmqa_budget_memory,fpga_h2o_plus_service_strict_miss_prefetch_v206,H2O + guarded prefetch,17.643,57.064,4.061268,443376.0,1754,delivery/paper/repro_audit/longctx_table1_32_32_perf_20260605/replay_reports/table1_controls_32_32/run_20260605_212425_qwen2p51_b101b4_qwen2p51_0e3828/hit_miss_amat_summary.csv
qwen2p5_7b_instruct,32k,32k_qwen2p5_7b_instruct_mdqa_cross_doc_role,baseline,Traditional cache,26.465,41.602,4.038493,441876.0,1293,delivery/paper/repro_audit/longctx_table1_32_32_perf_20260605/replay_reports/table1_controls_32_32/run_20260605_222843_qwen2p57_9cd3a1_qwen2p57_e78994/hit_miss_amat_summary.csv
qwen2p5_7b_instruct,32k,32k_qwen2p5_7b_instruct_mdqa_component_match,baseline,Traditional cache,26.855,42.839,4.04175,442255.0,1337,delivery/paper/repro_audit/longctx_table1_32_32_perf_20260605/replay_reports/table1_controls_32_32/run_20260605_222843_qwen2p57_9cd3a1_qwen2p57_e78994/hit_miss_amat_summary.csv
qwen2p5_7b_instruct,32k,32k_qwen2p5_7b_instruct_mdqa_two_hop_summary,baseline,Traditional cache,28.646,43.978,4.044649,442348.0,1377,delivery/paper/repro_audit/longctx_table1_32_32_perf_20260605/replay_reports/table1_controls_32_32/run_20260605_222843_qwen2p57_9cd3a1_qwen2p57_e78994/hit_miss_amat_summary.csv
qwen2p5_7b_instruct,32k,32k_qwen2p5_7b_instruct_mdqa_cross_doc_priority,baseline,Traditional cache,37.891,35.352,4.024982,440955.0,1110,delivery/paper/repro_audit/longctx_table1_32_32_perf_20260605/replay_reports/table1_controls_32_32/run_20260605_222843_qwen2p57_9cd3a1_qwen2p57_e78994/hit_miss_amat_summary.csv
qwen2p5_7b_instruct,32k,32k_qwen2p5_7b_instruct_mdqa_chain_descriptor_fields,baseline,Traditional cache,27.376,42.188,4.040479,442116.0,1321,delivery/paper/repro_audit/longctx_table1_32_32_perf_20260605/replay_reports/table1_controls_32_32/run_20260605_222843_qwen2p57_9cd3a1_qwen2p57_e78994/hit_miss_amat_summary.csv
qwen2p5_7b_instruct,32k,32k_qwen2p5_7b_instruct_mdqa_three_stage_lookup,baseline,Traditional cache,26.823,45.215,4.046908,442502.0,1407,delivery/paper/repro_audit/longctx_table1_32_32_perf_20260605/replay_reports/table1_controls_32_32/run_20260605_222843_qwen2p57_9cd3a1_qwen2p57_e78994/hit_miss_amat_summary.csv
qwen2p5_7b_instruct,32k,32k_qwen2p5_7b_instruct_mdqa_compression_guard,baseline,Traditional cache,29.264,42.415,4.040405,442111.0,1320,delivery/paper/repro_audit/longctx_table1_32_32_perf_20260605/replay_reports/table1_controls_32_32/run_20260605_222843_qwen2p57_9cd3a1_qwen2p57_e78994/hit_miss_amat_summary.csv
qwen2p5_7b_instruct,32k,32k_qwen2p5_7b_instruct_mdqa_query_cost_chain,baseline,Traditional cache,33.529,38.151,4.030594,441442.0,1185,delivery/paper/repro_audit/longctx_table1_32_32_perf_20260605/replay_reports/table1_controls_32_32/run_20260605_222843_qwen2p57_9cd3a1_qwen2p57_e78994/hit_miss_amat_summary.csv
qwen2p5_7b_instruct,32k,32k_qwen2p5_7b_instruct_mdqa_head_budget_allocation,baseline,Traditional cache,26.823,45.312,4.048181,442484.0,1426,delivery/paper/repro_audit/longctx_table1_32_32_perf_20260605/replay_reports/table1_controls_32_32/run_20260605_222843_qwen2p57_9cd3a1_qwen2p57_e78994/hit_miss_amat_summary.csv
qwen2p5_7b_instruct,32k,32k_qwen2p5_7b_instruct_mdqa_backend_admission_reason,baseline,Traditional cache,23.698,47.949,4.054259,442741.0,1507,delivery/paper/repro_audit/longctx_table1_32_32_perf_20260605/replay_reports/table1_controls_32_32/run_20260605_222843_qwen2p57_9cd3a1_qwen2p57_e78994/hit_miss_amat_summary.csv
qwen2p5_7b_instruct,32k,32k_qwen2p5_7b_instruct_lcqa_anchor_timeline,baseline,Traditional cache,36.361,38.444,4.031701,441622.0,1200,delivery/paper/repro_audit/longctx_table1_32_32_perf_20260605/replay_reports/table1_controls_32_32/run_20260605_222843_qwen2p57_9cd3a1_qwen2p57_e78994/hit_miss_amat_summary.csv
qwen2p5_7b_instruct,32k,32k_qwen2p5_7b_instruct_lcqa_revision_policy,baseline,Traditional cache,31.445,38.9,4.032229,441658.0,1208,delivery/paper/repro_audit/longctx_table1_32_32_perf_20260605/replay_reports/table1_controls_32_32/run_20260605_222843_qwen2p57_9cd3a1_qwen2p57_e78994/hit_miss_amat_summary.csv
qwen2p5_7b_instruct,32k,32k_qwen2p5_7b_instruct_lcqa_sparse_fact,baseline,Traditional cache,28.418,46.061,4.048609,442618.0,1431,delivery/paper/repro_audit/longctx_table1_32_32_perf_20260605/replay_reports/table1_controls_32_32/run_20260605_222843_qwen2p57_9cd3a1_qwen2p57_e78994/hit_miss_amat_summary.csv
qwen2p5_7b_instruct,32k,32k_qwen2p5_7b_instruct_lcqa_dual_anchor_incident,baseline,Traditional cache,24.382,43.75,4.044611,442136.0,1375,delivery/paper/repro_audit/longctx_table1_32_32_perf_20260605/replay_reports/table1_controls_32_32/run_20260605_222843_qwen2p57_9cd3a1_qwen2p57_e78994/hit_miss_amat_summary.csv
qwen2p5_7b_instruct,32k,32k_qwen2p5_7b_instruct_lcqa_backend_priority_rule,baseline,Traditional cache,24.837,40.332,4.036303,441779.0,1263,delivery/paper/repro_audit/longctx_table1_32_32_perf_20260605/replay_reports/table1_controls_32_32/run_20260605_222843_qwen2p57_9cd3a1_qwen2p57_e78994/hit_miss_amat_summary.csv
qwen2p5_7b_instruct,32k,32k_qwen2p5_7b_instruct_lcqa_epoch_window_recall,baseline,Traditional cache,24.772,45.801,4.048005,442472.0,1423,delivery/paper/repro_audit/longctx_table1_32_32_perf_20260605/replay_reports/table1_controls_32_32/run_20260605_222843_qwen2p57_9cd3a1_qwen2p57_e78994/hit_miss_amat_summary.csv
qwen2p5_7b_instruct,32k,32k_qwen2p5_7b_instruct_lcqa_dual_budget_rule,baseline,Traditional cache,28.255,44.141,4.044836,442256.0,1380,delivery/paper/repro_audit/longctx_table1_32_32_perf_20260605/replay_reports/table1_controls_32_32/run_20260605_222843_qwen2p57_9cd3a1_qwen2p57_e78994/hit_miss_amat_summary.csv
qwen2p5_7b_instruct,32k,32k_qwen2p5_7b_instruct_lcqa_query_relevance_note,baseline,Traditional cache,24.772,47.493,4.053158,442666.0,1493,delivery/paper/repro_audit/longctx_table1_32_32_perf_20260605/replay_reports/table1_controls_32_32/run_20260605_222843_qwen2p57_9cd3a1_qwen2p57_e78994/hit_miss_amat_summary.csv
qwen2p5_7b_instruct,32k,32k_qwen2p5_7b_instruct_lcqa_spill_cost_reason,baseline,Traditional cache,24.414,46.745,4.051045,442522.0,1464,delivery/paper/repro_audit/longctx_table1_32_32_perf_20260605/replay_reports/table1_controls_32_32/run_20260605_222843_qwen2p57_9cd3a1_qwen2p57_e78994/hit_miss_amat_summary.csv
qwen2p5_7b_instruct,32k,32k_qwen2p5_7b_instruct_lcqa_head_budget_rule,baseline,Traditional cache,36.296,38.281,4.03151,441400.0,1200,delivery/paper/repro_audit/longctx_table1_32_32_perf_20260605/replay_reports/table1_controls_32_32/run_20260605_222843_qwen2p57_9cd3a1_qwen2p57_e78994/hit_miss_amat_summary.csv
qwen2p5_7b_instruct,32k,32k_qwen2p5_7b_instruct_cmqa_early_name_recall,baseline,Traditional cache,18.978,50.749,4.060643,443176.0,1595,delivery/paper/repro_audit/longctx_table1_32_32_perf_20260605/replay_reports/table1_controls_32_32/run_20260605_222843_qwen2p57_9cd3a1_qwen2p57_e78994/hit_miss_amat_summary.csv
qwen2p5_7b_instruct,32k,32k_qwen2p5_7b_instruct_cmqa_policy_recall,baseline,Traditional cache,24.056,41.797,4.040581,442123.0,1321,delivery/paper/repro_audit/longctx_table1_32_32_perf_20260605/replay_reports/table1_controls_32_32/run_20260605_222843_qwen2p57_9cd3a1_qwen2p57_e78994/hit_miss_amat_summary.csv
qwen2p5_7b_instruct,32k,32k_qwen2p5_7b_instruct_cmqa_anchor_reasoning,baseline,Traditional cache,16.406,47.689,4.054162,443049.0,1508,delivery/paper/repro_audit/longctx_table1_32_32_perf_20260605/replay_reports/table1_controls_32_32/run_20260605_222843_qwen2p57_9cd3a1_qwen2p57_e78994/hit_miss_amat_summary.csv
qwen2p5_7b_instruct,32k,32k_qwen2p5_7b_instruct_cmqa_backend_recall,baseline,Traditional cache,18.197,47.852,4.054374,443011.0,1509,delivery/paper/repro_audit/longctx_table1_32_32_perf_20260605/replay_reports/table1_controls_32_32/run_20260605_222843_qwen2p57_9cd3a1_qwen2p57_e78994/hit_miss_amat_summary.csv
qwen2p5_7b_instruct,32k,32k_qwen2p5_7b_instruct_cmqa_field_recall,baseline,Traditional cache,24.414,42.773,4.04305,442239.0,1355,delivery/paper/repro_audit/longctx_table1_32_32_perf_20260605/replay_reports/table1_controls_32_32/run_20260605_222843_qwen2p57_9cd3a1_qwen2p57_e78994/hit_miss_amat_summary.csv
qwen2p5_7b_instruct,32k,32k_qwen2p5_7b_instruct_cmqa_epoch_memory,baseline,Traditional cache,22.591,43.945,4.045147,442539.0,1383,delivery/paper/repro_audit/longctx_table1_32_32_perf_20260605/replay_reports/table1_controls_32_32/run_20260605_222843_qwen2p57_9cd3a1_qwen2p57_e78994/hit_miss_amat_summary.csv
qwen2p5_7b_instruct,32k,32k_qwen2p5_7b_instruct_cmqa_budget_memory,baseline,Traditional cache,21.647,44.271,4.045968,442595.0,1395,delivery/paper/repro_audit/longctx_table1_32_32_perf_20260605/replay_reports/table1_controls_32_32/run_20260605_222843_qwen2p57_9cd3a1_qwen2p57_e78994/hit_miss_amat_summary.csv
qwen2p5_7b_instruct,32k,32k_qwen2p5_7b_instruct_mdqa_cross_doc_role,fpga_true_h2o_pure,Pure H2O,26.465,44.336,4.044478,442284.0,1374,delivery/paper/repro_audit/longctx_table1_32_32_perf_20260605/replay_reports/table1_controls_32_32/run_20260605_222843_qwen2p57_9cd3a1_qwen2p57_e78994/hit_miss_amat_summary.csv
qwen2p5_7b_instruct,32k,32k_qwen2p5_7b_instruct_mdqa_component_match,fpga_true_h2o_pure,Pure H2O,26.855,48.014,4.052587,442994.0,1485,delivery/paper/repro_audit/longctx_table1_32_32_perf_20260605/replay_reports/table1_controls_32_32/run_20260605_222843_qwen2p57_9cd3a1_qwen2p57_e78994/hit_miss_amat_summary.csv
qwen2p5_7b_instruct,32k,32k_qwen2p5_7b_instruct_mdqa_two_hop_summary,fpga_true_h2o_pure,Pure H2O,28.646,50.456,4.05851,443293.0,1566,delivery/paper/repro_audit/longctx_table1_32_32_perf_20260605/replay_reports/table1_controls_32_32/run_20260605_222843_qwen2p57_9cd3a1_qwen2p57_e78994/hit_miss_amat_summary.csv
qwen2p5_7b_instruct,32k,32k_qwen2p5_7b_instruct_mdqa_cross_doc_priority,fpga_true_h2o_pure,Pure H2O,37.826,43.392,4.042527,442151.0,1348,delivery/paper/repro_audit/longctx_table1_32_32_perf_20260605/replay_reports/table1_controls_32_32/run_20260605_222843_qwen2p57_9cd3a1_qwen2p57_e78994/hit_miss_amat_summary.csv
qwen2p5_7b_instruct,32k,32k_qwen2p5_7b_instruct_mdqa_chain_descriptor_fields,fpga_true_h2o_pure,Pure H2O,27.376,43.88,4.04394,442352.0,1369,delivery/paper/repro_audit/longctx_table1_32_32_perf_20260605/replay_reports/table1_controls_32_32/run_20260605_222843_qwen2p57_9cd3a1_qwen2p57_e78994/hit_miss_amat_summary.csv
qwen2p5_7b_instruct,32k,32k_qwen2p5_7b_instruct_mdqa_three_stage_lookup,fpga_true_h2o_pure,Pure H2O,26.823,48.958,4.054799,443040.0,1515,delivery/paper/repro_audit/longctx_table1_32_32_perf_20260605/replay_reports/table1_controls_32_32/run_20260605_222843_qwen2p57_9cd3a1_qwen2p57_e78994/hit_miss_amat_summary.csv
qwen2p5_7b_instruct,32k,32k_qwen2p5_7b_instruct_mdqa_compression_guard,fpga_true_h2o_pure,Pure H2O,29.46,45.703,4.047621,442603.0,1420,delivery/paper/repro_audit/longctx_table1_32_32_perf_20260605/replay_reports/table1_controls_32_32/run_20260605_222843_qwen2p57_9cd3a1_qwen2p57_e78994/hit_miss_amat_summary.csv
qwen2p5_7b_instruct,32k,32k_qwen2p5_7b_instruct_mdqa_query_cost_chain,fpga_true_h2o_pure,Pure H2O,33.561,40.69,4.036196,441824.0,1262,delivery/paper/repro_audit/longctx_table1_32_32_perf_20260605/replay_reports/table1_controls_32_32/run_20260605_222843_qwen2p57_9cd3a1_qwen2p57_e78994/hit_miss_amat_summary.csv
qwen2p5_7b_instruct,32k,32k_qwen2p5_7b_instruct_mdqa_head_budget_allocation,fpga_true_h2o_pure,Pure H2O,26.595,50.911,4.059478,443254.0,1580,delivery/paper/repro_audit/longctx_table1_32_32_perf_20260605/replay_reports/table1_controls_32_32/run_20260605_222843_qwen2p57_9cd3a1_qwen2p57_e78994/hit_miss_amat_summary.csv
qwen2p5_7b_instruct,32k,32k_qwen2p5_7b_instruct_mdqa_backend_admission_reason,fpga_true_h2o_pure,Pure H2O,23.698,54.492,4.067791,443663.0,1691,delivery/paper/repro_audit/longctx_table1_32_32_perf_20260605/replay_reports/table1_controls_32_32/run_20260605_222843_qwen2p57_9cd3a1_qwen2p57_e78994/hit_miss_amat_summary.csv
qwen2p5_7b_instruct,32k,32k_qwen2p5_7b_instruct_lcqa_anchor_timeline,fpga_true_h2o_pure,Pure H2O,36.393,42.122,4.039575,442159.0,1308,delivery/paper/repro_audit/longctx_table1_32_32_perf_20260605/replay_reports/table1_controls_32_32/run_20260605_222843_qwen2p57_9cd3a1_qwen2p57_e78994/hit_miss_amat_summary.csv
qwen2p5_7b_instruct,32k,32k_qwen2p5_7b_instruct_lcqa_revision_policy,fpga_true_h2o_pure,Pure H2O,31.445,45.02,4.045982,442596.0,1396,delivery/paper/repro_audit/longctx_table1_32_32_perf_20260605/replay_reports/table1_controls_32_32/run_20260605_222843_qwen2p57_9cd3a1_qwen2p57_e78994/hit_miss_amat_summary.csv
qwen2p5_7b_instruct,32k,32k_qwen2p5_7b_instruct_lcqa_sparse_fact,fpga_true_h2o_pure,Pure H2O,28.418,49.447,4.055797,443108.0,1529,delivery/paper/repro_audit/longctx_table1_32_32_perf_20260605/replay_reports/table1_controls_32_32/run_20260605_222843_qwen2p57_9cd3a1_qwen2p57_e78994/hit_miss_amat_summary.csv
qwen2p5_7b_instruct,32k,32k_qwen2p5_7b_instruct_lcqa_dual_anchor_incident,fpga_true_h2o_pure,Pure H2O,24.447,47.526,4.052653,442684.0,1486,delivery/paper/repro_audit/longctx_table1_32_32_perf_20260605/replay_reports/table1_controls_32_32/run_20260605_222843_qwen2p57_9cd3a1_qwen2p57_e78994/hit_miss_amat_summary.csv
qwen2p5_7b_instruct,32k,32k_qwen2p5_7b_instruct_lcqa_backend_priority_rule,fpga_true_h2o_pure,Pure H2O,24.577,50.13,4.057586,443230.0,1553,delivery/paper/repro_audit/longctx_table1_32_32_perf_20260605/replay_reports/table1_controls_32_32/run_20260605_222843_qwen2p57_9cd3a1_qwen2p57_e78994/hit_miss_amat_summary.csv
qwen2p5_7b_instruct,32k,32k_qwen2p5_7b_instruct_lcqa_epoch_window_recall,fpga_true_h2o_pure,Pure H2O,24.74,49.316,4.055384,442975.0,1523,delivery/paper/repro_audit/longctx_table1_32_32_perf_20260605/replay_reports/table1_controls_32_32/run_20260605_222843_qwen2p57_9cd3a1_qwen2p57_e78994/hit_miss_amat_summary.csv
qwen2p5_7b_instruct,32k,32k_qwen2p5_7b_instruct_lcqa_dual_budget_rule,fpga_true_h2o_pure,Pure H2O,28.255,47.168,4.051144,442686.0,1466,delivery/paper/repro_audit/longctx_table1_32_32_perf_20260605/replay_reports/table1_controls_32_32/run_20260605_222843_qwen2p57_9cd3a1_qwen2p57_e78994/hit_miss_amat_summary.csv
qwen2p5_7b_instruct,32k,32k_qwen2p5_7b_instruct_lcqa_query_relevance_note,fpga_true_h2o_pure,Pure H2O,25.033,50.553,4.059132,443073.0,1574,delivery/paper/repro_audit/longctx_table1_32_32_perf_20260605/replay_reports/table1_controls_32_32/run_20260605_222843_qwen2p57_9cd3a1_qwen2p57_e78994/hit_miss_amat_summary.csv
qwen2p5_7b_instruct,32k,32k_qwen2p5_7b_instruct_lcqa_spill_cost_reason,fpga_true_h2o_pure,Pure H2O,24.382,56.315,4.072135,443959.0,1751,delivery/paper/repro_audit/longctx_table1_32_32_perf_20260605/replay_reports/table1_controls_32_32/run_20260605_222843_qwen2p57_9cd3a1_qwen2p57_e78994/hit_miss_amat_summary.csv
qwen2p5_7b_instruct,32k,32k_qwen2p5_7b_instruct_lcqa_head_budget_rule,fpga_true_h2o_pure,Pure H2O,36.133,43.913,4.04351,442218.0,1364,delivery/paper/repro_audit/longctx_table1_32_32_perf_20260605/replay_reports/table1_controls_32_32/run_20260605_222843_qwen2p57_9cd3a1_qwen2p57_e78994/hit_miss_amat_summary.csv
qwen2p5_7b_instruct,32k,32k_qwen2p5_7b_instruct_cmqa_early_name_recall,fpga_true_h2o_pure,Pure H2O,20.866,57.031,4.073559,444056.0,1772,delivery/paper/repro_audit/longctx_table1_32_32_perf_20260605/replay_reports/table1_controls_32_32/run_20260605_222843_qwen2p57_9cd3a1_qwen2p57_e78994/hit_miss_amat_summary.csv
qwen2p5_7b_instruct,32k,32k_qwen2p5_7b_instruct_cmqa_policy_recall,fpga_true_h2o_pure,Pure H2O,23.926,49.316,4.056216,443189.0,1536,delivery/paper/repro_audit/longctx_table1_32_32_perf_20260605/replay_reports/table1_controls_32_32/run_20260605_222843_qwen2p57_9cd3a1_qwen2p57_e78994/hit_miss_amat_summary.csv
qwen2p5_7b_instruct,32k,32k_qwen2p5_7b_instruct_cmqa_anchor_reasoning,fpga_true_h2o_pure,Pure H2O,15.658,50.846,4.060219,443462.0,1591,delivery/paper/repro_audit/longctx_table1_32_32_perf_20260605/replay_reports/table1_controls_32_32/run_20260605_222843_qwen2p57_9cd3a1_qwen2p57_e78994/hit_miss_amat_summary.csv
qwen2p5_7b_instruct,32k,32k_qwen2p5_7b_instruct_cmqa_backend_recall,fpga_true_h2o_pure,Pure H2O,18.099,55.599,4.070934,444140.0,1737,delivery/paper/repro_audit/longctx_table1_32_32_perf_20260605/replay_reports/table1_controls_32_32/run_20260605_222843_qwen2p57_9cd3a1_qwen2p57_e78994/hit_miss_amat_summary.csv
qwen2p5_7b_instruct,32k,32k_qwen2p5_7b_instruct_cmqa_field_recall,fpga_true_h2o_pure,Pure H2O,24.316,50.163,4.0581,443265.0,1562,delivery/paper/repro_audit/longctx_table1_32_32_perf_20260605/replay_reports/table1_controls_32_32/run_20260605_222843_qwen2p57_9cd3a1_qwen2p57_e78994/hit_miss_amat_summary.csv
qwen2p5_7b_instruct,32k,32k_qwen2p5_7b_instruct_cmqa_epoch_memory,fpga_true_h2o_pure,Pure H2O,29.72,42.708,4.041437,442286.0,1335,delivery/paper/repro_audit/longctx_table1_32_32_perf_20260605/replay_reports/table1_controls_32_32/run_20260605_222843_qwen2p57_9cd3a1_qwen2p57_e78994/hit_miss_amat_summary.csv
qwen2p5_7b_instruct,32k,32k_qwen2p5_7b_instruct_cmqa_budget_memory,fpga_true_h2o_pure,Pure H2O,29.102,50.293,4.05849,443449.0,1567,delivery/paper/repro_audit/longctx_table1_32_32_perf_20260605/replay_reports/table1_controls_32_32/run_20260605_222843_qwen2p57_9cd3a1_qwen2p57_e78994/hit_miss_amat_summary.csv
qwen2p5_7b_instruct,32k,32k_qwen2p5_7b_instruct_mdqa_cross_doc_role,fpga_h2o_plus_service_clean_victim_cache16_v245,H2O + victim cache,26.595,25.911,3.990846,438628.0,796,delivery/paper/repro_audit/longctx_table1_32_32_perf_20260605/replay_reports/table1_controls_32_32/run_20260605_222843_qwen2p57_9cd3a1_qwen2p57_e78994/hit_miss_amat_summary.csv
qwen2p5_7b_instruct,32k,32k_qwen2p5_7b_instruct_mdqa_component_match,fpga_h2o_plus_service_clean_victim_cache16_v245,H2O + victim cache,26.4,28.613,3.996891,439196.0,879,delivery/paper/repro_audit/longctx_table1_32_32_perf_20260605/replay_reports/table1_controls_32_32/run_20260605_222843_qwen2p57_9cd3a1_qwen2p57_e78994/hit_miss_amat_summary.csv
qwen2p5_7b_instruct,32k,32k_qwen2p5_7b_instruct_mdqa_two_hop_summary,fpga_h2o_plus_service_clean_victim_cache16_v245,H2O + victim cache,28.581,31.901,4.004298,439597.0,980,delivery/paper/repro_audit/longctx_table1_32_32_perf_20260605/replay_reports/table1_controls_32_32/run_20260605_222843_qwen2p57_9cd3a1_qwen2p57_e78994/hit_miss_amat_summary.csv
qwen2p5_7b_instruct,32k,32k_qwen2p5_7b_instruct_mdqa_cross_doc_priority,fpga_h2o_plus_service_clean_victim_cache16_v245,H2O + victim cache,37.891,28.19,3.995937,438975.0,866,delivery/paper/repro_audit/longctx_table1_32_32_perf_20260605/replay_reports/table1_controls_32_32/run_20260605_222843_qwen2p57_9cd3a1_qwen2p57_e78994/hit_miss_amat_summary.csv
qwen2p5_7b_instruct,32k,32k_qwen2p5_7b_instruct_mdqa_chain_descriptor_fields,fpga_h2o_plus_service_clean_victim_cache16_v245,H2O + victim cache,27.604,30.664,4.001569,439463.0,942,delivery/paper/repro_audit/longctx_table1_32_32_perf_20260605/replay_reports/table1_controls_32_32/run_20260605_222843_qwen2p57_9cd3a1_qwen2p57_e78994/hit_miss_amat_summary.csv
qwen2p5_7b_instruct,32k,32k_qwen2p5_7b_instruct_mdqa_three_stage_lookup,fpga_h2o_plus_service_clean_victim_cache16_v245,H2O + victim cache,26.693,31.934,4.004415,439605.0,981,delivery/paper/repro_audit/longctx_table1_32_32_perf_20260605/replay_reports/table1_controls_32_32/run_20260605_222843_qwen2p57_9cd3a1_qwen2p57_e78994/hit_miss_amat_summary.csv
qwen2p5_7b_instruct,32k,32k_qwen2p5_7b_instruct_mdqa_compression_guard,fpga_h2o_plus_service_clean_victim_cache16_v245,H2O + victim cache,29.655,28.158,3.995893,439076.0,865,delivery/paper/repro_audit/longctx_table1_32_32_perf_20260605/replay_reports/table1_controls_32_32/run_20260605_222843_qwen2p57_9cd3a1_qwen2p57_e78994/hit_miss_amat_summary.csv
qwen2p5_7b_instruct,32k,32k_qwen2p5_7b_instruct_mdqa_query_cost_chain,fpga_h2o_plus_service_clean_victim_cache16_v245,H2O + victim cache,33.952,27.897,3.995307,439036.0,857,delivery/paper/repro_audit/longctx_table1_32_32_perf_20260605/replay_reports/table1_controls_32_32/run_20260605_222843_qwen2p57_9cd3a1_qwen2p57_e78994/hit_miss_amat_summary.csv
qwen2p5_7b_instruct,32k,32k_qwen2p5_7b_instruct_mdqa_head_budget_allocation,fpga_h2o_plus_service_clean_victim_cache16_v245,H2O + victim cache,26.855,32.161,4.004886,439533.0,988,delivery/paper/repro_audit/longctx_table1_32_32_perf_20260605/replay_reports/table1_controls_32_32/run_20260605_222843_qwen2p57_9cd3a1_qwen2p57_e78994/hit_miss_amat_summary.csv
qwen2p5_7b_instruct,32k,32k_qwen2p5_7b_instruct_mdqa_backend_admission_reason,fpga_h2o_plus_service_clean_victim_cache16_v245,H2O + victim cache,24.251,34.277,4.009701,439705.0,1053,delivery/paper/repro_audit/longctx_table1_32_32_perf_20260605/replay_reports/table1_controls_32_32/run_20260605_222843_qwen2p57_9cd3a1_qwen2p57_e78994/hit_miss_amat_summary.csv
qwen2p5_7b_instruct,32k,32k_qwen2p5_7b_instruct_lcqa_anchor_timeline,fpga_h2o_plus_service_clean_victim_cache16_v245,H2O + victim cache,36.1,30.176,4.000411,439488.0,927,delivery/paper/repro_audit/longctx_table1_32_32_perf_20260605/replay_reports/table1_controls_32_32/run_20260605_222843_qwen2p57_9cd3a1_qwen2p57_e78994/hit_miss_amat_summary.csv
qwen2p5_7b_instruct,32k,32k_qwen2p5_7b_instruct_lcqa_revision_policy,fpga_h2o_plus_service_clean_victim_cache16_v245,H2O + victim cache,31.12,25.456,3.989765,438762.0,782,delivery/paper/repro_audit/longctx_table1_32_32_perf_20260605/replay_reports/table1_controls_32_32/run_20260605_222843_qwen2p57_9cd3a1_qwen2p57_e78994/hit_miss_amat_summary.csv
qwen2p5_7b_instruct,32k,32k_qwen2p5_7b_instruct_lcqa_sparse_fact,fpga_h2o_plus_service_clean_victim_cache16_v245,H2O + victim cache,28.548,32.194,4.004972,439643.0,989,delivery/paper/repro_audit/longctx_table1_32_32_perf_20260605/replay_reports/table1_controls_32_32/run_20260605_222843_qwen2p57_9cd3a1_qwen2p57_e78994/hit_miss_amat_summary.csv
qwen2p5_7b_instruct,32k,32k_qwen2p5_7b_instruct_lcqa_dual_anchor_incident,fpga_h2o_plus_service_clean_victim_cache16_v245,H2O + victim cache,24.967,29.655,3.999237,439044.0,911,delivery/paper/repro_audit/longctx_table1_32_32_perf_20260605/replay_reports/table1_controls_32_32/run_20260605_222843_qwen2p57_9cd3a1_qwen2p57_e78994/hit_miss_amat_summary.csv
qwen2p5_7b_instruct,32k,32k_qwen2p5_7b_instruct_lcqa_backend_priority_rule,fpga_h2o_plus_service_clean_victim_cache16_v245,H2O + victim cache,26.693,36.198,4.013964,440256.0,1112,delivery/paper/repro_audit/longctx_table1_32_32_perf_20260605/replay_reports/table1_controls_32_32/run_20260605_222843_qwen2p57_9cd3a1_qwen2p57_e78994/hit_miss_amat_summary.csv
qwen2p5_7b_instruct,32k,32k_qwen2p5_7b_instruct_lcqa_epoch_window_recall,fpga_h2o_plus_service_clean_victim_cache16_v245,H2O + victim cache,24.479,32.715,4.006133,439618.0,1005,delivery/paper/repro_audit/longctx_table1_32_32_perf_20260605/replay_reports/table1_controls_32_32/run_20260605_222843_qwen2p57_9cd3a1_qwen2p57_e78994/hit_miss_amat_summary.csv
qwen2p5_7b_instruct,32k,32k_qwen2p5_7b_instruct_lcqa_dual_budget_rule,fpga_h2o_plus_service_clean_victim_cache16_v245,H2O + victim cache,28.483,33.984,4.008994,439813.0,1044,delivery/paper/repro_audit/longctx_table1_32_32_perf_20260605/replay_reports/table1_controls_32_32/run_20260605_222843_qwen2p57_9cd3a1_qwen2p57_e78994/hit_miss_amat_summary.csv
qwen2p5_7b_instruct,32k,32k_qwen2p5_7b_instruct_lcqa_query_relevance_note,fpga_h2o_plus_service_clean_victim_cache16_v245,H2O + victim cache,24.609,32.747,4.006238,439469.0,1006,delivery/paper/repro_audit/longctx_table1_32_32_perf_20260605/replay_reports/table1_controls_32_32/run_20260605_222843_qwen2p57_9cd3a1_qwen2p57_e78994/hit_miss_amat_summary.csv
qwen2p5_7b_instruct,32k,32k_qwen2p5_7b_instruct_lcqa_spill_cost_reason,fpga_h2o_plus_service_clean_victim_cache16_v245,H2O + victim cache,24.479,34.18,4.009437,439687.0,1050,delivery/paper/repro_audit/longctx_table1_32_32_perf_20260605/replay_reports/table1_controls_32_32/run_20260605_222843_qwen2p57_9cd3a1_qwen2p57_e78994/hit_miss_amat_summary.csv
qwen2p5_7b_instruct,32k,32k_qwen2p5_7b_instruct_lcqa_head_budget_rule,fpga_h2o_plus_service_clean_victim_cache16_v245,H2O + victim cache,36.523,27.799,3.995071,438916.0,854,delivery/paper/repro_audit/longctx_table1_32_32_perf_20260605/replay_reports/table1_controls_32_32/run_20260605_222843_qwen2p57_9cd3a1_qwen2p57_e78994/hit_miss_amat_summary.csv
qwen2p5_7b_instruct,32k,32k_qwen2p5_7b_instruct_cmqa_early_name_recall,fpga_h2o_plus_service_clean_victim_cache16_v245,H2O + victim cache,19.01,41.829,4.026682,440862.0,1285,delivery/paper/repro_audit/longctx_table1_32_32_perf_20260605/replay_reports/table1_controls_32_32/run_20260605_222843_qwen2p57_9cd3a1_qwen2p57_e78994/hit_miss_amat_summary.csv
qwen2p5_7b_instruct,32k,32k_qwen2p5_7b_instruct_cmqa_policy_recall,fpga_h2o_plus_service_clean_victim_cache16_v245,H2O + victim cache,23.763,31.348,4.003065,439565.0,963,delivery/paper/repro_audit/longctx_table1_32_32_perf_20260605/replay_reports/table1_controls_32_32/run_20260605_222843_qwen2p57_9cd3a1_qwen2p57_e78994/hit_miss_amat_summary.csv
qwen2p5_7b_instruct,32k,32k_qwen2p5_7b_instruct_cmqa_anchor_reasoning,fpga_h2o_plus_service_clean_victim_cache16_v245,H2O + victim cache,14.551,34.245,4.009636,440013.0,1052,delivery/paper/repro_audit/longctx_table1_32_32_perf_20260605/replay_reports/table1_controls_32_32/run_20260605_222843_qwen2p57_9cd3a1_qwen2p57_e78994/hit_miss_amat_summary.csv
qwen2p5_7b_instruct,32k,32k_qwen2p5_7b_instruct_cmqa_backend_recall,fpga_h2o_plus_service_clean_victim_cache16_v245,H2O + victim cache,17.904,34.993,4.011265,440072.0,1075,delivery/paper/repro_audit/longctx_table1_32_32_perf_20260605/replay_reports/table1_controls_32_32/run_20260605_222843_qwen2p57_9cd3a1_qwen2p57_e78994/hit_miss_amat_summary.csv
qwen2p5_7b_instruct,32k,32k_qwen2p5_7b_instruct_cmqa_field_recall,fpga_h2o_plus_service_clean_victim_cache16_v245,H2O + victim cache,24.447,31.836,4.004136,439586.0,978,delivery/paper/repro_audit/longctx_table1_32_32_perf_20260605/replay_reports/table1_controls_32_32/run_20260605_222843_qwen2p57_9cd3a1_qwen2p57_e78994/hit_miss_amat_summary.csv
qwen2p5_7b_instruct,32k,32k_qwen2p5_7b_instruct_cmqa_epoch_memory,fpga_h2o_plus_service_clean_victim_cache16_v245,H2O + victim cache,22.135,31.901,4.004311,439754.0,980,delivery/paper/repro_audit/longctx_table1_32_32_perf_20260605/replay_reports/table1_controls_32_32/run_20260605_222843_qwen2p57_9cd3a1_qwen2p57_e78994/hit_miss_amat_summary.csv
qwen2p5_7b_instruct,32k,32k_qwen2p5_7b_instruct_cmqa_budget_memory,fpga_h2o_plus_service_clean_victim_cache16_v245,H2O + victim cache,22.103,35.059,4.011393,440237.0,1077,delivery/paper/repro_audit/longctx_table1_32_32_perf_20260605/replay_reports/table1_controls_32_32/run_20260605_222843_qwen2p57_9cd3a1_qwen2p57_e78994/hit_miss_amat_summary.csv
qwen2p5_7b_instruct,32k,32k_qwen2p5_7b_instruct_mdqa_cross_doc_role,fpga_h2o_plus_service_strict_miss_prefetch_v206,H2O + guarded prefetch,26.595,43.49,4.030616,441339.0,1338,delivery/paper/repro_audit/longctx_table1_32_32_perf_20260605/replay_reports/table1_controls_32_32/run_20260605_222843_qwen2p57_9cd3a1_qwen2p57_e78994/hit_miss_amat_summary.csv
qwen2p5_7b_instruct,32k,32k_qwen2p5_7b_instruct_mdqa_component_match,fpga_h2o_plus_service_strict_miss_prefetch_v206,H2O + guarded prefetch,26.335,45.964,4.037057,441935.0,1421,delivery/paper/repro_audit/longctx_table1_32_32_perf_20260605/replay_reports/table1_controls_32_32/run_20260605_222843_qwen2p57_9cd3a1_qwen2p57_e78994/hit_miss_amat_summary.csv
qwen2p5_7b_instruct,32k,32k_qwen2p5_7b_instruct_mdqa_two_hop_summary,fpga_h2o_plus_service_strict_miss_prefetch_v206,H2O + guarded prefetch,28.613,50.553,4.046967,442506.0,1560,delivery/paper/repro_audit/longctx_table1_32_32_perf_20260605/replay_reports/table1_controls_32_32/run_20260605_222843_qwen2p57_9cd3a1_qwen2p57_e78994/hit_miss_amat_summary.csv
qwen2p5_7b_instruct,32k,32k_qwen2p5_7b_instruct_mdqa_cross_doc_priority,fpga_h2o_plus_service_strict_miss_prefetch_v206,H2O + guarded prefetch,37.923,42.188,4.028239,441177.0,1301,delivery/paper/repro_audit/longctx_table1_32_32_perf_20260605/replay_reports/table1_controls_32_32/run_20260605_222843_qwen2p57_9cd3a1_qwen2p57_e78994/hit_miss_amat_summary.csv
qwen2p5_7b_instruct,32k,32k_qwen2p5_7b_instruct_mdqa_chain_descriptor_fields,fpga_h2o_plus_service_strict_miss_prefetch_v206,H2O + guarded prefetch,27.539,44.889,4.035111,441750.0,1395,delivery/paper/repro_audit/longctx_table1_32_32_perf_20260605/replay_reports/table1_controls_32_32/run_20260605_222843_qwen2p57_9cd3a1_qwen2p57_e78994/hit_miss_amat_summary.csv
qwen2p5_7b_instruct,32k,32k_qwen2p5_7b_instruct_mdqa_three_stage_lookup,fpga_h2o_plus_service_strict_miss_prefetch_v206,H2O + guarded prefetch,26.693,45.312,4.035291,441710.0,1398,delivery/paper/repro_audit/longctx_table1_32_32_perf_20260605/replay_reports/table1_controls_32_32/run_20260605_222843_qwen2p57_9cd3a1_qwen2p57_e78994/hit_miss_amat_summary.csv
qwen2p5_7b_instruct,32k,32k_qwen2p5_7b_instruct_mdqa_compression_guard,fpga_h2o_plus_service_strict_miss_prefetch_v206,H2O + guarded prefetch,29.655,43.652,4.031019,441471.0,1344,delivery/paper/repro_audit/longctx_table1_32_32_perf_20260605/replay_reports/table1_controls_32_32/run_20260605_222843_qwen2p57_9cd3a1_qwen2p57_e78994/hit_miss_amat_summary.csv
qwen2p5_7b_instruct,32k,32k_qwen2p5_7b_instruct_mdqa_query_cost_chain,fpga_h2o_plus_service_strict_miss_prefetch_v206,H2O + guarded prefetch,33.952,41.829,4.026927,441192.0,1287,delivery/paper/repro_audit/longctx_table1_32_32_perf_20260605/replay_reports/table1_controls_32_32/run_20260605_222843_qwen2p57_9cd3a1_qwen2p57_e78994/hit_miss_amat_summary.csv
qwen2p5_7b_instruct,32k,32k_qwen2p5_7b_instruct_mdqa_head_budget_allocation,fpga_h2o_plus_service_strict_miss_prefetch_v206,H2O + guarded prefetch,26.855,49.512,4.044146,442209.0,1522,delivery/paper/repro_audit/longctx_table1_32_32_perf_20260605/replay_reports/table1_controls_32_32/run_20260605_222843_qwen2p57_9cd3a1_qwen2p57_e78994/hit_miss_amat_summary.csv
qwen2p5_7b_instruct,32k,32k_qwen2p5_7b_instruct_mdqa_backend_admission_reason,fpga_h2o_plus_service_strict_miss_prefetch_v206,H2O + guarded prefetch,24.251,52.507,4.050913,442513.0,1614,delivery/paper/repro_audit/longctx_table1_32_32_perf_20260605/replay_reports/table1_controls_32_32/run_20260605_222843_qwen2p57_9cd3a1_qwen2p57_e78994/hit_miss_amat_summary.csv
qwen2p5_7b_instruct,32k,32k_qwen2p5_7b_instruct_lcqa_anchor_timeline,fpga_h2o_plus_service_strict_miss_prefetch_v206,H2O + guarded prefetch,36.035,44.303,4.032713,441691.0,1365,delivery/paper/repro_audit/longctx_table1_32_32_perf_20260605/replay_reports/table1_controls_32_32/run_20260605_222843_qwen2p57_9cd3a1_qwen2p57_e78994/hit_miss_amat_summary.csv
qwen2p5_7b_instruct,32k,32k_qwen2p5_7b_instruct_lcqa_revision_policy,fpga_h2o_plus_service_strict_miss_prefetch_v206,H2O + guarded prefetch,31.217,42.35,4.028768,441422.0,1309,delivery/paper/repro_audit/longctx_table1_32_32_perf_20260605/replay_reports/table1_controls_32_32/run_20260605_222843_qwen2p57_9cd3a1_qwen2p57_e78994/hit_miss_amat_summary.csv
qwen2p5_7b_instruct,32k,32k_qwen2p5_7b_instruct_lcqa_sparse_fact,fpga_h2o_plus_service_strict_miss_prefetch_v206,H2O + guarded prefetch,28.581,48.6,4.042493,442201.0,1497,delivery/paper/repro_audit/longctx_table1_32_32_perf_20260605/replay_reports/table1_controls_32_32/run_20260605_222843_qwen2p57_9cd3a1_qwen2p57_e78994/hit_miss_amat_summary.csv
qwen2p5_7b_instruct,32k,32k_qwen2p5_7b_instruct_lcqa_dual_anchor_incident,fpga_h2o_plus_service_strict_miss_prefetch_v206,H2O + guarded prefetch,24.707,46.908,4.038683,441732.0,1446,delivery/paper/repro_audit/longctx_table1_32_32_perf_20260605/replay_reports/table1_controls_32_32/run_20260605_222843_qwen2p57_9cd3a1_qwen2p57_e78994/hit_miss_amat_summary.csv
qwen2p5_7b_instruct,32k,32k_qwen2p5_7b_instruct_lcqa_backend_priority_rule,fpga_h2o_plus_service_strict_miss_prefetch_v206,H2O + guarded prefetch,26.758,49.284,4.044136,442313.0,1520,delivery/paper/repro_audit/longctx_table1_32_32_perf_20260605/replay_reports/table1_controls_32_32/run_20260605_222843_qwen2p57_9cd3a1_qwen2p57_e78994/hit_miss_amat_summary.csv
qwen2p5_7b_instruct,32k,32k_qwen2p5_7b_instruct_lcqa_epoch_window_recall,fpga_h2o_plus_service_strict_miss_prefetch_v206,H2O + guarded prefetch,24.479,50.846,4.047154,442414.0,1562,delivery/paper/repro_audit/longctx_table1_32_32_perf_20260605/replay_reports/table1_controls_32_32/run_20260605_222843_qwen2p57_9cd3a1_qwen2p57_e78994/hit_miss_amat_summary.csv
qwen2p5_7b_instruct,32k,32k_qwen2p5_7b_instruct_lcqa_dual_budget_rule,fpga_h2o_plus_service_strict_miss_prefetch_v206,H2O + guarded prefetch,28.483,47.721,4.040141,441936.0,1468,delivery/paper/repro_audit/longctx_table1_32_32_perf_20260605/replay_reports/table1_controls_32_32/run_20260605_222843_qwen2p57_9cd3a1_qwen2p57_e78994/hit_miss_amat_summary.csv
qwen2p5_7b_instruct,32k,32k_qwen2p5_7b_instruct_lcqa_query_relevance_note,fpga_h2o_plus_service_strict_miss_prefetch_v206,H2O + guarded prefetch,24.609,52.116,4.050238,442467.0,1604,delivery/paper/repro_audit/longctx_table1_32_32_perf_20260605/replay_reports/table1_controls_32_32/run_20260605_222843_qwen2p57_9cd3a1_qwen2p57_e78994/hit_miss_amat_summary.csv
qwen2p5_7b_instruct,32k,32k_qwen2p5_7b_instruct_lcqa_spill_cost_reason,fpga_h2o_plus_service_strict_miss_prefetch_v206,H2O + guarded prefetch,24.642,55.924,4.059425,443093.0,1723,delivery/paper/repro_audit/longctx_table1_32_32_perf_20260605/replay_reports/table1_controls_32_32/run_20260605_222843_qwen2p57_9cd3a1_qwen2p57_e78994/hit_miss_amat_summary.csv
qwen2p5_7b_instruct,32k,32k_qwen2p5_7b_instruct_lcqa_head_budget_rule,fpga_h2o_plus_service_strict_miss_prefetch_v206,H2O + guarded prefetch,36.523,44.564,4.033021,441503.0,1370,delivery/paper/repro_audit/longctx_table1_32_32_perf_20260605/replay_reports/table1_controls_32_32/run_20260605_222843_qwen2p57_9cd3a1_qwen2p57_e78994/hit_miss_amat_summary.csv
qwen2p5_7b_instruct,32k,32k_qwen2p5_7b_instruct_cmqa_early_name_recall,fpga_h2o_plus_service_strict_miss_prefetch_v206,H2O + guarded prefetch,19.01,59.863,4.067644,443653.0,1842,delivery/paper/repro_audit/longctx_table1_32_32_perf_20260605/replay_reports/table1_controls_32_32/run_20260605_222843_qwen2p57_9cd3a1_qwen2p57_e78994/hit_miss_amat_summary.csv
qwen2p5_7b_instruct,32k,32k_qwen2p5_7b_instruct_cmqa_policy_recall,fpga_h2o_plus_service_strict_miss_prefetch_v206,H2O + guarded prefetch,23.763,52.93,4.051772,442886.0,1626,delivery/paper/repro_audit/longctx_table1_32_32_perf_20260605/replay_reports/table1_controls_32_32/run_20260605_222843_qwen2p57_9cd3a1_qwen2p57_e78994/hit_miss_amat_summary.csv
qwen2p5_7b_instruct,32k,32k_qwen2p5_7b_instruct_cmqa_anchor_reasoning,fpga_h2o_plus_service_strict_miss_prefetch_v206,H2O + guarded prefetch,14.681,54.362,4.055394,443133.0,1671,delivery/paper/repro_audit/longctx_table1_32_32_perf_20260605/replay_reports/table1_controls_32_32/run_20260605_222843_qwen2p57_9cd3a1_qwen2p57_e78994/hit_miss_amat_summary.csv
qwen2p5_7b_instruct,32k,32k_qwen2p5_7b_instruct_cmqa_backend_recall,fpga_h2o_plus_service_strict_miss_prefetch_v206,H2O + guarded prefetch,17.904,57.617,4.062632,443574.0,1770,delivery/paper/repro_audit/longctx_table1_32_32_perf_20260605/replay_reports/table1_controls_32_32/run_20260605_222843_qwen2p57_9cd3a1_qwen2p57_e78994/hit_miss_amat_summary.csv
qwen2p5_7b_instruct,32k,32k_qwen2p5_7b_instruct_cmqa_field_recall,fpga_h2o_plus_service_strict_miss_prefetch_v206,H2O + guarded prefetch,24.447,48.21,4.041188,442112.0,1482,delivery/paper/repro_audit/longctx_table1_32_32_perf_20260605/replay_reports/table1_controls_32_32/run_20260605_222843_qwen2p57_9cd3a1_qwen2p57_e78994/hit_miss_amat_summary.csv
qwen2p5_7b_instruct,32k,32k_qwen2p5_7b_instruct_cmqa_epoch_memory,fpga_h2o_plus_service_strict_miss_prefetch_v206,H2O + guarded prefetch,22.135,48.275,4.041393,442283.0,1485,delivery/paper/repro_audit/longctx_table1_32_32_perf_20260605/replay_reports/table1_controls_32_32/run_20260605_222843_qwen2p57_9cd3a1_qwen2p57_e78994/hit_miss_amat_summary.csv
qwen2p5_7b_instruct,32k,32k_qwen2p5_7b_instruct_cmqa_budget_memory,fpga_h2o_plus_service_strict_miss_prefetch_v206,H2O + guarded prefetch,22.103,52.962,4.051774,442991.0,1627,delivery/paper/repro_audit/longctx_table1_32_32_perf_20260605/replay_reports/table1_controls_32_32/run_20260605_222843_qwen2p57_9cd3a1_qwen2p57_e78994/hit_miss_amat_summary.csv
qwen2p5_7b_instruct,4k,4k_qwen2p5_7b_instruct_mdqa_cross_doc_role,fpga_h2o_plus_service_cvr_group_fill_v251,CVR+GF baseline (matched),33.301,28.581,3.980946,69628.0,878,delivery/paper/repro_audit/longctx_l1_l2_size_sweep_20260604/replay_reports/l1_32_l2_32/run_20260604_185908_qwen2p57_e3cab0_qwen2p57_e78994/hit_miss_amat_summary.csv
qwen2p5_7b_instruct,4k,4k_qwen2p5_7b_instruct_mdqa_cross_doc_role,fpga_kiloscore_hv_opt5_global_winner,KiloWare-HV,65.56,14.941,3.798342,67558.0,459,delivery/paper/repro_audit/longctx_l1_l2_size_sweep_20260604/replay_reports/l1_32_l2_32/run_20260604_185908_qwen2p57_e3cab0_qwen2p57_e78994/hit_miss_amat_summary.csv
qwen2p5_7b_instruct,4k,4k_qwen2p5_7b_instruct_mdqa_component_match,fpga_h2o_plus_service_cvr_group_fill_v251,CVR+GF baseline (matched),29.72,31.38,4.018918,69902.0,964,delivery/paper/repro_audit/longctx_l1_l2_size_sweep_20260604/replay_reports/l1_32_l2_32/run_20260604_185908_qwen2p57_e3cab0_qwen2p57_e78994/hit_miss_amat_summary.csv
qwen2p5_7b_instruct,4k,4k_qwen2p5_7b_instruct_mdqa_component_match,fpga_kiloscore_hv_opt5_global_winner,KiloWare-HV,62.891,16.602,3.819395,67645.0,510,delivery/paper/repro_audit/longctx_l1_l2_size_sweep_20260604/replay_reports/l1_32_l2_32/run_20260604_185908_qwen2p57_e3cab0_qwen2p57_e78994/hit_miss_amat_summary.csv
qwen2p5_7b_instruct,4k,4k_qwen2p5_7b_instruct_mdqa_two_hop_summary,fpga_h2o_plus_service_cvr_group_fill_v251,CVR+GF baseline (matched),26.79,33.496,4.047615,70279.0,1029,delivery/paper/repro_audit/longctx_l1_l2_size_sweep_20260604/replay_reports/l1_32_l2_32/run_20260604_185908_qwen2p57_e3cab0_qwen2p57_e78994/hit_miss_amat_summary.csv
qwen2p5_7b_instruct,4k,4k_qwen2p5_7b_instruct_mdqa_two_hop_summary,fpga_kiloscore_hv_opt5_global_winner,KiloWare-HV,62.305,17.122,3.826943,67781.0,526,delivery/paper/repro_audit/longctx_l1_l2_size_sweep_20260604/replay_reports/l1_32_l2_32/run_20260604_185908_qwen2p57_e3cab0_qwen2p57_e78994/hit_miss_amat_summary.csv
qwen2p5_7b_instruct,4k,4k_qwen2p5_7b_instruct_mdqa_cross_doc_priority,fpga_h2o_plus_service_cvr_group_fill_v251,CVR+GF baseline (matched),30.729,29.72,3.996386,69855.0,913,delivery/paper/repro_audit/longctx_l1_l2_size_sweep_20260604/replay_reports/l1_32_l2_32/run_20260604_185908_qwen2p57_e3cab0_qwen2p57_e78994/hit_miss_amat_summary.csv
qwen2p5_7b_instruct,4k,4k_qwen2p5_7b_instruct_mdqa_cross_doc_priority,fpga_kiloscore_hv_opt5_global_winner,KiloWare-HV,61.068,16.178,3.81488,67796.0,497,delivery/paper/repro_audit/longctx_l1_l2_size_sweep_20260604/replay_reports/l1_32_l2_32/run_20260604_185908_qwen2p57_e3cab0_qwen2p57_e78994/hit_miss_amat_summary.csv
qwen2p5_7b_instruct,4k,4k_qwen2p5_7b_instruct_mdqa_chain_descriptor_fields,fpga_h2o_plus_service_cvr_group_fill_v251,CVR+GF baseline (matched),31.706,27.734,3.96939,69497.0,852,delivery/paper/repro_audit/longctx_l1_l2_size_sweep_20260604/replay_reports/l1_32_l2_32/run_20260604_185908_qwen2p57_e3cab0_qwen2p57_e78994/hit_miss_amat_summary.csv
qwen2p5_7b_instruct,4k,4k_qwen2p5_7b_instruct_mdqa_chain_descriptor_fields,fpga_kiloscore_hv_opt5_global_winner,KiloWare-HV,62.402,16.699,3.821718,67823.0,513,delivery/paper/repro_audit/longctx_l1_l2_size_sweep_20260604/replay_reports/l1_32_l2_32/run_20260604_185908_qwen2p57_e3cab0_qwen2p57_e78994/hit_miss_amat_summary.csv
qwen2p5_7b_instruct,4k,4k_qwen2p5_7b_instruct_mdqa_three_stage_lookup,fpga_h2o_plus_service_cvr_group_fill_v251,CVR+GF baseline (matched),32.943,26.4,3.951482,69294.0,811,delivery/paper/repro_audit/longctx_l1_l2_size_sweep_20260604/replay_reports/l1_32_l2_32/run_20260604_185908_qwen2p57_e3cab0_qwen2p57_e78994/hit_miss_amat_summary.csv
qwen2p5_7b_instruct,4k,4k_qwen2p5_7b_instruct_mdqa_three_stage_lookup,fpga_kiloscore_hv_opt5_global_winner,KiloWare-HV,66.504,14.453,3.79102,67475.0,444,delivery/paper/repro_audit/longctx_l1_l2_size_sweep_20260604/replay_reports/l1_32_l2_32/run_20260604_185908_qwen2p57_e3cab0_qwen2p57_e78994/hit_miss_amat_summary.csv
qwen2p5_7b_instruct,4k,4k_qwen2p5_7b_instruct_mdqa_compression_guard,fpga_h2o_plus_service_cvr_group_fill_v251,CVR+GF baseline (matched),25.033,33.984,4.054114,70405.0,1044,delivery/paper/repro_audit/longctx_l1_l2_size_sweep_20260604/replay_reports/l1_32_l2_32/run_20260604_185908_qwen2p57_e3cab0_qwen2p57_e78994/hit_miss_amat_summary.csv
qwen2p5_7b_instruct,4k,4k_qwen2p5_7b_instruct_mdqa_compression_guard,fpga_kiloscore_hv_opt5_global_winner,KiloWare-HV,62.109,19.173,3.855667,68157.0,589,delivery/paper/repro_audit/longctx_l1_l2_size_sweep_20260604/replay_reports/l1_32_l2_32/run_20260604_185908_qwen2p57_e3cab0_qwen2p57_e78994/hit_miss_amat_summary.csv
qwen2p5_7b_instruct,4k,4k_qwen2p5_7b_instruct_mdqa_query_cost_chain,fpga_h2o_plus_service_cvr_group_fill_v251,CVR+GF baseline (matched),29.915,31.966,4.026817,70148.0,982,delivery/paper/repro_audit/longctx_l1_l2_size_sweep_20260604/replay_reports/l1_32_l2_32/run_20260604_185908_qwen2p57_e3cab0_qwen2p57_e78994/hit_miss_amat_summary.csv
qwen2p5_7b_instruct,4k,4k_qwen2p5_7b_instruct_mdqa_query_cost_chain,fpga_kiloscore_hv_opt5_global_winner,KiloWare-HV,63.574,17.057,3.825512,67866.0,524,delivery/paper/repro_audit/longctx_l1_l2_size_sweep_20260604/replay_reports/l1_32_l2_32/run_20260604_185908_qwen2p57_e3cab0_qwen2p57_e78994/hit_miss_amat_summary.csv
qwen2p5_7b_instruct,4k,4k_qwen2p5_7b_instruct_mdqa_head_budget_allocation,fpga_h2o_plus_service_cvr_group_fill_v251,CVR+GF baseline (matched),30.501,29.492,3.993296,69768.0,906,delivery/paper/repro_audit/longctx_l1_l2_size_sweep_20260604/replay_reports/l1_32_l2_32/run_20260604_185908_qwen2p57_e3cab0_qwen2p57_e78994/hit_miss_amat_summary.csv
qwen2p5_7b_instruct,4k,4k_qwen2p5_7b_instruct_mdqa_head_budget_allocation,fpga_kiloscore_hv_opt5_global_winner,KiloWare-HV,61.426,16.764,3.821895,67825.0,515,delivery/paper/repro_audit/longctx_l1_l2_size_sweep_20260604/replay_reports/l1_32_l2_32/run_20260604_185908_qwen2p57_e3cab0_qwen2p57_e78994/hit_miss_amat_summary.csv
qwen2p5_7b_instruct,4k,4k_qwen2p5_7b_instruct_mdqa_backend_admission_reason,fpga_h2o_plus_service_cvr_group_fill_v251,CVR+GF baseline (matched),27.214,28.027,3.973498,69440.0,861,delivery/paper/repro_audit/longctx_l1_l2_size_sweep_20260604/replay_reports/l1_32_l2_32/run_20260604_185908_qwen2p57_e3cab0_qwen2p57_e78994/hit_miss_amat_summary.csv
qwen2p5_7b_instruct,4k,4k_qwen2p5_7b_instruct_mdqa_backend_admission_reason,fpga_kiloscore_hv_opt5_global_winner,KiloWare-HV,64.062,15.137,3.801678,67495.0,465,delivery/paper/repro_audit/longctx_l1_l2_size_sweep_20260604/replay_reports/l1_32_l2_32/run_20260604_185908_qwen2p57_e3cab0_qwen2p57_e78994/hit_miss_amat_summary.csv
qwen2p5_7b_instruct,4k,4k_qwen2p5_7b_instruct_lcqa_anchor_timeline,fpga_h2o_plus_service_cvr_group_fill_v251,CVR+GF baseline (matched),27.344,29.232,3.989686,69779.0,898,delivery/paper/repro_audit/longctx_l1_l2_size_sweep_20260604/replay_reports/l1_32_l2_32/run_20260604_185908_qwen2p57_e3cab0_qwen2p57_e78994/hit_miss_amat_summary.csv
qwen2p5_7b_instruct,4k,4k_qwen2p5_7b_instruct_lcqa_anchor_timeline,fpga_kiloscore_hv_opt5_global_winner,KiloWare-HV,60.059,18.066,3.839827,68079.0,555,delivery/paper/repro_audit/longctx_l1_l2_size_sweep_20260604/replay_reports/l1_32_l2_32/run_20260604_185908_qwen2p57_e3cab0_qwen2p57_e78994/hit_miss_amat_summary.csv
qwen2p5_7b_instruct,4k,4k_qwen2p5_7b_instruct_lcqa_revision_policy,fpga_h2o_plus_service_cvr_group_fill_v251,CVR+GF baseline (matched),30.078,27.962,3.972496,69584.0,859,delivery/paper/repro_audit/longctx_l1_l2_size_sweep_20260604/replay_reports/l1_32_l2_32/run_20260604_185908_qwen2p57_e3cab0_qwen2p57_e78994/hit_miss_amat_summary.csv
qwen2p5_7b_instruct,4k,4k_qwen2p5_7b_instruct_lcqa_revision_policy,fpga_kiloscore_hv_opt5_global_winner,KiloWare-HV,60.482,18.945,3.853226,68231.0,582,delivery/paper/repro_audit/longctx_l1_l2_size_sweep_20260604/replay_reports/l1_32_l2_32/run_20260604_185908_qwen2p57_e3cab0_qwen2p57_e78994/hit_miss_amat_summary.csv
qwen2p5_7b_instruct,4k,4k_qwen2p5_7b_instruct_lcqa_sparse_fact,fpga_h2o_plus_service_cvr_group_fill_v251,CVR+GF baseline (matched),35.905,31.087,4.014996,70014.0,955,delivery/paper/repro_audit/longctx_l1_l2_size_sweep_20260604/replay_reports/l1_32_l2_32/run_20260604_185908_qwen2p57_e3cab0_qwen2p57_e78994/hit_miss_amat_summary.csv
qwen2p5_7b_instruct,4k,4k_qwen2p5_7b_instruct_lcqa_sparse_fact,fpga_kiloscore_hv_opt5_global_winner,KiloWare-HV,62.923,18.262,3.84192,68052.0,561,delivery/paper/repro_audit/longctx_l1_l2_size_sweep_20260604/replay_reports/l1_32_l2_32/run_20260604_185908_qwen2p57_e3cab0_qwen2p57_e78994/hit_miss_amat_summary.csv
qwen2p5_7b_instruct,4k,4k_qwen2p5_7b_instruct_lcqa_dual_anchor_incident,fpga_h2o_plus_service_cvr_group_fill_v251,CVR+GF baseline (matched),28.939,29.98,3.999912,69791.0,921,delivery/paper/repro_audit/longctx_l1_l2_size_sweep_20260604/replay_reports/l1_32_l2_32/run_20260604_185908_qwen2p57_e3cab0_qwen2p57_e78994/hit_miss_amat_summary.csv
qwen2p5_7b_instruct,4k,4k_qwen2p5_7b_instruct_lcqa_dual_anchor_incident,fpga_kiloscore_hv_opt5_global_winner,KiloWare-HV,57.975,18.034,3.838895,67967.0,554,delivery/paper/repro_audit/longctx_l1_l2_size_sweep_20260604/replay_reports/l1_32_l2_32/run_20260604_185908_qwen2p57_e3cab0_qwen2p57_e78994/hit_miss_amat_summary.csv
qwen2p5_7b_instruct,4k,4k_qwen2p5_7b_instruct_lcqa_backend_priority_rule,fpga_h2o_plus_service_cvr_group_fill_v251,CVR+GF baseline (matched),28.092,31.836,4.025053,70128.0,978,delivery/paper/repro_audit/longctx_l1_l2_size_sweep_20260604/replay_reports/l1_32_l2_32/run_20260604_185908_qwen2p57_e3cab0_qwen2p57_e78994/hit_miss_amat_summary.csv
qwen2p5_7b_instruct,4k,4k_qwen2p5_7b_instruct_lcqa_backend_priority_rule,fpga_kiloscore_hv_opt5_global_winner,KiloWare-HV,59.701,16.439,3.816778,67767.0,505,delivery/paper/repro_audit/longctx_l1_l2_size_sweep_20260604/replay_reports/l1_32_l2_32/run_20260604_185908_qwen2p57_e3cab0_qwen2p57_e78994/hit_miss_amat_summary.csv
qwen2p5_7b_instruct,4k,4k_qwen2p5_7b_instruct_lcqa_epoch_window_recall,fpga_h2o_plus_service_cvr_group_fill_v251,CVR+GF baseline (matched),26.53,30.534,4.007686,69827.0,938,delivery/paper/repro_audit/longctx_l1_l2_size_sweep_20260604/replay_reports/l1_32_l2_32/run_20260604_185908_qwen2p57_e3cab0_qwen2p57_e78994/hit_miss_amat_summary.csv
qwen2p5_7b_instruct,4k,4k_qwen2p5_7b_instruct_lcqa_epoch_window_recall,fpga_kiloscore_hv_opt5_global_winner,KiloWare-HV,60.742,15.625,3.806537,67550.0,480,delivery/paper/repro_audit/longctx_l1_l2_size_sweep_20260604/replay_reports/l1_32_l2_32/run_20260604_185908_qwen2p57_e3cab0_qwen2p57_e78994/hit_miss_amat_summary.csv
qwen2p5_7b_instruct,4k,4k_qwen2p5_7b_instruct_lcqa_dual_budget_rule,fpga_h2o_plus_service_cvr_group_fill_v251,CVR+GF baseline (matched),27.376,28.906,3.985247,69573.0,888,delivery/paper/repro_audit/longctx_l1_l2_size_sweep_20260604/replay_reports/l1_32_l2_32/run_20260604_185908_qwen2p57_e3cab0_qwen2p57_e78994/hit_miss_amat_summary.csv
qwen2p5_7b_instruct,4k,4k_qwen2p5_7b_instruct_lcqa_dual_budget_rule,fpga_kiloscore_hv_opt5_global_winner,KiloWare-HV,59.017,18.164,3.839753,67926.0,558,delivery/paper/repro_audit/longctx_l1_l2_size_sweep_20260604/replay_reports/l1_32_l2_32/run_20260604_185908_qwen2p57_e3cab0_qwen2p57_e78994/hit_miss_amat_summary.csv
qwen2p5_7b_instruct,4k,4k_qwen2p5_7b_instruct_lcqa_query_relevance_note,fpga_h2o_plus_service_cvr_group_fill_v251,CVR+GF baseline (matched),33.561,28.223,3.976111,69625.0,867,delivery/paper/repro_audit/longctx_l1_l2_size_sweep_20260604/replay_reports/l1_32_l2_32/run_20260604_185908_qwen2p57_e3cab0_qwen2p57_e78994/hit_miss_amat_summary.csv
qwen2p5_7b_instruct,4k,4k_qwen2p5_7b_instruct_lcqa_query_relevance_note,fpga_kiloscore_hv_opt5_global_winner,KiloWare-HV,65.43,17.448,3.832775,67999.0,536,delivery/paper/repro_audit/longctx_l1_l2_size_sweep_20260604/replay_reports/l1_32_l2_32/run_20260604_185908_qwen2p57_e3cab0_qwen2p57_e78994/hit_miss_amat_summary.csv
qwen2p5_7b_instruct,4k,4k_qwen2p5_7b_instruct_lcqa_spill_cost_reason,fpga_h2o_plus_service_cvr_group_fill_v251,CVR+GF baseline (matched),32.585,28.255,3.976375,69628.0,868,delivery/paper/repro_audit/longctx_l1_l2_size_sweep_20260604/replay_reports/l1_32_l2_32/run_20260604_185908_qwen2p57_e3cab0_qwen2p57_e78994/hit_miss_amat_summary.csv
qwen2p5_7b_instruct,4k,4k_qwen2p5_7b_instruct_lcqa_spill_cost_reason,fpga_kiloscore_hv_opt5_global_winner,KiloWare-HV,64.193,15.397,3.803508,67667.0,473,delivery/paper/repro_audit/longctx_l1_l2_size_sweep_20260604/replay_reports/l1_32_l2_32/run_20260604_185908_qwen2p57_e3cab0_qwen2p57_e78994/hit_miss_amat_summary.csv
qwen2p5_7b_instruct,4k,4k_qwen2p5_7b_instruct_lcqa_head_budget_rule,fpga_h2o_plus_service_cvr_group_fill_v251,CVR+GF baseline (matched),28.125,28.939,3.985699,69630.0,889,delivery/paper/repro_audit/longctx_l1_l2_size_sweep_20260604/replay_reports/l1_32_l2_32/run_20260604_185908_qwen2p57_e3cab0_qwen2p57_e78994/hit_miss_amat_summary.csv
qwen2p5_7b_instruct,4k,4k_qwen2p5_7b_instruct_lcqa_head_budget_rule,fpga_kiloscore_hv_opt5_global_winner,KiloWare-HV,63.411,16.113,3.81303,67674.0,495,delivery/paper/repro_audit/longctx_l1_l2_size_sweep_20260604/replay_reports/l1_32_l2_32/run_20260604_185908_qwen2p57_e3cab0_qwen2p57_e78994/hit_miss_amat_summary.csv
qwen2p5_7b_instruct,4k,4k_qwen2p5_7b_instruct_cmqa_early_name_recall,fpga_h2o_plus_service_cvr_group_fill_v251,CVR+GF baseline (matched),31.25,28.906,3.985258,69625.0,888,delivery/paper/repro_audit/longctx_l1_l2_size_sweep_20260604/replay_reports/l1_32_l2_32/run_20260604_185908_qwen2p57_e3cab0_qwen2p57_e78994/hit_miss_amat_summary.csv
qwen2p5_7b_instruct,4k,4k_qwen2p5_7b_instruct_cmqa_early_name_recall,fpga_kiloscore_hv_opt5_global_winner,KiloWare-HV,69.564,13.509,3.778337,67281.0,415,delivery/paper/repro_audit/longctx_l1_l2_size_sweep_20260604/replay_reports/l1_32_l2_32/run_20260604_185908_qwen2p57_e3cab0_qwen2p57_e78994/hit_miss_amat_summary.csv
qwen2p5_7b_instruct,4k,4k_qwen2p5_7b_instruct_cmqa_policy_recall,fpga_h2o_plus_service_cvr_group_fill_v251,CVR+GF baseline (matched),28.743,29.167,3.988869,69614.0,896,delivery/paper/repro_audit/longctx_l1_l2_size_sweep_20260604/replay_reports/l1_32_l2_32/run_20260604_185908_qwen2p57_e3cab0_qwen2p57_e78994/hit_miss_amat_summary.csv
qwen2p5_7b_instruct,4k,4k_qwen2p5_7b_instruct_cmqa_policy_recall,fpga_kiloscore_hv_opt5_global_winner,KiloWare-HV,65.137,16.016,3.811396,67605.0,492,delivery/paper/repro_audit/longctx_l1_l2_size_sweep_20260604/replay_reports/l1_32_l2_32/run_20260604_185908_qwen2p57_e3cab0_qwen2p57_e78994/hit_miss_amat_summary.csv
qwen2p5_7b_instruct,4k,4k_qwen2p5_7b_instruct_cmqa_anchor_reasoning,fpga_h2o_plus_service_cvr_group_fill_v251,CVR+GF baseline (matched),29.818,30.273,4.003793,69887.0,930,delivery/paper/repro_audit/longctx_l1_l2_size_sweep_20260604/replay_reports/l1_32_l2_32/run_20260604_185908_qwen2p57_e3cab0_qwen2p57_e78994/hit_miss_amat_summary.csv
qwen2p5_7b_instruct,4k,4k_qwen2p5_7b_instruct_cmqa_anchor_reasoning,fpga_kiloscore_hv_opt5_global_winner,KiloWare-HV,64.323,15.495,3.805399,67638.0,476,delivery/paper/repro_audit/longctx_l1_l2_size_sweep_20260604/replay_reports/l1_32_l2_32/run_20260604_185908_qwen2p57_e3cab0_qwen2p57_e78994/hit_miss_amat_summary.csv
qwen2p5_7b_instruct,4k,4k_qwen2p5_7b_instruct_cmqa_backend_recall,fpga_h2o_plus_service_cvr_group_fill_v251,CVR+GF baseline (matched),40.234,24.772,3.929214,69093.0,761,delivery/paper/repro_audit/longctx_l1_l2_size_sweep_20260604/replay_reports/l1_32_l2_32/run_20260604_185908_qwen2p57_e3cab0_qwen2p57_e78994/hit_miss_amat_summary.csv
qwen2p5_7b_instruct,4k,4k_qwen2p5_7b_instruct_cmqa_backend_recall,fpga_kiloscore_hv_opt5_global_winner,KiloWare-HV,70.866,12.402,3.762958,67207.0,381,delivery/paper/repro_audit/longctx_l1_l2_size_sweep_20260604/replay_reports/l1_32_l2_32/run_20260604_185908_qwen2p57_e3cab0_qwen2p57_e78994/hit_miss_amat_summary.csv
qwen2p5_7b_instruct,4k,4k_qwen2p5_7b_instruct_cmqa_field_recall,fpga_h2o_plus_service_cvr_group_fill_v251,CVR+GF baseline (matched),38.346,22.298,3.895804,68714.0,685,delivery/paper/repro_audit/longctx_l1_l2_size_sweep_20260604/replay_reports/l1_32_l2_32/run_20260604_185908_qwen2p57_e3cab0_qwen2p57_e78994/hit_miss_amat_summary.csv
qwen2p5_7b_instruct,4k,4k_qwen2p5_7b_instruct_cmqa_field_recall,fpga_kiloscore_hv_opt5_global_winner,KiloWare-HV,70.768,12.24,3.762694,67204.0,376,delivery/paper/repro_audit/longctx_l1_l2_size_sweep_20260604/replay_reports/l1_32_l2_32/run_20260604_185908_qwen2p57_e3cab0_qwen2p57_e78994/hit_miss_amat_summary.csv
qwen2p5_7b_instruct,4k,4k_qwen2p5_7b_instruct_cmqa_epoch_memory,fpga_h2o_plus_service_cvr_group_fill_v251,CVR+GF baseline (matched),32.78,25.684,3.941602,69182.0,789,delivery/paper/repro_audit/longctx_l1_l2_size_sweep_20260604/replay_reports/l1_32_l2_32/run_20260604_185908_qwen2p57_e3cab0_qwen2p57_e78994/hit_miss_amat_summary.csv
qwen2p5_7b_instruct,4k,4k_qwen2p5_7b_instruct_cmqa_epoch_memory,fpga_kiloscore_hv_opt5_global_winner,KiloWare-HV,61.003,16.309,3.816602,67765.0,501,delivery/paper/repro_audit/longctx_l1_l2_size_sweep_20260604/replay_reports/l1_32_l2_32/run_20260604_185908_qwen2p57_e3cab0_qwen2p57_e78994/hit_miss_amat_summary.csv
qwen2p5_7b_instruct,4k,4k_qwen2p5_7b_instruct_cmqa_budget_memory,fpga_h2o_plus_service_cvr_group_fill_v251,CVR+GF baseline (matched),33.464,29.753,3.996734,69755.0,914,delivery/paper/repro_audit/longctx_l1_l2_size_sweep_20260604/replay_reports/l1_32_l2_32/run_20260604_185908_qwen2p57_e3cab0_qwen2p57_e78994/hit_miss_amat_summary.csv
qwen2p5_7b_instruct,4k,4k_qwen2p5_7b_instruct_cmqa_budget_memory,fpga_kiloscore_hv_opt5_global_winner,KiloWare-HV,60.286,17.122,3.827595,67839.0,526,delivery/paper/repro_audit/longctx_l1_l2_size_sweep_20260604/replay_reports/l1_32_l2_32/run_20260604_185908_qwen2p57_e3cab0_qwen2p57_e78994/hit_miss_amat_summary.csv
qwen2p5_7b_instruct,8k,8k_qwen2p5_7b_instruct_mdqa_cross_doc_role,fpga_h2o_plus_service_cvr_group_fill_v251,CVR+GF baseline (matched),19.792,37.663,4.060597,123698.0,1157,delivery/paper/repro_audit/longctx_l1_l2_size_sweep_20260604/replay_reports/l1_32_l2_32/run_20260604_221141_qwen2p57_f5f68e_qwen2p57_e78994/hit_miss_amat_summary.csv
qwen2p5_7b_instruct,8k,8k_qwen2p5_7b_instruct_mdqa_cross_doc_role,fpga_kiloscore_hv_opt5_global_winner,KiloWare-HV,53.418,21.354,3.934362,121244.0,656,delivery/paper/repro_audit/longctx_l1_l2_size_sweep_20260604/replay_reports/l1_32_l2_32/run_20260604_221141_qwen2p57_f5f68e_qwen2p57_e78994/hit_miss_amat_summary.csv
qwen2p5_7b_instruct,8k,8k_qwen2p5_7b_instruct_mdqa_component_match,fpga_h2o_plus_service_cvr_group_fill_v251,CVR+GF baseline (matched),24.512,36.784,4.053733,123617.0,1130,delivery/paper/repro_audit/longctx_l1_l2_size_sweep_20260604/replay_reports/l1_32_l2_32/run_20260604_221141_qwen2p57_f5f68e_qwen2p57_e78994/hit_miss_amat_summary.csv
qwen2p5_7b_instruct,8k,8k_qwen2p5_7b_instruct_mdqa_component_match,fpga_kiloscore_hv_opt5_global_winner,KiloWare-HV,58.203,20.443,3.926831,121149.0,628,delivery/paper/repro_audit/longctx_l1_l2_size_sweep_20260604/replay_reports/l1_32_l2_32/run_20260604_221141_qwen2p57_f5f68e_qwen2p57_e78994/hit_miss_amat_summary.csv
qwen2p5_7b_instruct,8k,8k_qwen2p5_7b_instruct_mdqa_two_hop_summary,fpga_h2o_plus_service_cvr_group_fill_v251,CVR+GF baseline (matched),21.061,33.757,4.029823,123152.0,1037,delivery/paper/repro_audit/longctx_l1_l2_size_sweep_20260604/replay_reports/l1_32_l2_32/run_20260604_221141_qwen2p57_f5f68e_qwen2p57_e78994/hit_miss_amat_summary.csv
qwen2p5_7b_instruct,8k,8k_qwen2p5_7b_instruct_mdqa_two_hop_summary,fpga_kiloscore_hv_opt5_global_winner,KiloWare-HV,57.878,18.945,3.91485,120916.0,582,delivery/paper/repro_audit/longctx_l1_l2_size_sweep_20260604/replay_reports/l1_32_l2_32/run_20260604_221141_qwen2p57_f5f68e_qwen2p57_e78994/hit_miss_amat_summary.csv
qwen2p5_7b_instruct,8k,8k_qwen2p5_7b_instruct_mdqa_cross_doc_priority,fpga_h2o_plus_service_cvr_group_fill_v251,CVR+GF baseline (matched),20.736,34.993,4.039558,123289.0,1075,delivery/paper/repro_audit/longctx_l1_l2_size_sweep_20260604/replay_reports/l1_32_l2_32/run_20260604_221141_qwen2p57_f5f68e_qwen2p57_e78994/hit_miss_amat_summary.csv
qwen2p5_7b_instruct,8k,8k_qwen2p5_7b_instruct_mdqa_cross_doc_priority,fpga_kiloscore_hv_opt5_global_winner,KiloWare-HV,61.068,18.75,3.913066,120830.0,576,delivery/paper/repro_audit/longctx_l1_l2_size_sweep_20260604/replay_reports/l1_32_l2_32/run_20260604_221141_qwen2p57_f5f68e_qwen2p57_e78994/hit_miss_amat_summary.csv
qwen2p5_7b_instruct,8k,8k_qwen2p5_7b_instruct_mdqa_chain_descriptor_fields,fpga_h2o_plus_service_cvr_group_fill_v251,CVR+GF baseline (matched),16.829,36.1,4.048374,123408.0,1109,delivery/paper/repro_audit/longctx_l1_l2_size_sweep_20260604/replay_reports/l1_32_l2_32/run_20260604_221141_qwen2p57_f5f68e_qwen2p57_e78994/hit_miss_amat_summary.csv
qwen2p5_7b_instruct,8k,8k_qwen2p5_7b_instruct_mdqa_chain_descriptor_fields,fpga_kiloscore_hv_opt5_global_winner,KiloWare-HV,56.348,20.443,3.927388,121057.0,628,delivery/paper/repro_audit/longctx_l1_l2_size_sweep_20260604/replay_reports/l1_32_l2_32/run_20260604_221141_qwen2p57_f5f68e_qwen2p57_e78994/hit_miss_amat_summary.csv
qwen2p5_7b_instruct,8k,8k_qwen2p5_7b_instruct_mdqa_three_stage_lookup,fpga_h2o_plus_service_cvr_group_fill_v251,CVR+GF baseline (matched),17.741,40.527,4.083265,124086.0,1245,delivery/paper/repro_audit/longctx_l1_l2_size_sweep_20260604/replay_reports/l1_32_l2_32/run_20260604_221141_qwen2p57_f5f68e_qwen2p57_e78994/hit_miss_amat_summary.csv
qwen2p5_7b_instruct,8k,8k_qwen2p5_7b_instruct_mdqa_three_stage_lookup,fpga_kiloscore_hv_opt5_global_winner,KiloWare-HV,53.581,23.242,3.949002,121477.0,714,delivery/paper/repro_audit/longctx_l1_l2_size_sweep_20260604/replay_reports/l1_32_l2_32/run_20260604_221141_qwen2p57_f5f68e_qwen2p57_e78994/hit_miss_amat_summary.csv
qwen2p5_7b_instruct,8k,8k_qwen2p5_7b_instruct_mdqa_compression_guard,fpga_h2o_plus_service_cvr_group_fill_v251,CVR+GF baseline (matched),20.15,35.612,4.044533,123281.0,1094,delivery/paper/repro_audit/longctx_l1_l2_size_sweep_20260604/replay_reports/l1_32_l2_32/run_20260604_221141_qwen2p57_f5f68e_qwen2p57_e78994/hit_miss_amat_summary.csv
qwen2p5_7b_instruct,8k,8k_qwen2p5_7b_instruct_mdqa_compression_guard,fpga_kiloscore_hv_opt5_global_winner,KiloWare-HV,57.422,18.359,3.910163,120671.0,564,delivery/paper/repro_audit/longctx_l1_l2_size_sweep_20260604/replay_reports/l1_32_l2_32/run_20260604_221141_qwen2p57_f5f68e_qwen2p57_e78994/hit_miss_amat_summary.csv
qwen2p5_7b_instruct,8k,8k_qwen2p5_7b_instruct_mdqa_query_cost_chain,fpga_h2o_plus_service_cvr_group_fill_v251,CVR+GF baseline (matched),20.182,35.124,4.040706,123259.0,1079,delivery/paper/repro_audit/longctx_l1_l2_size_sweep_20260604/replay_reports/l1_32_l2_32/run_20260604_221141_qwen2p57_f5f68e_qwen2p57_e78994/hit_miss_amat_summary.csv
qwen2p5_7b_instruct,8k,8k_qwen2p5_7b_instruct_mdqa_query_cost_chain,fpga_kiloscore_hv_opt5_global_winner,KiloWare-HV,56.283,21.224,3.933152,121169.0,652,delivery/paper/repro_audit/longctx_l1_l2_size_sweep_20260604/replay_reports/l1_32_l2_32/run_20260604_221141_qwen2p57_f5f68e_qwen2p57_e78994/hit_miss_amat_summary.csv
qwen2p5_7b_instruct,8k,8k_qwen2p5_7b_instruct_mdqa_head_budget_allocation,fpga_h2o_plus_service_cvr_group_fill_v251,CVR+GF baseline (matched),19.629,38.281,4.065562,123742.0,1176,delivery/paper/repro_audit/longctx_l1_l2_size_sweep_20260604/replay_reports/l1_32_l2_32/run_20260604_221141_qwen2p57_f5f68e_qwen2p57_e78994/hit_miss_amat_summary.csv
qwen2p5_7b_instruct,8k,8k_qwen2p5_7b_instruct_mdqa_head_budget_allocation,fpga_kiloscore_hv_opt5_global_winner,KiloWare-HV,59.212,19.108,3.917816,120871.0,587,delivery/paper/repro_audit/longctx_l1_l2_size_sweep_20260604/replay_reports/l1_32_l2_32/run_20260604_221141_qwen2p57_f5f68e_qwen2p57_e78994/hit_miss_amat_summary.csv
qwen2p5_7b_instruct,8k,8k_qwen2p5_7b_instruct_mdqa_backend_admission_reason,fpga_h2o_plus_service_cvr_group_fill_v251,CVR+GF baseline (matched),21.94,30.957,4.007767,122671.0,951,delivery/paper/repro_audit/longctx_l1_l2_size_sweep_20260604/replay_reports/l1_32_l2_32/run_20260604_221141_qwen2p57_f5f68e_qwen2p57_e78994/hit_miss_amat_summary.csv
qwen2p5_7b_instruct,8k,8k_qwen2p5_7b_instruct_mdqa_backend_admission_reason,fpga_kiloscore_hv_opt5_global_winner,KiloWare-HV,61.979,16.764,3.898045,120538.0,515,delivery/paper/repro_audit/longctx_l1_l2_size_sweep_20260604/replay_reports/l1_32_l2_32/run_20260604_221141_qwen2p57_f5f68e_qwen2p57_e78994/hit_miss_amat_summary.csv
qwen2p5_7b_instruct,8k,8k_qwen2p5_7b_instruct_lcqa_anchor_timeline,fpga_h2o_plus_service_cvr_group_fill_v251,CVR+GF baseline (matched),15.983,35.449,4.043158,123359.0,1089,delivery/paper/repro_audit/longctx_l1_l2_size_sweep_20260604/replay_reports/l1_32_l2_32/run_20260604_221141_qwen2p57_f5f68e_qwen2p57_e78994/hit_miss_amat_summary.csv
qwen2p5_7b_instruct,8k,8k_qwen2p5_7b_instruct_lcqa_anchor_timeline,fpga_kiloscore_hv_opt5_global_winner,KiloWare-HV,55.339,21.68,3.93714,121298.0,666,delivery/paper/repro_audit/longctx_l1_l2_size_sweep_20260604/replay_reports/l1_32_l2_32/run_20260604_221141_qwen2p57_f5f68e_qwen2p57_e78994/hit_miss_amat_summary.csv
qwen2p5_7b_instruct,8k,8k_qwen2p5_7b_instruct_lcqa_revision_policy,fpga_h2o_plus_service_cvr_group_fill_v251,CVR+GF baseline (matched),18.783,37.174,4.056762,123571.0,1142,delivery/paper/repro_audit/longctx_l1_l2_size_sweep_20260604/replay_reports/l1_32_l2_32/run_20260604_221141_qwen2p57_f5f68e_qwen2p57_e78994/hit_miss_amat_summary.csv
qwen2p5_7b_instruct,8k,8k_qwen2p5_7b_instruct_lcqa_revision_policy,fpga_kiloscore_hv_opt5_global_winner,KiloWare-HV,60.71,19.564,3.921727,120947.0,601,delivery/paper/repro_audit/longctx_l1_l2_size_sweep_20260604/replay_reports/l1_32_l2_32/run_20260604_221141_qwen2p57_f5f68e_qwen2p57_e78994/hit_miss_amat_summary.csv
qwen2p5_7b_instruct,8k,8k_qwen2p5_7b_instruct_lcqa_sparse_fact,fpga_h2o_plus_service_cvr_group_fill_v251,CVR+GF baseline (matched),16.699,39.355,4.073971,123958.0,1209,delivery/paper/repro_audit/longctx_l1_l2_size_sweep_20260604/replay_reports/l1_32_l2_32/run_20260604_221141_qwen2p57_f5f68e_qwen2p57_e78994/hit_miss_amat_summary.csv
qwen2p5_7b_instruct,8k,8k_qwen2p5_7b_instruct_lcqa_sparse_fact,fpga_kiloscore_hv_opt5_global_winner,KiloWare-HV,57.812,22.396,3.94285,121409.0,688,delivery/paper/repro_audit/longctx_l1_l2_size_sweep_20260604/replay_reports/l1_32_l2_32/run_20260604_221141_qwen2p57_f5f68e_qwen2p57_e78994/hit_miss_amat_summary.csv
qwen2p5_7b_instruct,8k,8k_qwen2p5_7b_instruct_lcqa_dual_anchor_incident,fpga_h2o_plus_service_cvr_group_fill_v251,CVR+GF baseline (matched),19.336,38.509,4.067359,123882.0,1183,delivery/paper/repro_audit/longctx_l1_l2_size_sweep_20260604/replay_reports/l1_32_l2_32/run_20260604_221141_qwen2p57_f5f68e_qwen2p57_e78994/hit_miss_amat_summary.csv
qwen2p5_7b_instruct,8k,8k_qwen2p5_7b_instruct_lcqa_dual_anchor_incident,fpga_kiloscore_hv_opt5_global_winner,KiloWare-HV,53.971,22.038,3.940251,121410.0,677,delivery/paper/repro_audit/longctx_l1_l2_size_sweep_20260604/replay_reports/l1_32_l2_32/run_20260604_221141_qwen2p57_f5f68e_qwen2p57_e78994/hit_miss_amat_summary.csv
qwen2p5_7b_instruct,8k,8k_qwen2p5_7b_instruct_lcqa_backend_priority_rule,fpga_h2o_plus_service_cvr_group_fill_v251,CVR+GF baseline (matched),18.62,38.639,4.068392,123797.0,1187,delivery/paper/repro_audit/longctx_l1_l2_size_sweep_20260604/replay_reports/l1_32_l2_32/run_20260604_221141_qwen2p57_f5f68e_qwen2p57_e78994/hit_miss_amat_summary.csv
qwen2p5_7b_instruct,8k,8k_qwen2p5_7b_instruct_lcqa_backend_priority_rule,fpga_kiloscore_hv_opt5_global_winner,KiloWare-HV,60.775,19.499,3.919772,120909.0,599,delivery/paper/repro_audit/longctx_l1_l2_size_sweep_20260604/replay_reports/l1_32_l2_32/run_20260604_221141_qwen2p57_f5f68e_qwen2p57_e78994/hit_miss_amat_summary.csv
qwen2p5_7b_instruct,8k,8k_qwen2p5_7b_instruct_lcqa_epoch_window_recall,fpga_h2o_plus_service_cvr_group_fill_v251,CVR+GF baseline (matched),16.699,34.993,4.039609,123290.0,1075,delivery/paper/repro_audit/longctx_l1_l2_size_sweep_20260604/replay_reports/l1_32_l2_32/run_20260604_221141_qwen2p57_f5f68e_qwen2p57_e78994/hit_miss_amat_summary.csv
qwen2p5_7b_instruct,8k,8k_qwen2p5_7b_instruct_lcqa_epoch_window_recall,fpga_kiloscore_hv_opt5_global_winner,KiloWare-HV,57.194,19.629,3.919856,120962.0,603,delivery/paper/repro_audit/longctx_l1_l2_size_sweep_20260604/replay_reports/l1_32_l2_32/run_20260604_221141_qwen2p57_f5f68e_qwen2p57_e78994/hit_miss_amat_summary.csv
qwen2p5_7b_instruct,8k,8k_qwen2p5_7b_instruct_lcqa_dual_budget_rule,fpga_h2o_plus_service_cvr_group_fill_v251,CVR+GF baseline (matched),19.043,35.742,4.04537,123402.0,1098,delivery/paper/repro_audit/longctx_l1_l2_size_sweep_20260604/replay_reports/l1_32_l2_32/run_20260604_221141_qwen2p57_f5f68e_qwen2p57_e78994/hit_miss_amat_summary.csv
qwen2p5_7b_instruct,8k,8k_qwen2p5_7b_instruct_lcqa_dual_budget_rule,fpga_kiloscore_hv_opt5_global_winner,KiloWare-HV,56.087,19.466,3.917798,120922.0,598,delivery/paper/repro_audit/longctx_l1_l2_size_sweep_20260604/replay_reports/l1_32_l2_32/run_20260604_221141_qwen2p57_f5f68e_qwen2p57_e78994/hit_miss_amat_summary.csv
qwen2p5_7b_instruct,8k,8k_qwen2p5_7b_instruct_lcqa_query_relevance_note,fpga_h2o_plus_service_cvr_group_fill_v251,CVR+GF baseline (matched),20.117,30.208,4.001749,122554.0,928,delivery/paper/repro_audit/longctx_l1_l2_size_sweep_20260604/replay_reports/l1_32_l2_32/run_20260604_221141_qwen2p57_f5f68e_qwen2p57_e78994/hit_miss_amat_summary.csv
qwen2p5_7b_instruct,8k,8k_qwen2p5_7b_instruct_lcqa_query_relevance_note,fpga_kiloscore_hv_opt5_global_winner,KiloWare-HV,57.78,18.652,3.91322,120833.0,573,delivery/paper/repro_audit/longctx_l1_l2_size_sweep_20260604/replay_reports/l1_32_l2_32/run_20260604_221141_qwen2p57_f5f68e_qwen2p57_e78994/hit_miss_amat_summary.csv
qwen2p5_7b_instruct,8k,8k_qwen2p5_7b_instruct_lcqa_spill_cost_reason,fpga_h2o_plus_service_cvr_group_fill_v251,CVR+GF baseline (matched),19.824,32.747,4.021759,122943.0,1006,delivery/paper/repro_audit/longctx_l1_l2_size_sweep_20260604/replay_reports/l1_32_l2_32/run_20260604_221141_qwen2p57_f5f68e_qwen2p57_e78994/hit_miss_amat_summary.csv
qwen2p5_7b_instruct,8k,8k_qwen2p5_7b_instruct_lcqa_spill_cost_reason,fpga_kiloscore_hv_opt5_global_winner,KiloWare-HV,56.217,18.685,3.912809,120825.0,574,delivery/paper/repro_audit/longctx_l1_l2_size_sweep_20260604/replay_reports/l1_32_l2_32/run_20260604_221141_qwen2p57_f5f68e_qwen2p57_e78994/hit_miss_amat_summary.csv
qwen2p5_7b_instruct,8k,8k_qwen2p5_7b_instruct_lcqa_head_budget_rule,fpga_h2o_plus_service_cvr_group_fill_v251,CVR+GF baseline (matched),21.257,36.686,4.05291,123601.0,1127,delivery/paper/repro_audit/longctx_l1_l2_size_sweep_20260604/replay_reports/l1_32_l2_32/run_20260604_221141_qwen2p57_f5f68e_qwen2p57_e78994/hit_miss_amat_summary.csv
qwen2p5_7b_instruct,8k,8k_qwen2p5_7b_instruct_lcqa_head_budget_rule,fpga_kiloscore_hv_opt5_global_winner,KiloWare-HV,61.523,16.96,3.899373,120615.0,521,delivery/paper/repro_audit/longctx_l1_l2_size_sweep_20260604/replay_reports/l1_32_l2_32/run_20260604_221141_qwen2p57_f5f68e_qwen2p57_e78994/hit_miss_amat_summary.csv
qwen2p5_7b_instruct,8k,8k_qwen2p5_7b_instruct_cmqa_early_name_recall,fpga_h2o_plus_service_cvr_group_fill_v251,CVR+GF baseline (matched),20.996,35.384,4.042662,123297.0,1087,delivery/paper/repro_audit/longctx_l1_l2_size_sweep_20260604/replay_reports/l1_32_l2_32/run_20260604_221141_qwen2p57_f5f68e_qwen2p57_e78994/hit_miss_amat_summary.csv
qwen2p5_7b_instruct,8k,8k_qwen2p5_7b_instruct_cmqa_early_name_recall,fpga_kiloscore_hv_opt5_global_winner,KiloWare-HV,56.641,21.68,3.938143,121266.0,666,delivery/paper/repro_audit/longctx_l1_l2_size_sweep_20260604/replay_reports/l1_32_l2_32/run_20260604_221141_qwen2p57_f5f68e_qwen2p57_e78994/hit_miss_amat_summary.csv
qwen2p5_7b_instruct,8k,8k_qwen2p5_7b_instruct_cmqa_policy_recall,fpga_h2o_plus_service_cvr_group_fill_v251,CVR+GF baseline (matched),18.424,40.788,4.085391,124180.0,1253,delivery/paper/repro_audit/longctx_l1_l2_size_sweep_20260604/replay_reports/l1_32_l2_32/run_20260604_221141_qwen2p57_f5f68e_qwen2p57_e78994/hit_miss_amat_summary.csv
qwen2p5_7b_instruct,8k,8k_qwen2p5_7b_instruct_cmqa_policy_recall,fpga_kiloscore_hv_opt5_global_winner,KiloWare-HV,57.096,22.721,3.947428,121498.0,698,delivery/paper/repro_audit/longctx_l1_l2_size_sweep_20260604/replay_reports/l1_32_l2_32/run_20260604_221141_qwen2p57_f5f68e_qwen2p57_e78994/hit_miss_amat_summary.csv
qwen2p5_7b_instruct,8k,8k_qwen2p5_7b_instruct_cmqa_anchor_reasoning,fpga_h2o_plus_service_cvr_group_fill_v251,CVR+GF baseline (matched),18.229,40.69,4.084586,124059.0,1250,delivery/paper/repro_audit/longctx_l1_l2_size_sweep_20260604/replay_reports/l1_32_l2_32/run_20260604_221141_qwen2p57_f5f68e_qwen2p57_e78994/hit_miss_amat_summary.csv
qwen2p5_7b_instruct,8k,8k_qwen2p5_7b_instruct_cmqa_anchor_reasoning,fpga_kiloscore_hv_opt5_global_winner,KiloWare-HV,57.324,22.559,3.944862,121345.0,693,delivery/paper/repro_audit/longctx_l1_l2_size_sweep_20260604/replay_reports/l1_32_l2_32/run_20260604_221141_qwen2p57_f5f68e_qwen2p57_e78994/hit_miss_amat_summary.csv
qwen2p5_7b_instruct,8k,8k_qwen2p5_7b_instruct_cmqa_backend_recall,fpga_h2o_plus_service_cvr_group_fill_v251,CVR+GF baseline (matched),20.02,35.71,4.045202,123294.0,1097,delivery/paper/repro_audit/longctx_l1_l2_size_sweep_20260604/replay_reports/l1_32_l2_32/run_20260604_221141_qwen2p57_f5f68e_qwen2p57_e78994/hit_miss_amat_summary.csv
qwen2p5_7b_instruct,8k,8k_qwen2p5_7b_instruct_cmqa_backend_recall,fpga_kiloscore_hv_opt5_global_winner,KiloWare-HV,56.478,21.061,3.931837,121092.0,647,delivery/paper/repro_audit/longctx_l1_l2_size_sweep_20260604/replay_reports/l1_32_l2_32/run_20260604_221141_qwen2p57_f5f68e_qwen2p57_e78994/hit_miss_amat_summary.csv
qwen2p5_7b_instruct,8k,8k_qwen2p5_7b_instruct_cmqa_field_recall,fpga_h2o_plus_service_cvr_group_fill_v251,CVR+GF baseline (matched),18.132,40.202,4.080879,123987.0,1235,delivery/paper/repro_audit/longctx_l1_l2_size_sweep_20260604/replay_reports/l1_32_l2_32/run_20260604_221141_qwen2p57_f5f68e_qwen2p57_e78994/hit_miss_amat_summary.csv
qwen2p5_7b_instruct,8k,8k_qwen2p5_7b_instruct_cmqa_field_recall,fpga_kiloscore_hv_opt5_global_winner,KiloWare-HV,55.176,20.085,3.924938,120958.0,617,delivery/paper/repro_audit/longctx_l1_l2_size_sweep_20260604/replay_reports/l1_32_l2_32/run_20260604_221141_qwen2p57_f5f68e_qwen2p57_e78994/hit_miss_amat_summary.csv
qwen2p5_7b_instruct,8k,8k_qwen2p5_7b_instruct_cmqa_epoch_memory,fpga_h2o_plus_service_cvr_group_fill_v251,CVR+GF baseline (matched),20.28,35.384,4.042644,123349.0,1087,delivery/paper/repro_audit/longctx_l1_l2_size_sweep_20260604/replay_reports/l1_32_l2_32/run_20260604_221141_qwen2p57_f5f68e_qwen2p57_e78994/hit_miss_amat_summary.csv
qwen2p5_7b_instruct,8k,8k_qwen2p5_7b_instruct_cmqa_epoch_memory,fpga_kiloscore_hv_opt5_global_winner,KiloWare-HV,58.431,19.564,3.919496,120955.0,601,delivery/paper/repro_audit/longctx_l1_l2_size_sweep_20260604/replay_reports/l1_32_l2_32/run_20260604_221141_qwen2p57_f5f68e_qwen2p57_e78994/hit_miss_amat_summary.csv
qwen2p5_7b_instruct,8k,8k_qwen2p5_7b_instruct_cmqa_budget_memory,fpga_h2o_plus_service_cvr_group_fill_v251,CVR+GF baseline (matched),24.186,32.715,4.021451,122937.0,1005,delivery/paper/repro_audit/longctx_l1_l2_size_sweep_20260604/replay_reports/l1_32_l2_32/run_20260604_221141_qwen2p57_f5f68e_qwen2p57_e78994/hit_miss_amat_summary.csv
qwen2p5_7b_instruct,8k,8k_qwen2p5_7b_instruct_cmqa_budget_memory,fpga_kiloscore_hv_opt5_global_winner,KiloWare-HV,54.85,19.564,3.919342,120952.0,601,delivery/paper/repro_audit/longctx_l1_l2_size_sweep_20260604/replay_reports/l1_32_l2_32/run_20260604_221141_qwen2p57_f5f68e_qwen2p57_e78994/hit_miss_amat_summary.csv
qwen2p5_7b_instruct,16k,16k_qwen2p5_7b_instruct_mdqa_cross_doc_role,fpga_h2o_plus_service_cvr_group_fill_v251,CVR+GF baseline (matched),15.43,38.118,4.035121,229124.0,1171,delivery/paper/repro_audit/longctx_l1_l2_size_sweep_20260604/replay_reports/l1_32_l2_32/run_20260604_222306_qwen2p57_339910_qwen2p57_e78994/hit_miss_amat_summary.csv
qwen2p5_7b_instruct,16k,16k_qwen2p5_7b_instruct_mdqa_cross_doc_role,fpga_kiloscore_hv_opt5_global_winner,KiloWare-HV,57.292,19.271,3.955285,226278.0,592,delivery/paper/repro_audit/longctx_l1_l2_size_sweep_20260604/replay_reports/l1_32_l2_32/run_20260604_222306_qwen2p57_339910_qwen2p57_e78994/hit_miss_amat_summary.csv
qwen2p5_7b_instruct,16k,16k_qwen2p5_7b_instruct_mdqa_component_match,fpga_h2o_plus_service_cvr_group_fill_v251,CVR+GF baseline (matched),17.969,37.402,4.031972,229064.0,1149,delivery/paper/repro_audit/longctx_l1_l2_size_sweep_20260604/replay_reports/l1_32_l2_32/run_20260604_222306_qwen2p57_339910_qwen2p57_e78994/hit_miss_amat_summary.csv
qwen2p5_7b_instruct,16k,16k_qwen2p5_7b_instruct_mdqa_component_match,fpga_kiloscore_hv_opt5_global_winner,KiloWare-HV,57.91,19.206,3.955996,226355.0,590,delivery/paper/repro_audit/longctx_l1_l2_size_sweep_20260604/replay_reports/l1_32_l2_32/run_20260604_222306_qwen2p57_339910_qwen2p57_e78994/hit_miss_amat_summary.csv
qwen2p5_7b_instruct,16k,16k_qwen2p5_7b_instruct_mdqa_two_hop_summary,fpga_h2o_plus_service_cvr_group_fill_v251,CVR+GF baseline (matched),19.531,35.319,4.022964,228795.0,1085,delivery/paper/repro_audit/longctx_l1_l2_size_sweep_20260604/replay_reports/l1_32_l2_32/run_20260604_222306_qwen2p57_339910_qwen2p57_e78994/hit_miss_amat_summary.csv
qwen2p5_7b_instruct,16k,16k_qwen2p5_7b_instruct_mdqa_two_hop_summary,fpga_kiloscore_hv_opt5_global_winner,KiloWare-HV,54.102,19.466,3.956679,226431.0,598,delivery/paper/repro_audit/longctx_l1_l2_size_sweep_20260604/replay_reports/l1_32_l2_32/run_20260604_222306_qwen2p57_339910_qwen2p57_e78994/hit_miss_amat_summary.csv
qwen2p5_7b_instruct,16k,16k_qwen2p5_7b_instruct_mdqa_cross_doc_priority,fpga_h2o_plus_service_cvr_group_fill_v251,CVR+GF baseline (matched),16.471,35.514,4.023867,228775.0,1091,delivery/paper/repro_audit/longctx_l1_l2_size_sweep_20260604/replay_reports/l1_32_l2_32/run_20260604_222306_qwen2p57_339910_qwen2p57_e78994/hit_miss_amat_summary.csv
qwen2p5_7b_instruct,16k,16k_qwen2p5_7b_instruct_mdqa_cross_doc_priority,fpga_kiloscore_hv_opt5_global_winner,KiloWare-HV,56.283,19.01,3.955043,226321.0,584,delivery/paper/repro_audit/longctx_l1_l2_size_sweep_20260604/replay_reports/l1_32_l2_32/run_20260604_222306_qwen2p57_339910_qwen2p57_e78994/hit_miss_amat_summary.csv
qwen2p5_7b_instruct,16k,16k_qwen2p5_7b_instruct_mdqa_chain_descriptor_fields,fpga_h2o_plus_service_cvr_group_fill_v251,CVR+GF baseline (matched),15.951,36.426,4.027675,228963.0,1119,delivery/paper/repro_audit/longctx_l1_l2_size_sweep_20260604/replay_reports/l1_32_l2_32/run_20260604_222306_qwen2p57_339910_qwen2p57_e78994/hit_miss_amat_summary.csv
qwen2p5_7b_instruct,16k,16k_qwen2p5_7b_instruct_mdqa_chain_descriptor_fields,fpga_kiloscore_hv_opt5_global_winner,KiloWare-HV,56.803,19.238,3.956062,226409.0,591,delivery/paper/repro_audit/longctx_l1_l2_size_sweep_20260604/replay_reports/l1_32_l2_32/run_20260604_222306_qwen2p57_339910_qwen2p57_e78994/hit_miss_amat_summary.csv
qwen2p5_7b_instruct,16k,16k_qwen2p5_7b_instruct_mdqa_three_stage_lookup,fpga_h2o_plus_service_cvr_group_fill_v251,CVR+GF baseline (matched),15.983,37.923,4.034208,229196.0,1165,delivery/paper/repro_audit/longctx_l1_l2_size_sweep_20260604/replay_reports/l1_32_l2_32/run_20260604_222306_qwen2p57_339910_qwen2p57_e78994/hit_miss_amat_summary.csv
qwen2p5_7b_instruct,16k,16k_qwen2p5_7b_instruct_mdqa_three_stage_lookup,fpga_kiloscore_hv_opt5_global_winner,KiloWare-HV,54.102,22.233,3.968315,226846.0,683,delivery/paper/repro_audit/longctx_l1_l2_size_sweep_20260604/replay_reports/l1_32_l2_32/run_20260604_222306_qwen2p57_339910_qwen2p57_e78994/hit_miss_amat_summary.csv
qwen2p5_7b_instruct,16k,16k_qwen2p5_7b_instruct_mdqa_compression_guard,fpga_h2o_plus_service_cvr_group_fill_v251,CVR+GF baseline (matched),18.685,36.979,4.030058,229048.0,1136,delivery/paper/repro_audit/longctx_l1_l2_size_sweep_20260604/replay_reports/l1_32_l2_32/run_20260604_222306_qwen2p57_339910_qwen2p57_e78994/hit_miss_amat_summary.csv
qwen2p5_7b_instruct,16k,16k_qwen2p5_7b_instruct_mdqa_compression_guard,fpga_kiloscore_hv_opt5_global_winner,KiloWare-HV,55.176,21.061,3.963128,226661.0,647,delivery/paper/repro_audit/longctx_l1_l2_size_sweep_20260604/replay_reports/l1_32_l2_32/run_20260604_222306_qwen2p57_339910_qwen2p57_e78994/hit_miss_amat_summary.csv
qwen2p5_7b_instruct,16k,16k_qwen2p5_7b_instruct_mdqa_query_cost_chain,fpga_h2o_plus_service_cvr_group_fill_v251,CVR+GF baseline (matched),16.797,39.258,4.039984,229402.0,1206,delivery/paper/repro_audit/longctx_l1_l2_size_sweep_20260604/replay_reports/l1_32_l2_32/run_20260604_222306_qwen2p57_339910_qwen2p57_e78994/hit_miss_amat_summary.csv
qwen2p5_7b_instruct,16k,16k_qwen2p5_7b_instruct_mdqa_query_cost_chain,fpga_kiloscore_hv_opt5_global_winner,KiloWare-HV,56.055,20.671,3.962203,226628.0,635,delivery/paper/repro_audit/longctx_l1_l2_size_sweep_20260604/replay_reports/l1_32_l2_32/run_20260604_222306_qwen2p57_339910_qwen2p57_e78994/hit_miss_amat_summary.csv
qwen2p5_7b_instruct,16k,16k_qwen2p5_7b_instruct_mdqa_head_budget_allocation,fpga_h2o_plus_service_cvr_group_fill_v251,CVR+GF baseline (matched),17.969,40.82,4.046745,229486.0,1254,delivery/paper/repro_audit/longctx_l1_l2_size_sweep_20260604/replay_reports/l1_32_l2_32/run_20260604_222306_qwen2p57_339910_qwen2p57_e78994/hit_miss_amat_summary.csv
qwen2p5_7b_instruct,16k,16k_qwen2p5_7b_instruct_mdqa_head_budget_allocation,fpga_kiloscore_hv_opt5_global_winner,KiloWare-HV,58.529,19.466,3.956678,226276.0,598,delivery/paper/repro_audit/longctx_l1_l2_size_sweep_20260604/replay_reports/l1_32_l2_32/run_20260604_222306_qwen2p57_339910_qwen2p57_e78994/hit_miss_amat_summary.csv
qwen2p5_7b_instruct,16k,16k_qwen2p5_7b_instruct_mdqa_backend_admission_reason,fpga_h2o_plus_service_cvr_group_fill_v251,CVR+GF baseline (matched),17.318,38.346,4.036103,229159.0,1178,delivery/paper/repro_audit/longctx_l1_l2_size_sweep_20260604/replay_reports/l1_32_l2_32/run_20260604_222306_qwen2p57_339910_qwen2p57_e78994/hit_miss_amat_summary.csv
qwen2p5_7b_instruct,16k,16k_qwen2p5_7b_instruct_mdqa_backend_admission_reason,fpga_kiloscore_hv_opt5_global_winner,KiloWare-HV,58.529,20.085,3.958679,226399.0,617,delivery/paper/repro_audit/longctx_l1_l2_size_sweep_20260604/replay_reports/l1_32_l2_32/run_20260604_222306_qwen2p57_339910_qwen2p57_e78994/hit_miss_amat_summary.csv
qwen2p5_7b_instruct,16k,16k_qwen2p5_7b_instruct_lcqa_anchor_timeline,fpga_h2o_plus_service_cvr_group_fill_v251,CVR+GF baseline (matched),16.374,36.393,4.027591,228960.0,1118,delivery/paper/repro_audit/longctx_l1_l2_size_sweep_20260604/replay_reports/l1_32_l2_32/run_20260604_222306_qwen2p57_339910_qwen2p57_e78994/hit_miss_amat_summary.csv
qwen2p5_7b_instruct,16k,16k_qwen2p5_7b_instruct_lcqa_anchor_timeline,fpga_kiloscore_hv_opt5_global_winner,KiloWare-HV,54.818,20.312,3.960801,226578.0,624,delivery/paper/repro_audit/longctx_l1_l2_size_sweep_20260604/replay_reports/l1_32_l2_32/run_20260604_222306_qwen2p57_339910_qwen2p57_e78994/hit_miss_amat_summary.csv
qwen2p5_7b_instruct,16k,16k_qwen2p5_7b_instruct_lcqa_revision_policy,fpga_h2o_plus_service_cvr_group_fill_v251,CVR+GF baseline (matched),18.164,37.858,4.033928,229186.0,1163,delivery/paper/repro_audit/longctx_l1_l2_size_sweep_20260604/replay_reports/l1_32_l2_32/run_20260604_222306_qwen2p57_339910_qwen2p57_e78994/hit_miss_amat_summary.csv
qwen2p5_7b_instruct,16k,16k_qwen2p5_7b_instruct_lcqa_revision_policy,fpga_kiloscore_hv_opt5_global_winner,KiloWare-HV,58.659,18.197,3.950454,226209.0,559,delivery/paper/repro_audit/longctx_l1_l2_size_sweep_20260604/replay_reports/l1_32_l2_32/run_20260604_222306_qwen2p57_339910_qwen2p57_e78994/hit_miss_amat_summary.csv
qwen2p5_7b_instruct,16k,16k_qwen2p5_7b_instruct_lcqa_sparse_fact,fpga_h2o_plus_service_cvr_group_fill_v251,CVR+GF baseline (matched),16.341,35.221,4.022582,228677.0,1082,delivery/paper/repro_audit/longctx_l1_l2_size_sweep_20260604/replay_reports/l1_32_l2_32/run_20260604_222306_qwen2p57_339910_qwen2p57_e78994/hit_miss_amat_summary.csv
qwen2p5_7b_instruct,16k,16k_qwen2p5_7b_instruct_lcqa_sparse_fact,fpga_kiloscore_hv_opt5_global_winner,KiloWare-HV,54.85,22.591,3.97004,226804.0,694,delivery/paper/repro_audit/longctx_l1_l2_size_sweep_20260604/replay_reports/l1_32_l2_32/run_20260604_222306_qwen2p57_339910_qwen2p57_e78994/hit_miss_amat_summary.csv
qwen2p5_7b_instruct,16k,16k_qwen2p5_7b_instruct_lcqa_dual_anchor_incident,fpga_h2o_plus_service_cvr_group_fill_v251,CVR+GF baseline (matched),15.853,41.439,4.049372,229632.0,1273,delivery/paper/repro_audit/longctx_l1_l2_size_sweep_20260604/replay_reports/l1_32_l2_32/run_20260604_222306_qwen2p57_339910_qwen2p57_e78994/hit_miss_amat_summary.csv
qwen2p5_7b_instruct,16k,16k_qwen2p5_7b_instruct_lcqa_dual_anchor_incident,fpga_kiloscore_hv_opt5_global_winner,KiloWare-HV,56.673,21.191,3.964935,226622.0,651,delivery/paper/repro_audit/longctx_l1_l2_size_sweep_20260604/replay_reports/l1_32_l2_32/run_20260604_222306_qwen2p57_339910_qwen2p57_e78994/hit_miss_amat_summary.csv
qwen2p5_7b_instruct,16k,16k_qwen2p5_7b_instruct_lcqa_backend_priority_rule,fpga_h2o_plus_service_cvr_group_fill_v251,CVR+GF baseline (matched),18.652,32.845,4.012337,228416.0,1009,delivery/paper/repro_audit/longctx_l1_l2_size_sweep_20260604/replay_reports/l1_32_l2_32/run_20260604_222306_qwen2p57_339910_qwen2p57_e78994/hit_miss_amat_summary.csv
qwen2p5_7b_instruct,16k,16k_qwen2p5_7b_instruct_lcqa_backend_priority_rule,fpga_kiloscore_hv_opt5_global_winner,KiloWare-HV,54.297,18.913,3.955081,226374.0,581,delivery/paper/repro_audit/longctx_l1_l2_size_sweep_20260604/replay_reports/l1_32_l2_32/run_20260604_222306_qwen2p57_339910_qwen2p57_e78994/hit_miss_amat_summary.csv
qwen2p5_7b_instruct,16k,16k_qwen2p5_7b_instruct_lcqa_epoch_window_recall,fpga_h2o_plus_service_cvr_group_fill_v251,CVR+GF baseline (matched),19.206,35.742,4.024804,228704.0,1098,delivery/paper/repro_audit/longctx_l1_l2_size_sweep_20260604/replay_reports/l1_32_l2_32/run_20260604_222306_qwen2p57_339910_qwen2p57_e78994/hit_miss_amat_summary.csv
qwen2p5_7b_instruct,16k,16k_qwen2p5_7b_instruct_lcqa_epoch_window_recall,fpga_kiloscore_hv_opt5_global_winner,KiloWare-HV,54.525,20.801,3.962037,226467.0,639,delivery/paper/repro_audit/longctx_l1_l2_size_sweep_20260604/replay_reports/l1_32_l2_32/run_20260604_222306_qwen2p57_339910_qwen2p57_e78994/hit_miss_amat_summary.csv
qwen2p5_7b_instruct,16k,16k_qwen2p5_7b_instruct_lcqa_dual_budget_rule,fpga_h2o_plus_service_cvr_group_fill_v251,CVR+GF baseline (matched),17.871,31.934,4.00836,228170.0,981,delivery/paper/repro_audit/longctx_l1_l2_size_sweep_20260604/replay_reports/l1_32_l2_32/run_20260604_222306_qwen2p57_339910_qwen2p57_e78994/hit_miss_amat_summary.csv
qwen2p5_7b_instruct,16k,16k_qwen2p5_7b_instruct_lcqa_dual_budget_rule,fpga_kiloscore_hv_opt5_global_winner,KiloWare-HV,54.948,17.578,3.947907,226015.0,540,delivery/paper/repro_audit/longctx_l1_l2_size_sweep_20260604/replay_reports/l1_32_l2_32/run_20260604_222306_qwen2p57_339910_qwen2p57_e78994/hit_miss_amat_summary.csv
qwen2p5_7b_instruct,16k,16k_qwen2p5_7b_instruct_lcqa_query_relevance_note,fpga_h2o_plus_service_cvr_group_fill_v251,CVR+GF baseline (matched),22.038,29.948,3.999804,227865.0,920,delivery/paper/repro_audit/longctx_l1_l2_size_sweep_20260604/replay_reports/l1_32_l2_32/run_20260604_222306_qwen2p57_339910_qwen2p57_e78994/hit_miss_amat_summary.csv
qwen2p5_7b_instruct,16k,16k_qwen2p5_7b_instruct_lcqa_query_relevance_note,fpga_kiloscore_hv_opt5_global_winner,KiloWare-HV,54.818,17.48,3.946982,225982.0,537,delivery/paper/repro_audit/longctx_l1_l2_size_sweep_20260604/replay_reports/l1_32_l2_32/run_20260604_222306_qwen2p57_339910_qwen2p57_e78994/hit_miss_amat_summary.csv
qwen2p5_7b_instruct,16k,16k_qwen2p5_7b_instruct_lcqa_spill_cost_reason,fpga_h2o_plus_service_cvr_group_fill_v251,CVR+GF baseline (matched),16.471,38.737,4.037674,229215.0,1190,delivery/paper/repro_audit/longctx_l1_l2_size_sweep_20260604/replay_reports/l1_32_l2_32/run_20260604_222306_qwen2p57_339910_qwen2p57_e78994/hit_miss_amat_summary.csv
qwen2p5_7b_instruct,16k,16k_qwen2p5_7b_instruct_lcqa_spill_cost_reason,fpga_kiloscore_hv_opt5_global_winner,KiloWare-HV,50.749,24.089,3.975987,227016.0,740,delivery/paper/repro_audit/longctx_l1_l2_size_sweep_20260604/replay_reports/l1_32_l2_32/run_20260604_222306_qwen2p57_339910_qwen2p57_e78994/hit_miss_amat_summary.csv
qwen2p5_7b_instruct,16k,16k_qwen2p5_7b_instruct_lcqa_head_budget_rule,fpga_h2o_plus_service_cvr_group_fill_v251,CVR+GF baseline (matched),16.243,40.495,4.045294,229539.0,1244,delivery/paper/repro_audit/longctx_l1_l2_size_sweep_20260604/replay_reports/l1_32_l2_32/run_20260604_222306_qwen2p57_339910_qwen2p57_e78994/hit_miss_amat_summary.csv
qwen2p5_7b_instruct,16k,16k_qwen2p5_7b_instruct_lcqa_head_budget_rule,fpga_kiloscore_hv_opt5_global_winner,KiloWare-HV,58.105,20.638,3.961858,226564.0,634,delivery/paper/repro_audit/longctx_l1_l2_size_sweep_20260604/replay_reports/l1_32_l2_32/run_20260604_222306_qwen2p57_339910_qwen2p57_e78994/hit_miss_amat_summary.csv
qwen2p5_7b_instruct,16k,16k_qwen2p5_7b_instruct_cmqa_early_name_recall,fpga_h2o_plus_service_cvr_group_fill_v251,CVR+GF baseline (matched),18.327,36.296,4.027182,228841.0,1115,delivery/paper/repro_audit/longctx_l1_l2_size_sweep_20260604/replay_reports/l1_32_l2_32/run_20260604_222306_qwen2p57_339910_qwen2p57_e78994/hit_miss_amat_summary.csv
qwen2p5_7b_instruct,16k,16k_qwen2p5_7b_instruct_cmqa_early_name_recall,fpga_kiloscore_hv_opt5_global_winner,KiloWare-HV,57.975,19.043,3.954528,226251.0,585,delivery/paper/repro_audit/longctx_l1_l2_size_sweep_20260604/replay_reports/l1_32_l2_32/run_20260604_222306_qwen2p57_339910_qwen2p57_e78994/hit_miss_amat_summary.csv
qwen2p5_7b_instruct,16k,16k_qwen2p5_7b_instruct_cmqa_policy_recall,fpga_h2o_plus_service_cvr_group_fill_v251,CVR+GF baseline (matched),19.727,33.919,4.017024,228531.0,1042,delivery/paper/repro_audit/longctx_l1_l2_size_sweep_20260604/replay_reports/l1_32_l2_32/run_20260604_222306_qwen2p57_339910_qwen2p57_e78994/hit_miss_amat_summary.csv
qwen2p5_7b_instruct,16k,16k_qwen2p5_7b_instruct_cmqa_policy_recall,fpga_kiloscore_hv_opt5_global_winner,KiloWare-HV,53.809,20.898,3.962615,226591.0,642,delivery/paper/repro_audit/longctx_l1_l2_size_sweep_20260604/replay_reports/l1_32_l2_32/run_20260604_222306_qwen2p57_339910_qwen2p57_e78994/hit_miss_amat_summary.csv
qwen2p5_7b_instruct,16k,16k_qwen2p5_7b_instruct_cmqa_anchor_reasoning,fpga_h2o_plus_service_cvr_group_fill_v251,CVR+GF baseline (matched),18.587,38.997,4.038807,229360.0,1198,delivery/paper/repro_audit/longctx_l1_l2_size_sweep_20260604/replay_reports/l1_32_l2_32/run_20260604_222306_qwen2p57_339910_qwen2p57_e78994/hit_miss_amat_summary.csv
qwen2p5_7b_instruct,16k,16k_qwen2p5_7b_instruct_cmqa_anchor_reasoning,fpga_kiloscore_hv_opt5_global_winner,KiloWare-HV,53.809,21.973,3.967727,226825.0,675,delivery/paper/repro_audit/longctx_l1_l2_size_sweep_20260604/replay_reports/l1_32_l2_32/run_20260604_222306_qwen2p57_339910_qwen2p57_e78994/hit_miss_amat_summary.csv
qwen2p5_7b_instruct,16k,16k_qwen2p5_7b_instruct_cmqa_backend_recall,fpga_h2o_plus_service_cvr_group_fill_v251,CVR+GF baseline (matched),20.931,35.547,4.0239,228724.0,1092,delivery/paper/repro_audit/longctx_l1_l2_size_sweep_20260604/replay_reports/l1_32_l2_32/run_20260604_222306_qwen2p57_339910_qwen2p57_e78994/hit_miss_amat_summary.csv
qwen2p5_7b_instruct,16k,16k_qwen2p5_7b_instruct_cmqa_backend_recall,fpga_kiloscore_hv_opt5_global_winner,KiloWare-HV,53.288,20.378,3.961316,226493.0,626,delivery/paper/repro_audit/longctx_l1_l2_size_sweep_20260604/replay_reports/l1_32_l2_32/run_20260604_222306_qwen2p57_339910_qwen2p57_e78994/hit_miss_amat_summary.csv
qwen2p5_7b_instruct,16k,16k_qwen2p5_7b_instruct_cmqa_field_recall,fpga_h2o_plus_service_cvr_group_fill_v251,CVR+GF baseline (matched),19.889,35.254,4.022666,228680.0,1083,delivery/paper/repro_audit/longctx_l1_l2_size_sweep_20260604/replay_reports/l1_32_l2_32/run_20260604_222306_qwen2p57_339910_qwen2p57_e78994/hit_miss_amat_summary.csv
qwen2p5_7b_instruct,16k,16k_qwen2p5_7b_instruct_cmqa_field_recall,fpga_kiloscore_hv_opt5_global_winner,KiloWare-HV,56.836,22.201,3.969059,226769.0,682,delivery/paper/repro_audit/longctx_l1_l2_size_sweep_20260604/replay_reports/l1_32_l2_32/run_20260604_222306_qwen2p57_339910_qwen2p57_e78994/hit_miss_amat_summary.csv
qwen2p5_7b_instruct,16k,16k_qwen2p5_7b_instruct_cmqa_epoch_memory,fpga_h2o_plus_service_cvr_group_fill_v251,CVR+GF baseline (matched),18.327,34.342,4.018843,228648.0,1055,delivery/paper/repro_audit/longctx_l1_l2_size_sweep_20260604/replay_reports/l1_32_l2_32/run_20260604_222306_qwen2p57_339910_qwen2p57_e78994/hit_miss_amat_summary.csv
qwen2p5_7b_instruct,16k,16k_qwen2p5_7b_instruct_cmqa_epoch_memory,fpga_kiloscore_hv_opt5_global_winner,KiloWare-HV,52.572,22.331,3.969437,226886.0,686,delivery/paper/repro_audit/longctx_l1_l2_size_sweep_20260604/replay_reports/l1_32_l2_32/run_20260604_222306_qwen2p57_339910_qwen2p57_e78994/hit_miss_amat_summary.csv
qwen2p5_7b_instruct,16k,16k_qwen2p5_7b_instruct_cmqa_budget_memory,fpga_h2o_plus_service_cvr_group_fill_v251,CVR+GF baseline (matched),18.555,35.905,4.0256,228889.0,1103,delivery/paper/repro_audit/longctx_l1_l2_size_sweep_20260604/replay_reports/l1_32_l2_32/run_20260604_222306_qwen2p57_339910_qwen2p57_e78994/hit_miss_amat_summary.csv
qwen2p5_7b_instruct,16k,16k_qwen2p5_7b_instruct_cmqa_budget_memory,fpga_kiloscore_hv_opt5_global_winner,KiloWare-HV,59.57,16.569,3.943865,225974.0,509,delivery/paper/repro_audit/longctx_l1_l2_size_sweep_20260604/replay_reports/l1_32_l2_32/run_20260604_222306_qwen2p57_339910_qwen2p57_e78994/hit_miss_amat_summary.csv
qwen2p5_7b_instruct,32k,32k_qwen2p5_7b_instruct_mdqa_cross_doc_role,fpga_h2o_plus_service_cvr_group_fill_v251,CVR+GF baseline (matched),26.595,25.911,3.990846,438628.0,796,delivery/paper/repro_audit/longctx_l1_l2_size_sweep_20260604/replay_reports/l1_32_l2_32/run_20260604_224128_qwen2p57_9cd3a1_qwen2p57_e78994/hit_miss_amat_summary.csv
qwen2p5_7b_instruct,32k,32k_qwen2p5_7b_instruct_mdqa_cross_doc_role,fpga_kiloscore_hv_opt5_global_winner,KiloWare-HV,58.105,17.122,3.971086,437281.0,526,delivery/paper/repro_audit/longctx_l1_l2_size_sweep_20260604/replay_reports/l1_32_l2_32/run_20260604_224128_qwen2p57_9cd3a1_qwen2p57_e78994/hit_miss_amat_summary.csv
qwen2p5_7b_instruct,32k,32k_qwen2p5_7b_instruct_mdqa_component_match,fpga_h2o_plus_service_cvr_group_fill_v251,CVR+GF baseline (matched),26.4,28.613,3.996891,439196.0,879,delivery/paper/repro_audit/longctx_l1_l2_size_sweep_20260604/replay_reports/l1_32_l2_32/run_20260604_224128_qwen2p57_9cd3a1_qwen2p57_e78994/hit_miss_amat_summary.csv
qwen2p5_7b_instruct,32k,32k_qwen2p5_7b_instruct_mdqa_component_match,fpga_kiloscore_hv_opt5_global_winner,KiloWare-HV,62.793,14.258,3.964673,436999.0,438,delivery/paper/repro_audit/longctx_l1_l2_size_sweep_20260604/replay_reports/l1_32_l2_32/run_20260604_224128_qwen2p57_9cd3a1_qwen2p57_e78994/hit_miss_amat_summary.csv
qwen2p5_7b_instruct,32k,32k_qwen2p5_7b_instruct_mdqa_two_hop_summary,fpga_h2o_plus_service_cvr_group_fill_v251,CVR+GF baseline (matched),28.581,31.901,4.004298,439597.0,980,delivery/paper/repro_audit/longctx_l1_l2_size_sweep_20260604/replay_reports/l1_32_l2_32/run_20260604_224128_qwen2p57_9cd3a1_qwen2p57_e78994/hit_miss_amat_summary.csv
qwen2p5_7b_instruct,32k,32k_qwen2p5_7b_instruct_mdqa_two_hop_summary,fpga_kiloscore_hv_opt5_global_winner,KiloWare-HV,60.286,19.596,3.976913,437730.0,602,delivery/paper/repro_audit/longctx_l1_l2_size_sweep_20260604/replay_reports/l1_32_l2_32/run_20260604_224128_qwen2p57_9cd3a1_qwen2p57_e78994/hit_miss_amat_summary.csv
qwen2p5_7b_instruct,32k,32k_qwen2p5_7b_instruct_mdqa_cross_doc_priority,fpga_h2o_plus_service_cvr_group_fill_v251,CVR+GF baseline (matched),37.891,28.19,3.995937,438975.0,866,delivery/paper/repro_audit/longctx_l1_l2_size_sweep_20260604/replay_reports/l1_32_l2_32/run_20260604_224128_qwen2p57_9cd3a1_qwen2p57_e78994/hit_miss_amat_summary.csv
qwen2p5_7b_instruct,32k,32k_qwen2p5_7b_instruct_mdqa_cross_doc_priority,fpga_kiloscore_hv_opt5_global_winner,KiloWare-HV,64.941,15.918,3.968519,437106.0,489,delivery/paper/repro_audit/longctx_l1_l2_size_sweep_20260604/replay_reports/l1_32_l2_32/run_20260604_224128_qwen2p57_9cd3a1_qwen2p57_e78994/hit_miss_amat_summary.csv
qwen2p5_7b_instruct,32k,32k_qwen2p5_7b_instruct_mdqa_chain_descriptor_fields,fpga_h2o_plus_service_cvr_group_fill_v251,CVR+GF baseline (matched),27.604,30.664,4.001569,439463.0,942,delivery/paper/repro_audit/longctx_l1_l2_size_sweep_20260604/replay_reports/l1_32_l2_32/run_20260604_224128_qwen2p57_9cd3a1_qwen2p57_e78994/hit_miss_amat_summary.csv
qwen2p5_7b_instruct,32k,32k_qwen2p5_7b_instruct_mdqa_chain_descriptor_fields,fpga_kiloscore_hv_opt5_global_winner,KiloWare-HV,66.016,14.388,3.965153,436980.0,442,delivery/paper/repro_audit/longctx_l1_l2_size_sweep_20260604/replay_reports/l1_32_l2_32/run_20260604_224128_qwen2p57_9cd3a1_qwen2p57_e78994/hit_miss_amat_summary.csv
qwen2p5_7b_instruct,32k,32k_qwen2p5_7b_instruct_mdqa_three_stage_lookup,fpga_h2o_plus_service_cvr_group_fill_v251,CVR+GF baseline (matched),26.693,31.934,4.004415,439605.0,981,delivery/paper/repro_audit/longctx_l1_l2_size_sweep_20260604/replay_reports/l1_32_l2_32/run_20260604_224128_qwen2p57_9cd3a1_qwen2p57_e78994/hit_miss_amat_summary.csv
qwen2p5_7b_instruct,32k,32k_qwen2p5_7b_instruct_mdqa_three_stage_lookup,fpga_kiloscore_hv_opt5_global_winner,KiloWare-HV,57.585,19.434,3.976429,437697.0,597,delivery/paper/repro_audit/longctx_l1_l2_size_sweep_20260604/replay_reports/l1_32_l2_32/run_20260604_224128_qwen2p57_9cd3a1_qwen2p57_e78994/hit_miss_amat_summary.csv
qwen2p5_7b_instruct,32k,32k_qwen2p5_7b_instruct_mdqa_compression_guard,fpga_h2o_plus_service_cvr_group_fill_v251,CVR+GF baseline (matched),29.655,28.158,3.995893,439076.0,865,delivery/paper/repro_audit/longctx_l1_l2_size_sweep_20260604/replay_reports/l1_32_l2_32/run_20260604_224128_qwen2p57_9cd3a1_qwen2p57_e78994/hit_miss_amat_summary.csv
qwen2p5_7b_instruct,32k,32k_qwen2p5_7b_instruct_mdqa_compression_guard,fpga_kiloscore_hv_opt5_global_winner,KiloWare-HV,62.956,14.095,3.964332,436924.0,433,delivery/paper/repro_audit/longctx_l1_l2_size_sweep_20260604/replay_reports/l1_32_l2_32/run_20260604_224128_qwen2p57_9cd3a1_qwen2p57_e78994/hit_miss_amat_summary.csv
qwen2p5_7b_instruct,32k,32k_qwen2p5_7b_instruct_mdqa_query_cost_chain,fpga_h2o_plus_service_cvr_group_fill_v251,CVR+GF baseline (matched),33.952,27.897,3.995307,439036.0,857,delivery/paper/repro_audit/longctx_l1_l2_size_sweep_20260604/replay_reports/l1_32_l2_32/run_20260604_224128_qwen2p57_9cd3a1_qwen2p57_e78994/hit_miss_amat_summary.csv
qwen2p5_7b_instruct,32k,32k_qwen2p5_7b_instruct_mdqa_query_cost_chain,fpga_kiloscore_hv_opt5_global_winner,KiloWare-HV,69.271,13.574,3.963056,436837.0,417,delivery/paper/repro_audit/longctx_l1_l2_size_sweep_20260604/replay_reports/l1_32_l2_32/run_20260604_224128_qwen2p57_9cd3a1_qwen2p57_e78994/hit_miss_amat_summary.csv
qwen2p5_7b_instruct,32k,32k_qwen2p5_7b_instruct_mdqa_head_budget_allocation,fpga_h2o_plus_service_cvr_group_fill_v251,CVR+GF baseline (matched),26.855,32.161,4.004886,439533.0,988,delivery/paper/repro_audit/longctx_l1_l2_size_sweep_20260604/replay_reports/l1_32_l2_32/run_20260604_224128_qwen2p57_9cd3a1_qwen2p57_e78994/hit_miss_amat_summary.csv
qwen2p5_7b_instruct,32k,32k_qwen2p5_7b_instruct_mdqa_head_budget_allocation,fpga_kiloscore_hv_opt5_global_winner,KiloWare-HV,59.017,19.043,3.975425,437525.0,585,delivery/paper/repro_audit/longctx_l1_l2_size_sweep_20260604/replay_reports/l1_32_l2_32/run_20260604_224128_qwen2p57_9cd3a1_qwen2p57_e78994/hit_miss_amat_summary.csv
qwen2p5_7b_instruct,32k,32k_qwen2p5_7b_instruct_mdqa_backend_admission_reason,fpga_h2o_plus_service_cvr_group_fill_v251,CVR+GF baseline (matched),24.251,34.277,4.009701,439705.0,1053,delivery/paper/repro_audit/longctx_l1_l2_size_sweep_20260604/replay_reports/l1_32_l2_32/run_20260604_224128_qwen2p57_9cd3a1_qwen2p57_e78994/hit_miss_amat_summary.csv
qwen2p5_7b_instruct,32k,32k_qwen2p5_7b_instruct_mdqa_backend_admission_reason,fpga_kiloscore_hv_opt5_global_winner,KiloWare-HV,60.84,17.871,3.973465,437236.0,549,delivery/paper/repro_audit/longctx_l1_l2_size_sweep_20260604/replay_reports/l1_32_l2_32/run_20260604_224128_qwen2p57_9cd3a1_qwen2p57_e78994/hit_miss_amat_summary.csv
qwen2p5_7b_instruct,32k,32k_qwen2p5_7b_instruct_lcqa_anchor_timeline,fpga_h2o_plus_service_cvr_group_fill_v251,CVR+GF baseline (matched),36.1,30.176,4.000411,439488.0,927,delivery/paper/repro_audit/longctx_l1_l2_size_sweep_20260604/replay_reports/l1_32_l2_32/run_20260604_224128_qwen2p57_9cd3a1_qwen2p57_e78994/hit_miss_amat_summary.csv
qwen2p5_7b_instruct,32k,32k_qwen2p5_7b_instruct_lcqa_anchor_timeline,fpga_kiloscore_hv_opt5_global_winner,KiloWare-HV,69.466,14.388,3.965088,437079.0,442,delivery/paper/repro_audit/longctx_l1_l2_size_sweep_20260604/replay_reports/l1_32_l2_32/run_20260604_224128_qwen2p57_9cd3a1_qwen2p57_e78994/hit_miss_amat_summary.csv
qwen2p5_7b_instruct,32k,32k_qwen2p5_7b_instruct_lcqa_revision_policy,fpga_h2o_plus_service_cvr_group_fill_v251,CVR+GF baseline (matched),31.12,25.456,3.989765,438762.0,782,delivery/paper/repro_audit/longctx_l1_l2_size_sweep_20260604/replay_reports/l1_32_l2_32/run_20260604_224128_qwen2p57_9cd3a1_qwen2p57_e78994/hit_miss_amat_summary.csv
qwen2p5_7b_instruct,32k,32k_qwen2p5_7b_instruct_lcqa_revision_policy,fpga_kiloscore_hv_opt5_global_winner,KiloWare-HV,59.277,17.415,3.971818,437538.0,535,delivery/paper/repro_audit/longctx_l1_l2_size_sweep_20260604/replay_reports/l1_32_l2_32/run_20260604_224128_qwen2p57_9cd3a1_qwen2p57_e78994/hit_miss_amat_summary.csv
qwen2p5_7b_instruct,32k,32k_qwen2p5_7b_instruct_lcqa_sparse_fact,fpga_h2o_plus_service_cvr_group_fill_v251,CVR+GF baseline (matched),28.548,32.194,4.004972,439643.0,989,delivery/paper/repro_audit/longctx_l1_l2_size_sweep_20260604/replay_reports/l1_32_l2_32/run_20260604_224128_qwen2p57_9cd3a1_qwen2p57_e78994/hit_miss_amat_summary.csv
qwen2p5_7b_instruct,32k,32k_qwen2p5_7b_instruct_lcqa_sparse_fact,fpga_kiloscore_hv_opt5_global_winner,KiloWare-HV,55.632,20.54,3.978834,437861.0,631,delivery/paper/repro_audit/longctx_l1_l2_size_sweep_20260604/replay_reports/l1_32_l2_32/run_20260604_224128_qwen2p57_9cd3a1_qwen2p57_e78994/hit_miss_amat_summary.csv
qwen2p5_7b_instruct,32k,32k_qwen2p5_7b_instruct_lcqa_dual_anchor_incident,fpga_h2o_plus_service_cvr_group_fill_v251,CVR+GF baseline (matched),24.967,29.655,3.999237,439044.0,911,delivery/paper/repro_audit/longctx_l1_l2_size_sweep_20260604/replay_reports/l1_32_l2_32/run_20260604_224128_qwen2p57_9cd3a1_qwen2p57_e78994/hit_miss_amat_summary.csv
qwen2p5_7b_instruct,32k,32k_qwen2p5_7b_instruct_lcqa_dual_anchor_incident,fpga_kiloscore_hv_opt5_global_winner,KiloWare-HV,61.328,18.164,3.973468,437288.0,558,delivery/paper/repro_audit/longctx_l1_l2_size_sweep_20260604/replay_reports/l1_32_l2_32/run_20260604_224128_qwen2p57_9cd3a1_qwen2p57_e78994/hit_miss_amat_summary.csv
qwen2p5_7b_instruct,32k,32k_qwen2p5_7b_instruct_lcqa_backend_priority_rule,fpga_h2o_plus_service_cvr_group_fill_v251,CVR+GF baseline (matched),26.693,36.198,4.013964,440256.0,1112,delivery/paper/repro_audit/longctx_l1_l2_size_sweep_20260604/replay_reports/l1_32_l2_32/run_20260604_224128_qwen2p57_9cd3a1_qwen2p57_e78994/hit_miss_amat_summary.csv
qwen2p5_7b_instruct,32k,32k_qwen2p5_7b_instruct_lcqa_backend_priority_rule,fpga_kiloscore_hv_opt5_global_winner,KiloWare-HV,63.965,15.951,3.968552,437160.0,490,delivery/paper/repro_audit/longctx_l1_l2_size_sweep_20260604/replay_reports/l1_32_l2_32/run_20260604_224128_qwen2p57_9cd3a1_qwen2p57_e78994/hit_miss_amat_summary.csv
qwen2p5_7b_instruct,32k,32k_qwen2p5_7b_instruct_lcqa_epoch_window_recall,fpga_h2o_plus_service_cvr_group_fill_v251,CVR+GF baseline (matched),24.479,32.715,4.006133,439618.0,1005,delivery/paper/repro_audit/longctx_l1_l2_size_sweep_20260604/replay_reports/l1_32_l2_32/run_20260604_224128_qwen2p57_9cd3a1_qwen2p57_e78994/hit_miss_amat_summary.csv
qwen2p5_7b_instruct,32k,32k_qwen2p5_7b_instruct_lcqa_epoch_window_recall,fpga_kiloscore_hv_opt5_global_winner,KiloWare-HV,60.286,15.82,3.968119,437027.0,486,delivery/paper/repro_audit/longctx_l1_l2_size_sweep_20260604/replay_reports/l1_32_l2_32/run_20260604_224128_qwen2p57_9cd3a1_qwen2p57_e78994/hit_miss_amat_summary.csv
qwen2p5_7b_instruct,32k,32k_qwen2p5_7b_instruct_lcqa_dual_budget_rule,fpga_h2o_plus_service_cvr_group_fill_v251,CVR+GF baseline (matched),28.483,33.984,4.008994,439813.0,1044,delivery/paper/repro_audit/longctx_l1_l2_size_sweep_20260604/replay_reports/l1_32_l2_32/run_20260604_224128_qwen2p57_9cd3a1_qwen2p57_e78994/hit_miss_amat_summary.csv
qwen2p5_7b_instruct,32k,32k_qwen2p5_7b_instruct_lcqa_dual_budget_rule,fpga_kiloscore_hv_opt5_global_winner,KiloWare-HV,61.458,16.927,3.970775,437208.0,520,delivery/paper/repro_audit/longctx_l1_l2_size_sweep_20260604/replay_reports/l1_32_l2_32/run_20260604_224128_qwen2p57_9cd3a1_qwen2p57_e78994/hit_miss_amat_summary.csv
qwen2p5_7b_instruct,32k,32k_qwen2p5_7b_instruct_lcqa_query_relevance_note,fpga_h2o_plus_service_cvr_group_fill_v251,CVR+GF baseline (matched),24.609,32.747,4.006238,439469.0,1006,delivery/paper/repro_audit/longctx_l1_l2_size_sweep_20260604/replay_reports/l1_32_l2_32/run_20260604_224128_qwen2p57_9cd3a1_qwen2p57_e78994/hit_miss_amat_summary.csv
qwen2p5_7b_instruct,32k,32k_qwen2p5_7b_instruct_lcqa_query_relevance_note,fpga_kiloscore_hv_opt5_global_winner,KiloWare-HV,56.803,21.81,3.98208,437823.0,670,delivery/paper/repro_audit/longctx_l1_l2_size_sweep_20260604/replay_reports/l1_32_l2_32/run_20260604_224128_qwen2p57_9cd3a1_qwen2p57_e78994/hit_miss_amat_summary.csv
qwen2p5_7b_instruct,32k,32k_qwen2p5_7b_instruct_lcqa_spill_cost_reason,fpga_h2o_plus_service_cvr_group_fill_v251,CVR+GF baseline (matched),24.479,34.18,4.009437,439687.0,1050,delivery/paper/repro_audit/longctx_l1_l2_size_sweep_20260604/replay_reports/l1_32_l2_32/run_20260604_224128_qwen2p57_9cd3a1_qwen2p57_e78994/hit_miss_amat_summary.csv
qwen2p5_7b_instruct,32k,32k_qwen2p5_7b_instruct_lcqa_spill_cost_reason,fpga_kiloscore_hv_opt5_global_winner,KiloWare-HV,60.645,16.862,3.971043,437071.0,518,delivery/paper/repro_audit/longctx_l1_l2_size_sweep_20260604/replay_reports/l1_32_l2_32/run_20260604_224128_qwen2p57_9cd3a1_qwen2p57_e78994/hit_miss_amat_summary.csv
qwen2p5_7b_instruct,32k,32k_qwen2p5_7b_instruct_lcqa_head_budget_rule,fpga_h2o_plus_service_cvr_group_fill_v251,CVR+GF baseline (matched),36.523,27.799,3.995071,438916.0,854,delivery/paper/repro_audit/longctx_l1_l2_size_sweep_20260604/replay_reports/l1_32_l2_32/run_20260604_224128_qwen2p57_9cd3a1_qwen2p57_e78994/hit_miss_amat_summary.csv
qwen2p5_7b_instruct,32k,32k_qwen2p5_7b_instruct_lcqa_head_budget_rule,fpga_kiloscore_hv_opt5_global_winner,KiloWare-HV,62.923,17.35,3.971629,437318.0,533,delivery/paper/repro_audit/longctx_l1_l2_size_sweep_20260604/replay_reports/l1_32_l2_32/run_20260604_224128_qwen2p57_9cd3a1_qwen2p57_e78994/hit_miss_amat_summary.csv
qwen2p5_7b_instruct,32k,32k_qwen2p5_7b_instruct_cmqa_early_name_recall,fpga_h2o_plus_service_cvr_group_fill_v251,CVR+GF baseline (matched),19.01,41.829,4.026682,440862.0,1285,delivery/paper/repro_audit/longctx_l1_l2_size_sweep_20260604/replay_reports/l1_32_l2_32/run_20260604_224128_qwen2p57_9cd3a1_qwen2p57_e78994/hit_miss_amat_summary.csv
qwen2p5_7b_instruct,32k,32k_qwen2p5_7b_instruct_cmqa_early_name_recall,fpga_kiloscore_hv_opt5_global_winner,KiloWare-HV,56.217,22.493,3.983988,437953.0,691,delivery/paper/repro_audit/longctx_l1_l2_size_sweep_20260604/replay_reports/l1_32_l2_32/run_20260604_224128_qwen2p57_9cd3a1_qwen2p57_e78994/hit_miss_amat_summary.csv
qwen2p5_7b_instruct,32k,32k_qwen2p5_7b_instruct_cmqa_policy_recall,fpga_h2o_plus_service_cvr_group_fill_v251,CVR+GF baseline (matched),23.763,31.348,4.003065,439565.0,963,delivery/paper/repro_audit/longctx_l1_l2_size_sweep_20260604/replay_reports/l1_32_l2_32/run_20260604_224128_qwen2p57_9cd3a1_qwen2p57_e78994/hit_miss_amat_summary.csv
qwen2p5_7b_instruct,32k,32k_qwen2p5_7b_instruct_cmqa_policy_recall,fpga_kiloscore_hv_opt5_global_winner,KiloWare-HV,61.523,19.303,3.976842,437777.0,593,delivery/paper/repro_audit/longctx_l1_l2_size_sweep_20260604/replay_reports/l1_32_l2_32/run_20260604_224128_qwen2p57_9cd3a1_qwen2p57_e78994/hit_miss_amat_summary.csv
qwen2p5_7b_instruct,32k,32k_qwen2p5_7b_instruct_cmqa_anchor_reasoning,fpga_h2o_plus_service_cvr_group_fill_v251,CVR+GF baseline (matched),14.551,34.245,4.009636,440013.0,1052,delivery/paper/repro_audit/longctx_l1_l2_size_sweep_20260604/replay_reports/l1_32_l2_32/run_20260604_224128_qwen2p57_9cd3a1_qwen2p57_e78994/hit_miss_amat_summary.csv
qwen2p5_7b_instruct,32k,32k_qwen2p5_7b_instruct_cmqa_anchor_reasoning,fpga_kiloscore_hv_opt5_global_winner,KiloWare-HV,59.017,18.392,3.974862,437642.0,565,delivery/paper/repro_audit/longctx_l1_l2_size_sweep_20260604/replay_reports/l1_32_l2_32/run_20260604_224128_qwen2p57_9cd3a1_qwen2p57_e78994/hit_miss_amat_summary.csv
qwen2p5_7b_instruct,32k,32k_qwen2p5_7b_instruct_cmqa_backend_recall,fpga_h2o_plus_service_cvr_group_fill_v251,CVR+GF baseline (matched),17.904,34.993,4.011265,440072.0,1075,delivery/paper/repro_audit/longctx_l1_l2_size_sweep_20260604/replay_reports/l1_32_l2_32/run_20260604_224128_qwen2p57_9cd3a1_qwen2p57_e78994/hit_miss_amat_summary.csv
qwen2p5_7b_instruct,32k,32k_qwen2p5_7b_instruct_cmqa_backend_recall,fpga_kiloscore_hv_opt5_global_winner,KiloWare-HV,57.194,19.987,3.978174,437816.0,614,delivery/paper/repro_audit/longctx_l1_l2_size_sweep_20260604/replay_reports/l1_32_l2_32/run_20260604_224128_qwen2p57_9cd3a1_qwen2p57_e78994/hit_miss_amat_summary.csv
qwen2p5_7b_instruct,32k,32k_qwen2p5_7b_instruct_cmqa_field_recall,fpga_h2o_plus_service_cvr_group_fill_v251,CVR+GF baseline (matched),24.447,31.836,4.004136,439586.0,978,delivery/paper/repro_audit/longctx_l1_l2_size_sweep_20260604/replay_reports/l1_32_l2_32/run_20260604_224128_qwen2p57_9cd3a1_qwen2p57_e78994/hit_miss_amat_summary.csv
qwen2p5_7b_instruct,32k,32k_qwen2p5_7b_instruct_cmqa_field_recall,fpga_kiloscore_hv_opt5_global_winner,KiloWare-HV,63.151,18.132,3.97414,437541.0,557,delivery/paper/repro_audit/longctx_l1_l2_size_sweep_20260604/replay_reports/l1_32_l2_32/run_20260604_224128_qwen2p57_9cd3a1_qwen2p57_e78994/hit_miss_amat_summary.csv
qwen2p5_7b_instruct,32k,32k_qwen2p5_7b_instruct_cmqa_epoch_memory,fpga_h2o_plus_service_cvr_group_fill_v251,CVR+GF baseline (matched),22.135,31.901,4.004311,439754.0,980,delivery/paper/repro_audit/longctx_l1_l2_size_sweep_20260604/replay_reports/l1_32_l2_32/run_20260604_224128_qwen2p57_9cd3a1_qwen2p57_e78994/hit_miss_amat_summary.csv
qwen2p5_7b_instruct,32k,32k_qwen2p5_7b_instruct_cmqa_epoch_memory,fpga_kiloscore_hv_opt5_global_winner,KiloWare-HV,65.234,15.267,3.967669,437255.0,469,delivery/paper/repro_audit/longctx_l1_l2_size_sweep_20260604/replay_reports/l1_32_l2_32/run_20260604_224128_qwen2p57_9cd3a1_qwen2p57_e78994/hit_miss_amat_summary.csv
qwen2p5_7b_instruct,32k,32k_qwen2p5_7b_instruct_cmqa_budget_memory,fpga_h2o_plus_service_cvr_group_fill_v251,CVR+GF baseline (matched),22.103,35.059,4.011393,440237.0,1077,delivery/paper/repro_audit/longctx_l1_l2_size_sweep_20260604/replay_reports/l1_32_l2_32/run_20260604_224128_qwen2p57_9cd3a1_qwen2p57_e78994/hit_miss_amat_summary.csv
qwen2p5_7b_instruct,32k,32k_qwen2p5_7b_instruct_cmqa_budget_memory,fpga_kiloscore_hv_opt5_global_winner,KiloWare-HV,63.9,15.951,3.969252,437363.0,490,delivery/paper/repro_audit/longctx_l1_l2_size_sweep_20260604/replay_reports/l1_32_l2_32/run_20260604_224128_qwen2p57_9cd3a1_qwen2p57_e78994/hit_miss_amat_summary.csv
qwen2p5_14b_instruct,4k,4k_qwen2p5_14b_instruct_mdqa_cross_doc_role,fpga_h2o_plus_service_cvr_group_fill_v251,CVR+GF baseline (matched),38.737,26.758,3.956157,69347.0,822,delivery/paper/repro_audit/longctx_l1_l2_size_sweep_ext_20260605/replay_reports/l1_32_l2_32/run_20260605_051221_qwen2p51_8fb25c_qwen2p51_0e3828/hit_miss_amat_summary.csv
qwen2p5_14b_instruct,4k,4k_qwen2p5_14b_instruct_mdqa_cross_doc_role,fpga_kiloscore_hv_opt5_global_winner,KiloWare-HV,71.094,13.542,3.780963,67361.0,416,delivery/paper/repro_audit/longctx_l1_l2_size_sweep_ext_20260605/replay_reports/l1_32_l2_32/run_20260605_051221_qwen2p51_8fb25c_qwen2p51_0e3828/hit_miss_amat_summary.csv
qwen2p5_14b_instruct,4k,4k_qwen2p5_14b_instruct_mdqa_component_match,fpga_h2o_plus_service_cvr_group_fill_v251,CVR+GF baseline (matched),25.749,35.547,4.07576,70545.0,1092,delivery/paper/repro_audit/longctx_l1_l2_size_sweep_ext_20260605/replay_reports/l1_32_l2_32/run_20260605_051221_qwen2p51_8fb25c_qwen2p51_0e3828/hit_miss_amat_summary.csv
qwen2p5_14b_instruct,4k,4k_qwen2p5_14b_instruct_mdqa_component_match,fpga_kiloscore_hv_opt5_global_winner,KiloWare-HV,61.882,17.708,3.837783,67853.0,544,delivery/paper/repro_audit/longctx_l1_l2_size_sweep_ext_20260605/replay_reports/l1_32_l2_32/run_20260605_051221_qwen2p51_8fb25c_qwen2p51_0e3828/hit_miss_amat_summary.csv
qwen2p5_14b_instruct,4k,4k_qwen2p5_14b_instruct_mdqa_two_hop_summary,fpga_h2o_plus_service_cvr_group_fill_v251,CVR+GF baseline (matched),22.656,37.858,4.106979,70951.0,1163,delivery/paper/repro_audit/longctx_l1_l2_size_sweep_ext_20260605/replay_reports/l1_32_l2_32/run_20260605_051221_qwen2p51_8fb25c_qwen2p51_0e3828/hit_miss_amat_summary.csv
qwen2p5_14b_instruct,4k,4k_qwen2p5_14b_instruct_mdqa_two_hop_summary,fpga_kiloscore_hv_opt5_global_winner,KiloWare-HV,61.686,19.401,3.860866,68165.0,596,delivery/paper/repro_audit/longctx_l1_l2_size_sweep_ext_20260605/replay_reports/l1_32_l2_32/run_20260605_051221_qwen2p51_8fb25c_qwen2p51_0e3828/hit_miss_amat_summary.csv
qwen2p5_14b_instruct,4k,4k_qwen2p5_14b_instruct_mdqa_cross_doc_priority,fpga_h2o_plus_service_cvr_group_fill_v251,CVR+GF baseline (matched),32.161,29.46,3.992683,69813.0,905,delivery/paper/repro_audit/longctx_l1_l2_size_sweep_ext_20260605/replay_reports/l1_32_l2_32/run_20260605_051221_qwen2p51_8fb25c_qwen2p51_0e3828/hit_miss_amat_summary.csv
qwen2p5_14b_instruct,4k,4k_qwen2p5_14b_instruct_mdqa_cross_doc_priority,fpga_kiloscore_hv_opt5_global_winner,KiloWare-HV,67.188,14.518,3.795134,67572.0,446,delivery/paper/repro_audit/longctx_l1_l2_size_sweep_ext_20260605/replay_reports/l1_32_l2_32/run_20260605_051221_qwen2p51_8fb25c_qwen2p51_0e3828/hit_miss_amat_summary.csv
qwen2p5_14b_instruct,4k,4k_qwen2p5_14b_instruct_mdqa_chain_descriptor_fields,fpga_h2o_plus_service_cvr_group_fill_v251,CVR+GF baseline (matched),27.246,34.635,4.063073,70559.0,1064,delivery/paper/repro_audit/longctx_l1_l2_size_sweep_ext_20260605/replay_reports/l1_32_l2_32/run_20260605_051221_qwen2p51_8fb25c_qwen2p51_0e3828/hit_miss_amat_summary.csv
qwen2p5_14b_instruct,4k,4k_qwen2p5_14b_instruct_mdqa_chain_descriptor_fields,fpga_kiloscore_hv_opt5_global_winner,KiloWare-HV,63.509,21.354,3.890702,68605.0,656,delivery/paper/repro_audit/longctx_l1_l2_size_sweep_ext_20260605/replay_reports/l1_32_l2_32/run_20260605_051221_qwen2p51_8fb25c_qwen2p51_0e3828/hit_miss_amat_summary.csv
qwen2p5_14b_instruct,4k,4k_qwen2p5_14b_instruct_mdqa_three_stage_lookup,fpga_h2o_plus_service_cvr_group_fill_v251,CVR+GF baseline (matched),26.53,36.1,4.082833,70783.0,1109,delivery/paper/repro_audit/longctx_l1_l2_size_sweep_ext_20260605/replay_reports/l1_32_l2_32/run_20260605_051221_qwen2p51_8fb25c_qwen2p51_0e3828/hit_miss_amat_summary.csv
qwen2p5_14b_instruct,4k,4k_qwen2p5_14b_instruct_mdqa_three_stage_lookup,fpga_kiloscore_hv_opt5_global_winner,KiloWare-HV,65.007,18.75,3.852594,68173.0,576,delivery/paper/repro_audit/longctx_l1_l2_size_sweep_ext_20260605/replay_reports/l1_32_l2_32/run_20260605_051221_qwen2p51_8fb25c_qwen2p51_0e3828/hit_miss_amat_summary.csv
qwen2p5_14b_instruct,4k,4k_qwen2p5_14b_instruct_mdqa_compression_guard,fpga_h2o_plus_service_cvr_group_fill_v251,CVR+GF baseline (matched),35.71,28.288,3.976871,69530.0,869,delivery/paper/repro_audit/longctx_l1_l2_size_sweep_ext_20260605/replay_reports/l1_32_l2_32/run_20260605_051221_qwen2p51_8fb25c_qwen2p51_0e3828/hit_miss_amat_summary.csv
qwen2p5_14b_instruct,4k,4k_qwen2p5_14b_instruct_mdqa_compression_guard,fpga_kiloscore_hv_opt5_global_winner,KiloWare-HV,67.611,15.983,3.814442,67690.0,491,delivery/paper/repro_audit/longctx_l1_l2_size_sweep_ext_20260605/replay_reports/l1_32_l2_32/run_20260605_051221_qwen2p51_8fb25c_qwen2p51_0e3828/hit_miss_amat_summary.csv
qwen2p5_14b_instruct,4k,4k_qwen2p5_14b_instruct_mdqa_query_cost_chain,fpga_h2o_plus_service_cvr_group_fill_v251,CVR+GF baseline (matched),28.06,35.352,4.072601,70667.0,1086,delivery/paper/repro_audit/longctx_l1_l2_size_sweep_ext_20260605/replay_reports/l1_32_l2_32/run_20260605_051221_qwen2p51_8fb25c_qwen2p51_0e3828/hit_miss_amat_summary.csv
qwen2p5_14b_instruct,4k,4k_qwen2p5_14b_instruct_mdqa_query_cost_chain,fpga_kiloscore_hv_opt5_global_winner,KiloWare-HV,62.142,19.499,3.863797,68300.0,599,delivery/paper/repro_audit/longctx_l1_l2_size_sweep_ext_20260605/replay_reports/l1_32_l2_32/run_20260605_051221_qwen2p51_8fb25c_qwen2p51_0e3828/hit_miss_amat_summary.csv
qwen2p5_14b_instruct,4k,4k_qwen2p5_14b_instruct_mdqa_head_budget_allocation,fpga_h2o_plus_service_cvr_group_fill_v251,CVR+GF baseline (matched),28.874,35.807,4.078952,70739.0,1100,delivery/paper/repro_audit/longctx_l1_l2_size_sweep_ext_20260605/replay_reports/l1_32_l2_32/run_20260605_051221_qwen2p51_8fb25c_qwen2p51_0e3828/hit_miss_amat_summary.csv
qwen2p5_14b_instruct,4k,4k_qwen2p5_14b_instruct_mdqa_head_budget_allocation,fpga_kiloscore_hv_opt5_global_winner,KiloWare-HV,66.895,17.676,3.838479,68013.0,543,delivery/paper/repro_audit/longctx_l1_l2_size_sweep_ext_20260605/replay_reports/l1_32_l2_32/run_20260605_051221_qwen2p51_8fb25c_qwen2p51_0e3828/hit_miss_amat_summary.csv
qwen2p5_14b_instruct,4k,4k_qwen2p5_14b_instruct_mdqa_backend_admission_reason,fpga_h2o_plus_service_cvr_group_fill_v251,CVR+GF baseline (matched),30.208,30.241,4.003445,69779.0,929,delivery/paper/repro_audit/longctx_l1_l2_size_sweep_ext_20260605/replay_reports/l1_32_l2_32/run_20260605_051221_qwen2p51_8fb25c_qwen2p51_0e3828/hit_miss_amat_summary.csv
qwen2p5_14b_instruct,4k,4k_qwen2p5_14b_instruct_mdqa_backend_admission_reason,fpga_kiloscore_hv_opt5_global_winner,KiloWare-HV,69.889,13.542,3.782509,67278.0,416,delivery/paper/repro_audit/longctx_l1_l2_size_sweep_ext_20260605/replay_reports/l1_32_l2_32/run_20260605_051221_qwen2p51_8fb25c_qwen2p51_0e3828/hit_miss_amat_summary.csv
qwen2p5_14b_instruct,4k,4k_qwen2p5_14b_instruct_lcqa_anchor_timeline,fpga_h2o_plus_service_cvr_group_fill_v251,CVR+GF baseline (matched),29.167,26.432,3.951781,69349.0,812,delivery/paper/repro_audit/longctx_l1_l2_size_sweep_ext_20260605/replay_reports/l1_32_l2_32/run_20260605_051221_qwen2p51_8fb25c_qwen2p51_0e3828/hit_miss_amat_summary.csv
qwen2p5_14b_instruct,4k,4k_qwen2p5_14b_instruct_lcqa_anchor_timeline,fpga_kiloscore_hv_opt5_global_winner,KiloWare-HV,69.727,12.174,3.761636,67192.0,374,delivery/paper/repro_audit/longctx_l1_l2_size_sweep_ext_20260605/replay_reports/l1_32_l2_32/run_20260605_051221_qwen2p51_8fb25c_qwen2p51_0e3828/hit_miss_amat_summary.csv
qwen2p5_14b_instruct,4k,4k_qwen2p5_14b_instruct_lcqa_revision_policy,fpga_h2o_plus_service_cvr_group_fill_v251,CVR+GF baseline (matched),33.04,31.576,4.021509,70140.0,970,delivery/paper/repro_audit/longctx_l1_l2_size_sweep_ext_20260605/replay_reports/l1_32_l2_32/run_20260605_051221_qwen2p51_8fb25c_qwen2p51_0e3828/hit_miss_amat_summary.csv
qwen2p5_14b_instruct,4k,4k_qwen2p5_14b_instruct_lcqa_revision_policy,fpga_kiloscore_hv_opt5_global_winner,KiloWare-HV,70.052,14.746,3.796633,67589.0,453,delivery/paper/repro_audit/longctx_l1_l2_size_sweep_ext_20260605/replay_reports/l1_32_l2_32/run_20260605_051221_qwen2p51_8fb25c_qwen2p51_0e3828/hit_miss_amat_summary.csv
qwen2p5_14b_instruct,4k,4k_qwen2p5_14b_instruct_lcqa_sparse_fact,fpga_h2o_plus_service_cvr_group_fill_v251,CVR+GF baseline (matched),28.874,35.514,4.074894,70693.0,1091,delivery/paper/repro_audit/longctx_l1_l2_size_sweep_ext_20260605/replay_reports/l1_32_l2_32/run_20260605_051221_qwen2p51_8fb25c_qwen2p51_0e3828/hit_miss_amat_summary.csv
qwen2p5_14b_instruct,4k,4k_qwen2p5_14b_instruct_lcqa_sparse_fact,fpga_kiloscore_hv_opt5_global_winner,KiloWare-HV,67.22,17.155,3.833275,67954.0,527,delivery/paper/repro_audit/longctx_l1_l2_size_sweep_ext_20260605/replay_reports/l1_32_l2_32/run_20260605_051221_qwen2p51_8fb25c_qwen2p51_0e3828/hit_miss_amat_summary.csv
qwen2p5_14b_instruct,4k,4k_qwen2p5_14b_instruct_lcqa_dual_anchor_incident,fpga_h2o_plus_service_cvr_group_fill_v251,CVR+GF baseline (matched),20.833,40.332,4.140095,71379.0,1239,delivery/paper/repro_audit/longctx_l1_l2_size_sweep_ext_20260605/replay_reports/l1_32_l2_32/run_20260605_051221_qwen2p51_8fb25c_qwen2p51_0e3828/hit_miss_amat_summary.csv
qwen2p5_14b_instruct,4k,4k_qwen2p5_14b_instruct_lcqa_dual_anchor_incident,fpga_kiloscore_hv_opt5_global_winner,KiloWare-HV,66.406,18.717,3.853902,68137.0,575,delivery/paper/repro_audit/longctx_l1_l2_size_sweep_ext_20260605/replay_reports/l1_32_l2_32/run_20260605_051221_qwen2p51_8fb25c_qwen2p51_0e3828/hit_miss_amat_summary.csv
qwen2p5_14b_instruct,4k,4k_qwen2p5_14b_instruct_lcqa_backend_priority_rule,fpga_h2o_plus_service_cvr_group_fill_v251,CVR+GF baseline (matched),37.598,29.036,3.987297,69700.0,892,delivery/paper/repro_audit/longctx_l1_l2_size_sweep_ext_20260605/replay_reports/l1_32_l2_32/run_20260605_051221_qwen2p51_8fb25c_qwen2p51_0e3828/hit_miss_amat_summary.csv
qwen2p5_14b_instruct,4k,4k_qwen2p5_14b_instruct_lcqa_backend_priority_rule,fpga_kiloscore_hv_opt5_global_winner,KiloWare-HV,70.996,16.081,3.816514,67764.0,494,delivery/paper/repro_audit/longctx_l1_l2_size_sweep_ext_20260605/replay_reports/l1_32_l2_32/run_20260605_051221_qwen2p51_8fb25c_qwen2p51_0e3828/hit_miss_amat_summary.csv
qwen2p5_14b_instruct,4k,4k_qwen2p5_14b_instruct_lcqa_epoch_window_recall,fpga_h2o_plus_service_cvr_group_fill_v251,CVR+GF baseline (matched),32.129,31.999,4.027562,70052.0,983,delivery/paper/repro_audit/longctx_l1_l2_size_sweep_ext_20260605/replay_reports/l1_32_l2_32/run_20260605_051221_qwen2p51_8fb25c_qwen2p51_0e3828/hit_miss_amat_summary.csv
qwen2p5_14b_instruct,4k,4k_qwen2p5_14b_instruct_lcqa_epoch_window_recall,fpga_kiloscore_hv_opt5_global_winner,KiloWare-HV,67.22,18.424,3.849558,68037.0,566,delivery/paper/repro_audit/longctx_l1_l2_size_sweep_ext_20260605/replay_reports/l1_32_l2_32/run_20260605_051221_qwen2p51_8fb25c_qwen2p51_0e3828/hit_miss_amat_summary.csv
qwen2p5_14b_instruct,4k,4k_qwen2p5_14b_instruct_lcqa_dual_budget_rule,fpga_h2o_plus_service_cvr_group_fill_v251,CVR+GF baseline (matched),26.139,38.672,4.117756,71073.0,1188,delivery/paper/repro_audit/longctx_l1_l2_size_sweep_ext_20260605/replay_reports/l1_32_l2_32/run_20260605_051221_qwen2p51_8fb25c_qwen2p51_0e3828/hit_miss_amat_summary.csv
qwen2p5_14b_instruct,4k,4k_qwen2p5_14b_instruct_lcqa_dual_budget_rule,fpga_kiloscore_hv_opt5_global_winner,KiloWare-HV,62.826,19.727,3.865283,68215.0,606,delivery/paper/repro_audit/longctx_l1_l2_size_sweep_ext_20260605/replay_reports/l1_32_l2_32/run_20260605_051221_qwen2p51_8fb25c_qwen2p51_0e3828/hit_miss_amat_summary.csv
qwen2p5_14b_instruct,4k,4k_qwen2p5_14b_instruct_lcqa_query_relevance_note,fpga_h2o_plus_service_cvr_group_fill_v251,CVR+GF baseline (matched),29.72,36.296,4.085331,70864.0,1115,delivery/paper/repro_audit/longctx_l1_l2_size_sweep_ext_20260605/replay_reports/l1_32_l2_32/run_20260605_051221_qwen2p51_8fb25c_qwen2p51_0e3828/hit_miss_amat_summary.csv
qwen2p5_14b_instruct,4k,4k_qwen2p5_14b_instruct_lcqa_query_relevance_note,fpga_kiloscore_hv_opt5_global_winner,KiloWare-HV,66.536,19.271,3.860719,68316.0,592,delivery/paper/repro_audit/longctx_l1_l2_size_sweep_ext_20260605/replay_reports/l1_32_l2_32/run_20260605_051221_qwen2p51_8fb25c_qwen2p51_0e3828/hit_miss_amat_summary.csv
qwen2p5_14b_instruct,4k,4k_qwen2p5_14b_instruct_lcqa_spill_cost_reason,fpga_h2o_plus_service_cvr_group_fill_v251,CVR+GF baseline (matched),34.375,31.51,4.020628,70130.0,968,delivery/paper/repro_audit/longctx_l1_l2_size_sweep_ext_20260605/replay_reports/l1_32_l2_32/run_20260605_051221_qwen2p51_8fb25c_qwen2p51_0e3828/hit_miss_amat_summary.csv
qwen2p5_14b_instruct,4k,4k_qwen2p5_14b_instruct_lcqa_spill_cost_reason,fpga_kiloscore_hv_opt5_global_winner,KiloWare-HV,69.368,17.415,3.837888,68057.0,535,delivery/paper/repro_audit/longctx_l1_l2_size_sweep_ext_20260605/replay_reports/l1_32_l2_32/run_20260605_051221_qwen2p51_8fb25c_qwen2p51_0e3828/hit_miss_amat_summary.csv
qwen2p5_14b_instruct,4k,4k_qwen2p5_14b_instruct_lcqa_head_budget_rule,fpga_h2o_plus_service_cvr_group_fill_v251,CVR+GF baseline (matched),25.293,35.71,4.077684,70672.0,1097,delivery/paper/repro_audit/longctx_l1_l2_size_sweep_ext_20260605/replay_reports/l1_32_l2_32/run_20260605_051221_qwen2p51_8fb25c_qwen2p51_0e3828/hit_miss_amat_summary.csv
qwen2p5_14b_instruct,4k,4k_qwen2p5_14b_instruct_lcqa_head_budget_rule,fpga_kiloscore_hv_opt5_global_winner,KiloWare-HV,66.667,16.895,3.827684,67840.0,519,delivery/paper/repro_audit/longctx_l1_l2_size_sweep_ext_20260605/replay_reports/l1_32_l2_32/run_20260605_051221_qwen2p51_8fb25c_qwen2p51_0e3828/hit_miss_amat_summary.csv
qwen2p5_14b_instruct,4k,4k_qwen2p5_14b_instruct_cmqa_early_name_recall,fpga_h2o_plus_service_cvr_group_fill_v251,CVR+GF baseline (matched),31.934,24.316,3.923199,68922.0,747,delivery/paper/repro_audit/longctx_l1_l2_size_sweep_ext_20260605/replay_reports/l1_32_l2_32/run_20260605_051221_qwen2p51_8fb25c_qwen2p51_0e3828/hit_miss_amat_summary.csv
qwen2p5_14b_instruct,4k,4k_qwen2p5_14b_instruct_cmqa_early_name_recall,fpga_kiloscore_hv_opt5_global_winner,KiloWare-HV,66.829,11.947,3.756709,67036.0,367,delivery/paper/repro_audit/longctx_l1_l2_size_sweep_ext_20260605/replay_reports/l1_32_l2_32/run_20260605_051221_qwen2p51_8fb25c_qwen2p51_0e3828/hit_miss_amat_summary.csv
qwen2p5_14b_instruct,4k,4k_qwen2p5_14b_instruct_cmqa_policy_recall,fpga_h2o_plus_service_cvr_group_fill_v251,CVR+GF baseline (matched),32.259,24.154,3.920848,68844.0,742,delivery/paper/repro_audit/longctx_l1_l2_size_sweep_ext_20260605/replay_reports/l1_32_l2_32/run_20260605_051221_qwen2p51_8fb25c_qwen2p51_0e3828/hit_miss_amat_summary.csv
qwen2p5_14b_instruct,4k,4k_qwen2p5_14b_instruct_cmqa_policy_recall,fpga_kiloscore_hv_opt5_global_winner,KiloWare-HV,72.786,13.053,3.773852,67180.0,401,delivery/paper/repro_audit/longctx_l1_l2_size_sweep_ext_20260605/replay_reports/l1_32_l2_32/run_20260605_051221_qwen2p51_8fb25c_qwen2p51_0e3828/hit_miss_amat_summary.csv
qwen2p5_14b_instruct,4k,4k_qwen2p5_14b_instruct_cmqa_anchor_reasoning,fpga_h2o_plus_service_cvr_group_fill_v251,CVR+GF baseline (matched),38.151,28.255,3.976447,69577.0,868,delivery/paper/repro_audit/longctx_l1_l2_size_sweep_ext_20260605/replay_reports/l1_32_l2_32/run_20260605_051221_qwen2p51_8fb25c_qwen2p51_0e3828/hit_miss_amat_summary.csv
qwen2p5_14b_instruct,4k,4k_qwen2p5_14b_instruct_cmqa_anchor_reasoning,fpga_kiloscore_hv_opt5_global_winner,KiloWare-HV,70.573,14.583,3.796224,67534.0,448,delivery/paper/repro_audit/longctx_l1_l2_size_sweep_ext_20260605/replay_reports/l1_32_l2_32/run_20260605_051221_qwen2p51_8fb25c_qwen2p51_0e3828/hit_miss_amat_summary.csv
qwen2p5_14b_instruct,4k,4k_qwen2p5_14b_instruct_cmqa_backend_recall,fpga_h2o_plus_service_cvr_group_fill_v251,CVR+GF baseline (matched),30.501,27.311,3.963681,69484.0,839,delivery/paper/repro_audit/longctx_l1_l2_size_sweep_ext_20260605/replay_reports/l1_32_l2_32/run_20260605_051221_qwen2p51_8fb25c_qwen2p51_0e3828/hit_miss_amat_summary.csv
qwen2p5_14b_instruct,4k,4k_qwen2p5_14b_instruct_cmqa_backend_recall,fpga_kiloscore_hv_opt5_global_winner,KiloWare-HV,65.527,16.276,3.816379,67813.0,500,delivery/paper/repro_audit/longctx_l1_l2_size_sweep_ext_20260605/replay_reports/l1_32_l2_32/run_20260605_051221_qwen2p51_8fb25c_qwen2p51_0e3828/hit_miss_amat_summary.csv
qwen2p5_14b_instruct,4k,4k_qwen2p5_14b_instruct_cmqa_field_recall,fpga_h2o_plus_service_cvr_group_fill_v251,CVR+GF baseline (matched),32.845,26.758,3.956365,69401.0,822,delivery/paper/repro_audit/longctx_l1_l2_size_sweep_ext_20260605/replay_reports/l1_32_l2_32/run_20260605_051221_qwen2p51_8fb25c_qwen2p51_0e3828/hit_miss_amat_summary.csv
qwen2p5_14b_instruct,4k,4k_qwen2p5_14b_instruct_cmqa_field_recall,fpga_kiloscore_hv_opt5_global_winner,KiloWare-HV,67.22,12.272,3.763311,67211.0,377,delivery/paper/repro_audit/longctx_l1_l2_size_sweep_ext_20260605/replay_reports/l1_32_l2_32/run_20260605_051221_qwen2p51_8fb25c_qwen2p51_0e3828/hit_miss_amat_summary.csv
qwen2p5_14b_instruct,4k,4k_qwen2p5_14b_instruct_cmqa_epoch_memory,fpga_h2o_plus_service_cvr_group_fill_v251,CVR+GF baseline (matched),33.464,29.72,3.996383,69803.0,913,delivery/paper/repro_audit/longctx_l1_l2_size_sweep_ext_20260605/replay_reports/l1_32_l2_32/run_20260605_051221_qwen2p51_8fb25c_qwen2p51_0e3828/hit_miss_amat_summary.csv
qwen2p5_14b_instruct,4k,4k_qwen2p5_14b_instruct_cmqa_epoch_memory,fpga_kiloscore_hv_opt5_global_winner,KiloWare-HV,69.564,14.062,3.787579,67436.0,432,delivery/paper/repro_audit/longctx_l1_l2_size_sweep_ext_20260605/replay_reports/l1_32_l2_32/run_20260605_051221_qwen2p51_8fb25c_qwen2p51_0e3828/hit_miss_amat_summary.csv
qwen2p5_14b_instruct,4k,4k_qwen2p5_14b_instruct_cmqa_budget_memory,fpga_h2o_plus_service_cvr_group_fill_v251,CVR+GF baseline (matched),36.1,28.581,3.980756,69574.0,878,delivery/paper/repro_audit/longctx_l1_l2_size_sweep_ext_20260605/replay_reports/l1_32_l2_32/run_20260605_051221_qwen2p51_8fb25c_qwen2p51_0e3828/hit_miss_amat_summary.csv
qwen2p5_14b_instruct,4k,4k_qwen2p5_14b_instruct_cmqa_budget_memory,fpga_kiloscore_hv_opt5_global_winner,KiloWare-HV,71.289,12.24,3.762006,67096.0,376,delivery/paper/repro_audit/longctx_l1_l2_size_sweep_ext_20260605/replay_reports/l1_32_l2_32/run_20260605_051221_qwen2p51_8fb25c_qwen2p51_0e3828/hit_miss_amat_summary.csv
qwen2p5_14b_instruct,8k,8k_qwen2p5_14b_instruct_mdqa_cross_doc_role,fpga_h2o_plus_service_cvr_group_fill_v251,CVR+GF baseline (matched),20.28,36.003,4.047582,123445.0,1106,delivery/paper/repro_audit/longctx_l1_l2_size_sweep_ext_20260605/replay_reports/l1_32_l2_32/run_20260605_051955_qwen2p51_c2798c_qwen2p51_0e3828/hit_miss_amat_summary.csv
qwen2p5_14b_instruct,8k,8k_qwen2p5_14b_instruct_mdqa_cross_doc_role,fpga_kiloscore_hv_opt5_global_winner,KiloWare-HV,61.328,18.327,3.9107,120784.0,563,delivery/paper/repro_audit/longctx_l1_l2_size_sweep_ext_20260605/replay_reports/l1_32_l2_32/run_20260605_051955_qwen2p51_c2798c_qwen2p51_0e3828/hit_miss_amat_summary.csv
qwen2p5_14b_instruct,8k,8k_qwen2p5_14b_instruct_mdqa_component_match,fpga_h2o_plus_service_cvr_group_fill_v251,CVR+GF baseline (matched),20.898,40.788,4.085356,124232.0,1253,delivery/paper/repro_audit/longctx_l1_l2_size_sweep_ext_20260605/replay_reports/l1_32_l2_32/run_20260605_051955_qwen2p51_c2798c_qwen2p51_0e3828/hit_miss_amat_summary.csv
qwen2p5_14b_instruct,8k,8k_qwen2p5_14b_instruct_mdqa_component_match,fpga_kiloscore_hv_opt5_global_winner,KiloWare-HV,60.059,18.783,3.914027,120900.0,577,delivery/paper/repro_audit/longctx_l1_l2_size_sweep_ext_20260605/replay_reports/l1_32_l2_32/run_20260605_051955_qwen2p51_c2798c_qwen2p51_0e3828/hit_miss_amat_summary.csv
qwen2p5_14b_instruct,8k,8k_qwen2p5_14b_instruct_mdqa_two_hop_summary,fpga_h2o_plus_service_cvr_group_fill_v251,CVR+GF baseline (matched),16.211,40.137,4.080368,124135.0,1233,delivery/paper/repro_audit/longctx_l1_l2_size_sweep_ext_20260605/replay_reports/l1_32_l2_32/run_20260605_051955_qwen2p51_c2798c_qwen2p51_0e3828/hit_miss_amat_summary.csv
qwen2p5_14b_instruct,8k,8k_qwen2p5_14b_instruct_mdqa_two_hop_summary,fpga_kiloscore_hv_opt5_global_winner,KiloWare-HV,59.115,18.783,3.91557,120930.0,577,delivery/paper/repro_audit/longctx_l1_l2_size_sweep_ext_20260605/replay_reports/l1_32_l2_32/run_20260605_051955_qwen2p51_c2798c_qwen2p51_0e3828/hit_miss_amat_summary.csv
qwen2p5_14b_instruct,8k,8k_qwen2p5_14b_instruct_mdqa_cross_doc_priority,fpga_h2o_plus_service_cvr_group_fill_v251,CVR+GF baseline (matched),22.689,31.283,4.01034,122721.0,961,delivery/paper/repro_audit/longctx_l1_l2_size_sweep_ext_20260605/replay_reports/l1_32_l2_32/run_20260605_051955_qwen2p51_c2798c_qwen2p51_0e3828/hit_miss_amat_summary.csv
qwen2p5_14b_instruct,8k,8k_qwen2p5_14b_instruct_mdqa_cross_doc_priority,fpga_kiloscore_hv_opt5_global_winner,KiloWare-HV,62.728,16.829,3.898097,120539.0,517,delivery/paper/repro_audit/longctx_l1_l2_size_sweep_ext_20260605/replay_reports/l1_32_l2_32/run_20260605_051955_qwen2p51_c2798c_qwen2p51_0e3828/hit_miss_amat_summary.csv
qwen2p5_14b_instruct,8k,8k_qwen2p5_14b_instruct_mdqa_chain_descriptor_fields,fpga_h2o_plus_service_cvr_group_fill_v251,CVR+GF baseline (matched),22.168,37.858,4.062166,123676.0,1163,delivery/paper/repro_audit/longctx_l1_l2_size_sweep_ext_20260605/replay_reports/l1_32_l2_32/run_20260605_051955_qwen2p51_c2798c_qwen2p51_0e3828/hit_miss_amat_summary.csv
qwen2p5_14b_instruct,8k,8k_qwen2p5_14b_instruct_mdqa_chain_descriptor_fields,fpga_kiloscore_hv_opt5_global_winner,KiloWare-HV,61.621,21.452,3.939121,121285.0,659,delivery/paper/repro_audit/longctx_l1_l2_size_sweep_ext_20260605/replay_reports/l1_32_l2_32/run_20260605_051955_qwen2p51_c2798c_qwen2p51_0e3828/hit_miss_amat_summary.csv
qwen2p5_14b_instruct,8k,8k_qwen2p5_14b_instruct_mdqa_three_stage_lookup,fpga_h2o_plus_service_cvr_group_fill_v251,CVR+GF baseline (matched),18.294,38.281,4.065768,123746.0,1176,delivery/paper/repro_audit/longctx_l1_l2_size_sweep_ext_20260605/replay_reports/l1_32_l2_32/run_20260605_051955_qwen2p51_c2798c_qwen2p51_0e3828/hit_miss_amat_summary.csv
qwen2p5_14b_instruct,8k,8k_qwen2p5_14b_instruct_mdqa_three_stage_lookup,fpga_kiloscore_hv_opt5_global_winner,KiloWare-HV,64.551,18.815,3.916993,120855.0,578,delivery/paper/repro_audit/longctx_l1_l2_size_sweep_ext_20260605/replay_reports/l1_32_l2_32/run_20260605_051955_qwen2p51_c2798c_qwen2p51_0e3828/hit_miss_amat_summary.csv
qwen2p5_14b_instruct,8k,8k_qwen2p5_14b_instruct_mdqa_compression_guard,fpga_h2o_plus_service_cvr_group_fill_v251,CVR+GF baseline (matched),22.168,37.76,4.061522,123611.0,1160,delivery/paper/repro_audit/longctx_l1_l2_size_sweep_ext_20260605/replay_reports/l1_32_l2_32/run_20260605_051955_qwen2p51_c2798c_qwen2p51_0e3828/hit_miss_amat_summary.csv
qwen2p5_14b_instruct,8k,8k_qwen2p5_14b_instruct_mdqa_compression_guard,fpga_kiloscore_hv_opt5_global_winner,KiloWare-HV,62.891,17.578,3.90625,120595.0,540,delivery/paper/repro_audit/longctx_l1_l2_size_sweep_ext_20260605/replay_reports/l1_32_l2_32/run_20260605_051955_qwen2p51_c2798c_qwen2p51_0e3828/hit_miss_amat_summary.csv
qwen2p5_14b_instruct,8k,8k_qwen2p5_14b_instruct_mdqa_query_cost_chain,fpga_h2o_plus_service_cvr_group_fill_v251,CVR+GF baseline (matched),18.717,38.509,4.067415,123778.0,1183,delivery/paper/repro_audit/longctx_l1_l2_size_sweep_ext_20260605/replay_reports/l1_32_l2_32/run_20260605_051955_qwen2p51_c2798c_qwen2p51_0e3828/hit_miss_amat_summary.csv
qwen2p5_14b_instruct,8k,8k_qwen2p5_14b_instruct_mdqa_query_cost_chain,fpga_kiloscore_hv_opt5_global_winner,KiloWare-HV,58.854,20.215,3.926101,121032.0,621,delivery/paper/repro_audit/longctx_l1_l2_size_sweep_ext_20260605/replay_reports/l1_32_l2_32/run_20260605_051955_qwen2p51_c2798c_qwen2p51_0e3828/hit_miss_amat_summary.csv
qwen2p5_14b_instruct,8k,8k_qwen2p5_14b_instruct_mdqa_head_budget_allocation,fpga_h2o_plus_service_cvr_group_fill_v251,CVR+GF baseline (matched),20.996,40.43,4.082596,124073.0,1242,delivery/paper/repro_audit/longctx_l1_l2_size_sweep_ext_20260605/replay_reports/l1_32_l2_32/run_20260605_051955_qwen2p51_c2798c_qwen2p51_0e3828/hit_miss_amat_summary.csv
qwen2p5_14b_instruct,8k,8k_qwen2p5_14b_instruct_mdqa_head_budget_allocation,fpga_kiloscore_hv_opt5_global_winner,KiloWare-HV,56.966,20.247,3.926462,121039.0,622,delivery/paper/repro_audit/longctx_l1_l2_size_sweep_ext_20260605/replay_reports/l1_32_l2_32/run_20260605_051955_qwen2p51_c2798c_qwen2p51_0e3828/hit_miss_amat_summary.csv
qwen2p5_14b_instruct,8k,8k_qwen2p5_14b_instruct_mdqa_backend_admission_reason,fpga_h2o_plus_service_cvr_group_fill_v251,CVR+GF baseline (matched),20.638,34.733,4.037449,123248.0,1067,delivery/paper/repro_audit/longctx_l1_l2_size_sweep_ext_20260605/replay_reports/l1_32_l2_32/run_20260605_051955_qwen2p51_c2798c_qwen2p51_0e3828/hit_miss_amat_summary.csv
qwen2p5_14b_instruct,8k,8k_qwen2p5_14b_instruct_mdqa_backend_admission_reason,fpga_kiloscore_hv_opt5_global_winner,KiloWare-HV,61.784,17.871,3.907819,120728.0,549,delivery/paper/repro_audit/longctx_l1_l2_size_sweep_ext_20260605/replay_reports/l1_32_l2_32/run_20260605_051955_qwen2p51_c2798c_qwen2p51_0e3828/hit_miss_amat_summary.csv
qwen2p5_14b_instruct,8k,8k_qwen2p5_14b_instruct_lcqa_anchor_timeline,fpga_h2o_plus_service_cvr_group_fill_v251,CVR+GF baseline (matched),20.312,36.784,4.053652,123563.0,1130,delivery/paper/repro_audit/longctx_l1_l2_size_sweep_ext_20260605/replay_reports/l1_32_l2_32/run_20260605_051955_qwen2p51_c2798c_qwen2p51_0e3828/hit_miss_amat_summary.csv
qwen2p5_14b_instruct,8k,8k_qwen2p5_14b_instruct_lcqa_anchor_timeline,fpga_kiloscore_hv_opt5_global_winner,KiloWare-HV,63.835,18.001,3.909516,120761.0,553,delivery/paper/repro_audit/longctx_l1_l2_size_sweep_ext_20260605/replay_reports/l1_32_l2_32/run_20260605_051955_qwen2p51_c2798c_qwen2p51_0e3828/hit_miss_amat_summary.csv
qwen2p5_14b_instruct,8k,8k_qwen2p5_14b_instruct_lcqa_revision_policy,fpga_h2o_plus_service_cvr_group_fill_v251,CVR+GF baseline (matched),19.401,39.583,4.075854,123942.0,1216,delivery/paper/repro_audit/longctx_l1_l2_size_sweep_ext_20260605/replay_reports/l1_32_l2_32/run_20260605_051955_qwen2p51_c2798c_qwen2p51_0e3828/hit_miss_amat_summary.csv
qwen2p5_14b_instruct,8k,8k_qwen2p5_14b_instruct_lcqa_revision_policy,fpga_kiloscore_hv_opt5_global_winner,KiloWare-HV,47.917,24.251,3.957081,121634.0,745,delivery/paper/repro_audit/longctx_l1_l2_size_sweep_ext_20260605/replay_reports/l1_32_l2_32/run_20260605_051955_qwen2p51_c2798c_qwen2p51_0e3828/hit_miss_amat_summary.csv
qwen2p5_14b_instruct,8k,8k_qwen2p5_14b_instruct_lcqa_sparse_fact,fpga_h2o_plus_service_cvr_group_fill_v251,CVR+GF baseline (matched),17.969,36.882,4.054527,123580.0,1133,delivery/paper/repro_audit/longctx_l1_l2_size_sweep_ext_20260605/replay_reports/l1_32_l2_32/run_20260605_051955_qwen2p51_c2798c_qwen2p51_0e3828/hit_miss_amat_summary.csv
qwen2p5_14b_instruct,8k,8k_qwen2p5_14b_instruct_lcqa_sparse_fact,fpga_kiloscore_hv_opt5_global_winner,KiloWare-HV,57.747,17.448,3.904115,120656.0,536,delivery/paper/repro_audit/longctx_l1_l2_size_sweep_ext_20260605/replay_reports/l1_32_l2_32/run_20260605_051955_qwen2p51_c2798c_qwen2p51_0e3828/hit_miss_amat_summary.csv
qwen2p5_14b_instruct,8k,8k_qwen2p5_14b_instruct_lcqa_dual_anchor_incident,fpga_h2o_plus_service_cvr_group_fill_v251,CVR+GF baseline (matched),19.238,35.091,4.040467,123359.0,1078,delivery/paper/repro_audit/longctx_l1_l2_size_sweep_ext_20260605/replay_reports/l1_32_l2_32/run_20260605_051955_qwen2p51_c2798c_qwen2p51_0e3828/hit_miss_amat_summary.csv
qwen2p5_14b_instruct,8k,8k_qwen2p5_14b_instruct_lcqa_dual_anchor_incident,fpga_kiloscore_hv_opt5_global_winner,KiloWare-HV,65.039,18.587,3.913667,120893.0,571,delivery/paper/repro_audit/longctx_l1_l2_size_sweep_ext_20260605/replay_reports/l1_32_l2_32/run_20260605_051955_qwen2p51_c2798c_qwen2p51_0e3828/hit_miss_amat_summary.csv
qwen2p5_14b_instruct,8k,8k_qwen2p5_14b_instruct_lcqa_backend_priority_rule,fpga_h2o_plus_service_cvr_group_fill_v251,CVR+GF baseline (matched),22.168,36.621,4.052439,123487.0,1125,delivery/paper/repro_audit/longctx_l1_l2_size_sweep_ext_20260605/replay_reports/l1_32_l2_32/run_20260605_051955_qwen2p51_c2798c_qwen2p51_0e3828/hit_miss_amat_summary.csv
qwen2p5_14b_instruct,8k,8k_qwen2p5_14b_instruct_lcqa_backend_priority_rule,fpga_kiloscore_hv_opt5_global_winner,KiloWare-HV,64.03,16.732,3.900628,120537.0,514,delivery/paper/repro_audit/longctx_l1_l2_size_sweep_ext_20260605/replay_reports/l1_32_l2_32/run_20260605_051955_qwen2p51_c2798c_qwen2p51_0e3828/hit_miss_amat_summary.csv
qwen2p5_14b_instruct,8k,8k_qwen2p5_14b_instruct_lcqa_epoch_window_recall,fpga_h2o_plus_service_cvr_group_fill_v251,CVR+GF baseline (matched),20.605,33.822,4.030453,123112.0,1039,delivery/paper/repro_audit/longctx_l1_l2_size_sweep_ext_20260605/replay_reports/l1_32_l2_32/run_20260605_051955_qwen2p51_c2798c_qwen2p51_0e3828/hit_miss_amat_summary.csv
qwen2p5_14b_instruct,8k,8k_qwen2p5_14b_instruct_lcqa_epoch_window_recall,fpga_kiloscore_hv_opt5_global_winner,KiloWare-HV,64.551,14.258,3.879321,120174.0,438,delivery/paper/repro_audit/longctx_l1_l2_size_sweep_ext_20260605/replay_reports/l1_32_l2_32/run_20260605_051955_qwen2p51_c2798c_qwen2p51_0e3828/hit_miss_amat_summary.csv
qwen2p5_14b_instruct,8k,8k_qwen2p5_14b_instruct_lcqa_dual_budget_rule,fpga_h2o_plus_service_cvr_group_fill_v251,CVR+GF baseline (matched),19.629,39.29,4.073611,123951.0,1207,delivery/paper/repro_audit/longctx_l1_l2_size_sweep_ext_20260605/replay_reports/l1_32_l2_32/run_20260605_051955_qwen2p51_c2798c_qwen2p51_0e3828/hit_miss_amat_summary.csv
qwen2p5_14b_instruct,8k,8k_qwen2p5_14b_instruct_lcqa_dual_budget_rule,fpga_kiloscore_hv_opt5_global_winner,KiloWare-HV,62.891,17.35,3.903138,120637.0,533,delivery/paper/repro_audit/longctx_l1_l2_size_sweep_ext_20260605/replay_reports/l1_32_l2_32/run_20260605_051955_qwen2p51_c2798c_qwen2p51_0e3828/hit_miss_amat_summary.csv
qwen2p5_14b_instruct,8k,8k_qwen2p5_14b_instruct_lcqa_query_relevance_note,fpga_h2o_plus_service_cvr_group_fill_v251,CVR+GF baseline (matched),22.168,39.714,4.0768,124013.0,1220,delivery/paper/repro_audit/longctx_l1_l2_size_sweep_ext_20260605/replay_reports/l1_32_l2_32/run_20260605_051955_qwen2p51_c2798c_qwen2p51_0e3828/hit_miss_amat_summary.csv
qwen2p5_14b_instruct,8k,8k_qwen2p5_14b_instruct_lcqa_query_relevance_note,fpga_kiloscore_hv_opt5_global_winner,KiloWare-HV,63.997,16.862,3.899743,120571.0,518,delivery/paper/repro_audit/longctx_l1_l2_size_sweep_ext_20260605/replay_reports/l1_32_l2_32/run_20260605_051955_qwen2p51_c2798c_qwen2p51_0e3828/hit_miss_amat_summary.csv
qwen2p5_14b_instruct,8k,8k_qwen2p5_14b_instruct_lcqa_spill_cost_reason,fpga_h2o_plus_service_cvr_group_fill_v251,CVR+GF baseline (matched),19.271,41.341,4.089712,124264.0,1270,delivery/paper/repro_audit/longctx_l1_l2_size_sweep_ext_20260605/replay_reports/l1_32_l2_32/run_20260605_051955_qwen2p51_c2798c_qwen2p51_0e3828/hit_miss_amat_summary.csv
qwen2p5_14b_instruct,8k,8k_qwen2p5_14b_instruct_lcqa_spill_cost_reason,fpga_kiloscore_hv_opt5_global_winner,KiloWare-HV,64.551,18.099,3.911728,120804.0,556,delivery/paper/repro_audit/longctx_l1_l2_size_sweep_ext_20260605/replay_reports/l1_32_l2_32/run_20260605_051955_qwen2p51_c2798c_qwen2p51_0e3828/hit_miss_amat_summary.csv
qwen2p5_14b_instruct,8k,8k_qwen2p5_14b_instruct_lcqa_head_budget_rule,fpga_h2o_plus_service_cvr_group_fill_v251,CVR+GF baseline (matched),20.964,39.779,4.077489,124079.0,1222,delivery/paper/repro_audit/longctx_l1_l2_size_sweep_ext_20260605/replay_reports/l1_32_l2_32/run_20260605_051955_qwen2p51_c2798c_qwen2p51_0e3828/hit_miss_amat_summary.csv
qwen2p5_14b_instruct,8k,8k_qwen2p5_14b_instruct_lcqa_head_budget_rule,fpga_kiloscore_hv_opt5_global_winner,KiloWare-HV,66.439,15.462,3.888369,120401.0,475,delivery/paper/repro_audit/longctx_l1_l2_size_sweep_ext_20260605/replay_reports/l1_32_l2_32/run_20260605_051955_qwen2p51_c2798c_qwen2p51_0e3828/hit_miss_amat_summary.csv
qwen2p5_14b_instruct,8k,8k_qwen2p5_14b_instruct_cmqa_early_name_recall,fpga_h2o_plus_service_cvr_group_fill_v251,CVR+GF baseline (matched),18.913,35.938,4.047036,123382.0,1104,delivery/paper/repro_audit/longctx_l1_l2_size_sweep_ext_20260605/replay_reports/l1_32_l2_32/run_20260605_051955_qwen2p51_c2798c_qwen2p51_0e3828/hit_miss_amat_summary.csv
qwen2p5_14b_instruct,8k,8k_qwen2p5_14b_instruct_cmqa_early_name_recall,fpga_kiloscore_hv_opt5_global_winner,KiloWare-HV,59.993,20.02,3.926359,121037.0,615,delivery/paper/repro_audit/longctx_l1_l2_size_sweep_ext_20260605/replay_reports/l1_32_l2_32/run_20260605_051955_qwen2p51_c2798c_qwen2p51_0e3828/hit_miss_amat_summary.csv
qwen2p5_14b_instruct,8k,8k_qwen2p5_14b_instruct_cmqa_policy_recall,fpga_h2o_plus_service_cvr_group_fill_v251,CVR+GF baseline (matched),18.392,36.458,4.05108,123513.0,1120,delivery/paper/repro_audit/longctx_l1_l2_size_sweep_ext_20260605/replay_reports/l1_32_l2_32/run_20260605_051955_qwen2p51_c2798c_qwen2p51_0e3828/hit_miss_amat_summary.csv
qwen2p5_14b_instruct,8k,8k_qwen2p5_14b_instruct_cmqa_policy_recall,fpga_kiloscore_hv_opt5_global_winner,KiloWare-HV,64.941,17.35,3.904321,120660.0,533,delivery/paper/repro_audit/longctx_l1_l2_size_sweep_ext_20260605/replay_reports/l1_32_l2_32/run_20260605_051955_qwen2p51_c2798c_qwen2p51_0e3828/hit_miss_amat_summary.csv
qwen2p5_14b_instruct,8k,8k_qwen2p5_14b_instruct_cmqa_anchor_reasoning,fpga_h2o_plus_service_cvr_group_fill_v251,CVR+GF baseline (matched),20.508,38.77,4.069399,123764.0,1191,delivery/paper/repro_audit/longctx_l1_l2_size_sweep_ext_20260605/replay_reports/l1_32_l2_32/run_20260605_051955_qwen2p51_c2798c_qwen2p51_0e3828/hit_miss_amat_summary.csv
qwen2p5_14b_instruct,8k,8k_qwen2p5_14b_instruct_cmqa_anchor_reasoning,fpga_kiloscore_hv_opt5_global_winner,KiloWare-HV,66.178,16.178,3.894306,120363.0,497,delivery/paper/repro_audit/longctx_l1_l2_size_sweep_ext_20260605/replay_reports/l1_32_l2_32/run_20260605_051955_qwen2p51_c2798c_qwen2p51_0e3828/hit_miss_amat_summary.csv
qwen2p5_14b_instruct,8k,8k_qwen2p5_14b_instruct_cmqa_backend_recall,fpga_h2o_plus_service_cvr_group_fill_v251,CVR+GF baseline (matched),22.331,40.365,4.082012,124009.0,1240,delivery/paper/repro_audit/longctx_l1_l2_size_sweep_ext_20260605/replay_reports/l1_32_l2_32/run_20260605_051955_qwen2p51_c2798c_qwen2p51_0e3828/hit_miss_amat_summary.csv
qwen2p5_14b_instruct,8k,8k_qwen2p5_14b_instruct_cmqa_backend_recall,fpga_kiloscore_hv_opt5_global_winner,KiloWare-HV,60.547,19.076,3.917576,120815.0,586,delivery/paper/repro_audit/longctx_l1_l2_size_sweep_ext_20260605/replay_reports/l1_32_l2_32/run_20260605_051955_qwen2p51_c2798c_qwen2p51_0e3828/hit_miss_amat_summary.csv
qwen2p5_14b_instruct,8k,8k_qwen2p5_14b_instruct_cmqa_field_recall,fpga_h2o_plus_service_cvr_group_fill_v251,CVR+GF baseline (matched),18.945,36.589,4.052152,123429.0,1124,delivery/paper/repro_audit/longctx_l1_l2_size_sweep_ext_20260605/replay_reports/l1_32_l2_32/run_20260605_051955_qwen2p51_c2798c_qwen2p51_0e3828/hit_miss_amat_summary.csv
qwen2p5_14b_instruct,8k,8k_qwen2p5_14b_instruct_cmqa_field_recall,fpga_kiloscore_hv_opt5_global_winner,KiloWare-HV,57.259,19.661,3.922467,120910.0,604,delivery/paper/repro_audit/longctx_l1_l2_size_sweep_ext_20260605/replay_reports/l1_32_l2_32/run_20260605_051955_qwen2p51_c2798c_qwen2p51_0e3828/hit_miss_amat_summary.csv
qwen2p5_14b_instruct,8k,8k_qwen2p5_14b_instruct_cmqa_epoch_memory,fpga_h2o_plus_service_cvr_group_fill_v251,CVR+GF baseline (matched),18.262,36.328,4.050103,123494.0,1116,delivery/paper/repro_audit/longctx_l1_l2_size_sweep_ext_20260605/replay_reports/l1_32_l2_32/run_20260605_051955_qwen2p51_c2798c_qwen2p51_0e3828/hit_miss_amat_summary.csv
qwen2p5_14b_instruct,8k,8k_qwen2p5_14b_instruct_cmqa_epoch_memory,fpga_kiloscore_hv_opt5_global_winner,KiloWare-HV,59.831,19.108,3.917644,120919.0,587,delivery/paper/repro_audit/longctx_l1_l2_size_sweep_ext_20260605/replay_reports/l1_32_l2_32/run_20260605_051955_qwen2p51_c2798c_qwen2p51_0e3828/hit_miss_amat_summary.csv
qwen2p5_14b_instruct,8k,8k_qwen2p5_14b_instruct_cmqa_budget_memory,fpga_h2o_plus_service_cvr_group_fill_v251,CVR+GF baseline (matched),16.504,37.956,4.063066,123746.0,1166,delivery/paper/repro_audit/longctx_l1_l2_size_sweep_ext_20260605/replay_reports/l1_32_l2_32/run_20260605_051955_qwen2p51_c2798c_qwen2p51_0e3828/hit_miss_amat_summary.csv
qwen2p5_14b_instruct,8k,8k_qwen2p5_14b_instruct_cmqa_budget_memory,fpga_kiloscore_hv_opt5_global_winner,KiloWare-HV,62.207,15.365,3.886677,120317.0,472,delivery/paper/repro_audit/longctx_l1_l2_size_sweep_ext_20260605/replay_reports/l1_32_l2_32/run_20260605_051955_qwen2p51_c2798c_qwen2p51_0e3828/hit_miss_amat_summary.csv
qwen2p5_14b_instruct,16k,16k_qwen2p5_14b_instruct_mdqa_cross_doc_role,fpga_h2o_plus_service_cvr_group_fill_v251,CVR+GF baseline (matched),19.596,38.477,4.036636,229178.0,1182,delivery/paper/repro_audit/longctx_l1_l2_size_sweep_ext_20260605/replay_reports/l1_32_l2_32/run_20260605_053039_qwen2p51_4468c1_qwen2p51_0e3828/hit_miss_amat_summary.csv
qwen2p5_14b_instruct,16k,16k_qwen2p5_14b_instruct_mdqa_cross_doc_role,fpga_kiloscore_hv_opt5_global_winner,KiloWare-HV,56.576,21.029,3.963729,226579.0,646,delivery/paper/repro_audit/longctx_l1_l2_size_sweep_ext_20260605/replay_reports/l1_32_l2_32/run_20260605_053039_qwen2p51_4468c1_qwen2p51_0e3828/hit_miss_amat_summary.csv
qwen2p5_14b_instruct,16k,16k_qwen2p5_14b_instruct_mdqa_component_match,fpga_h2o_plus_service_cvr_group_fill_v251,CVR+GF baseline (matched),20.833,36.849,4.02956,228978.0,1132,delivery/paper/repro_audit/longctx_l1_l2_size_sweep_ext_20260605/replay_reports/l1_32_l2_32/run_20260605_053039_qwen2p51_4468c1_qwen2p51_0e3828/hit_miss_amat_summary.csv
qwen2p5_14b_instruct,16k,16k_qwen2p5_14b_instruct_mdqa_component_match,fpga_kiloscore_hv_opt5_global_winner,KiloWare-HV,61.296,16.536,3.944554,225947.0,508,delivery/paper/repro_audit/longctx_l1_l2_size_sweep_ext_20260605/replay_reports/l1_32_l2_32/run_20260605_053039_qwen2p51_4468c1_qwen2p51_0e3828/hit_miss_amat_summary.csv
qwen2p5_14b_instruct,16k,16k_qwen2p5_14b_instruct_mdqa_two_hop_summary,fpga_h2o_plus_service_cvr_group_fill_v251,CVR+GF baseline (matched),15.56,40.007,4.043237,229518.0,1229,delivery/paper/repro_audit/longctx_l1_l2_size_sweep_ext_20260605/replay_reports/l1_32_l2_32/run_20260605_053039_qwen2p51_4468c1_qwen2p51_0e3828/hit_miss_amat_summary.csv
qwen2p5_14b_instruct,16k,16k_qwen2p5_14b_instruct_mdqa_two_hop_summary,fpga_kiloscore_hv_opt5_global_winner,KiloWare-HV,54.59,21.191,3.96582,226757.0,651,delivery/paper/repro_audit/longctx_l1_l2_size_sweep_ext_20260605/replay_reports/l1_32_l2_32/run_20260605_053039_qwen2p51_4468c1_qwen2p51_0e3828/hit_miss_amat_summary.csv
qwen2p5_14b_instruct,16k,16k_qwen2p5_14b_instruct_mdqa_cross_doc_priority,fpga_h2o_plus_service_cvr_group_fill_v251,CVR+GF baseline (matched),21.94,36.393,4.027569,228907.0,1118,delivery/paper/repro_audit/longctx_l1_l2_size_sweep_ext_20260605/replay_reports/l1_32_l2_32/run_20260605_053039_qwen2p51_4468c1_qwen2p51_0e3828/hit_miss_amat_summary.csv
qwen2p5_14b_instruct,16k,16k_qwen2p5_14b_instruct_mdqa_cross_doc_priority,fpga_kiloscore_hv_opt5_global_winner,KiloWare-HV,62.044,15.658,3.940431,225800.0,481,delivery/paper/repro_audit/longctx_l1_l2_size_sweep_ext_20260605/replay_reports/l1_32_l2_32/run_20260605_053039_qwen2p51_4468c1_qwen2p51_0e3828/hit_miss_amat_summary.csv
qwen2p5_14b_instruct,16k,16k_qwen2p5_14b_instruct_mdqa_chain_descriptor_fields,fpga_h2o_plus_service_cvr_group_fill_v251,CVR+GF baseline (matched),21.191,37.695,4.033227,229161.0,1158,delivery/paper/repro_audit/longctx_l1_l2_size_sweep_ext_20260605/replay_reports/l1_32_l2_32/run_20260605_053039_qwen2p51_4468c1_qwen2p51_0e3828/hit_miss_amat_summary.csv
qwen2p5_14b_instruct,16k,16k_qwen2p5_14b_instruct_mdqa_chain_descriptor_fields,fpga_kiloscore_hv_opt5_global_winner,KiloWare-HV,61.849,16.699,3.945295,226025.0,513,delivery/paper/repro_audit/longctx_l1_l2_size_sweep_ext_20260605/replay_reports/l1_32_l2_32/run_20260605_053039_qwen2p51_4468c1_qwen2p51_0e3828/hit_miss_amat_summary.csv
qwen2p5_14b_instruct,16k,16k_qwen2p5_14b_instruct_mdqa_three_stage_lookup,fpga_h2o_plus_service_cvr_group_fill_v251,CVR+GF baseline (matched),21.615,37.598,4.032806,229146.0,1155,delivery/paper/repro_audit/longctx_l1_l2_size_sweep_ext_20260605/replay_reports/l1_32_l2_32/run_20260605_053039_qwen2p51_4468c1_qwen2p51_0e3828/hit_miss_amat_summary.csv
qwen2p5_14b_instruct,16k,16k_qwen2p5_14b_instruct_mdqa_three_stage_lookup,fpga_kiloscore_hv_opt5_global_winner,KiloWare-HV,62.695,17.122,3.948127,226126.0,526,delivery/paper/repro_audit/longctx_l1_l2_size_sweep_ext_20260605/replay_reports/l1_32_l2_32/run_20260605_053039_qwen2p51_4468c1_qwen2p51_0e3828/hit_miss_amat_summary.csv
qwen2p5_14b_instruct,16k,16k_qwen2p5_14b_instruct_mdqa_compression_guard,fpga_h2o_plus_service_cvr_group_fill_v251,CVR+GF baseline (matched),20.312,40.853,4.046798,229645.0,1255,delivery/paper/repro_audit/longctx_l1_l2_size_sweep_ext_20260605/replay_reports/l1_32_l2_32/run_20260605_053039_qwen2p51_4468c1_qwen2p51_0e3828/hit_miss_amat_summary.csv
qwen2p5_14b_instruct,16k,16k_qwen2p5_14b_instruct_mdqa_compression_guard,fpga_kiloscore_hv_opt5_global_winner,KiloWare-HV,60.156,18.652,3.953819,226329.0,573,delivery/paper/repro_audit/longctx_l1_l2_size_sweep_ext_20260605/replay_reports/l1_32_l2_32/run_20260605_053039_qwen2p51_4468c1_qwen2p51_0e3828/hit_miss_amat_summary.csv
qwen2p5_14b_instruct,16k,16k_qwen2p5_14b_instruct_mdqa_query_cost_chain,fpga_h2o_plus_service_cvr_group_fill_v251,CVR+GF baseline (matched),21.126,39.746,4.042087,229477.0,1221,delivery/paper/repro_audit/longctx_l1_l2_size_sweep_ext_20260605/replay_reports/l1_32_l2_32/run_20260605_053039_qwen2p51_4468c1_qwen2p51_0e3828/hit_miss_amat_summary.csv
qwen2p5_14b_instruct,16k,16k_qwen2p5_14b_instruct_mdqa_query_cost_chain,fpga_kiloscore_hv_opt5_global_winner,KiloWare-HV,60.286,17.904,3.950622,226215.0,550,delivery/paper/repro_audit/longctx_l1_l2_size_sweep_ext_20260605/replay_reports/l1_32_l2_32/run_20260605_053039_qwen2p51_4468c1_qwen2p51_0e3828/hit_miss_amat_summary.csv
qwen2p5_14b_instruct,16k,16k_qwen2p5_14b_instruct_mdqa_head_budget_allocation,fpga_h2o_plus_service_cvr_group_fill_v251,CVR+GF baseline (matched),21.842,36.914,4.029826,228883.0,1134,delivery/paper/repro_audit/longctx_l1_l2_size_sweep_ext_20260605/replay_reports/l1_32_l2_32/run_20260605_053039_qwen2p51_4468c1_qwen2p51_0e3828/hit_miss_amat_summary.csv
qwen2p5_14b_instruct,16k,16k_qwen2p5_14b_instruct_mdqa_head_budget_allocation,fpga_kiloscore_hv_opt5_global_winner,KiloWare-HV,57.487,19.303,3.956201,226259.0,593,delivery/paper/repro_audit/longctx_l1_l2_size_sweep_ext_20260605/replay_reports/l1_32_l2_32/run_20260605_053039_qwen2p51_4468c1_qwen2p51_0e3828/hit_miss_amat_summary.csv
qwen2p5_14b_instruct,16k,16k_qwen2p5_14b_instruct_mdqa_backend_admission_reason,fpga_h2o_plus_service_cvr_group_fill_v251,CVR+GF baseline (matched),20.898,34.44,4.019272,228559.0,1058,delivery/paper/repro_audit/longctx_l1_l2_size_sweep_ext_20260605/replay_reports/l1_32_l2_32/run_20260605_053039_qwen2p51_4468c1_qwen2p51_0e3828/hit_miss_amat_summary.csv
qwen2p5_14b_instruct,16k,16k_qwen2p5_14b_instruct_mdqa_backend_admission_reason,fpga_kiloscore_hv_opt5_global_winner,KiloWare-HV,64.323,15.365,3.939155,225703.0,472,delivery/paper/repro_audit/longctx_l1_l2_size_sweep_ext_20260605/replay_reports/l1_32_l2_32/run_20260605_053039_qwen2p51_4468c1_qwen2p51_0e3828/hit_miss_amat_summary.csv
qwen2p5_14b_instruct,16k,16k_qwen2p5_14b_instruct_lcqa_anchor_timeline,fpga_h2o_plus_service_cvr_group_fill_v251,CVR+GF baseline (matched),22.786,34.831,4.020974,228724.0,1070,delivery/paper/repro_audit/longctx_l1_l2_size_sweep_ext_20260605/replay_reports/l1_32_l2_32/run_20260605_053039_qwen2p51_4468c1_qwen2p51_0e3828/hit_miss_amat_summary.csv
qwen2p5_14b_instruct,16k,16k_qwen2p5_14b_instruct_lcqa_anchor_timeline,fpga_kiloscore_hv_opt5_global_winner,KiloWare-HV,61.165,18.848,3.953847,226330.0,579,delivery/paper/repro_audit/longctx_l1_l2_size_sweep_ext_20260605/replay_reports/l1_32_l2_32/run_20260605_053039_qwen2p51_4468c1_qwen2p51_0e3828/hit_miss_amat_summary.csv
qwen2p5_14b_instruct,16k,16k_qwen2p5_14b_instruct_lcqa_revision_policy,fpga_h2o_plus_service_cvr_group_fill_v251,CVR+GF baseline (matched),18.652,37.565,4.03261,229139.0,1154,delivery/paper/repro_audit/longctx_l1_l2_size_sweep_ext_20260605/replay_reports/l1_32_l2_32/run_20260605_053039_qwen2p51_4468c1_qwen2p51_0e3828/hit_miss_amat_summary.csv
qwen2p5_14b_instruct,16k,16k_qwen2p5_14b_instruct_lcqa_revision_policy,fpga_kiloscore_hv_opt5_global_winner,KiloWare-HV,60.905,19.336,3.957072,226445.0,594,delivery/paper/repro_audit/longctx_l1_l2_size_sweep_ext_20260605/replay_reports/l1_32_l2_32/run_20260605_053039_qwen2p51_4468c1_qwen2p51_0e3828/hit_miss_amat_summary.csv
qwen2p5_14b_instruct,16k,16k_qwen2p5_14b_instruct_lcqa_sparse_fact,fpga_h2o_plus_service_cvr_group_fill_v251,CVR+GF baseline (matched),20.996,40.82,4.046651,229535.0,1254,delivery/paper/repro_audit/longctx_l1_l2_size_sweep_ext_20260605/replay_reports/l1_32_l2_32/run_20260605_053039_qwen2p51_4468c1_qwen2p51_0e3828/hit_miss_amat_summary.csv
qwen2p5_14b_instruct,16k,16k_qwen2p5_14b_instruct_lcqa_sparse_fact,fpga_kiloscore_hv_opt5_global_winner,KiloWare-HV,62.174,19.564,3.957782,226367.0,601,delivery/paper/repro_audit/longctx_l1_l2_size_sweep_ext_20260605/replay_reports/l1_32_l2_32/run_20260605_053039_qwen2p51_4468c1_qwen2p51_0e3828/hit_miss_amat_summary.csv
qwen2p5_14b_instruct,16k,16k_qwen2p5_14b_instruct_lcqa_dual_anchor_incident,fpga_h2o_plus_service_cvr_group_fill_v251,CVR+GF baseline (matched),20.475,40.527,4.045416,229491.0,1245,delivery/paper/repro_audit/longctx_l1_l2_size_sweep_ext_20260605/replay_reports/l1_32_l2_32/run_20260605_053039_qwen2p51_4468c1_qwen2p51_0e3828/hit_miss_amat_summary.csv
qwen2p5_14b_instruct,16k,16k_qwen2p5_14b_instruct_lcqa_dual_anchor_incident,fpga_kiloscore_hv_opt5_global_winner,KiloWare-HV,57.682,21.81,3.967852,226726.0,670,delivery/paper/repro_audit/longctx_l1_l2_size_sweep_ext_20260605/replay_reports/l1_32_l2_32/run_20260605_053039_qwen2p51_4468c1_qwen2p51_0e3828/hit_miss_amat_summary.csv
qwen2p5_14b_instruct,16k,16k_qwen2p5_14b_instruct_lcqa_backend_priority_rule,fpga_h2o_plus_service_cvr_group_fill_v251,CVR+GF baseline (matched),21.322,34.538,4.019544,228673.0,1061,delivery/paper/repro_audit/longctx_l1_l2_size_sweep_ext_20260605/replay_reports/l1_32_l2_32/run_20260605_053039_qwen2p51_4468c1_qwen2p51_0e3828/hit_miss_amat_summary.csv
qwen2p5_14b_instruct,16k,16k_qwen2p5_14b_instruct_lcqa_backend_priority_rule,fpga_kiloscore_hv_opt5_global_winner,KiloWare-HV,57.812,18.815,3.953567,226320.0,578,delivery/paper/repro_audit/longctx_l1_l2_size_sweep_ext_20260605/replay_reports/l1_32_l2_32/run_20260605_053039_qwen2p51_4468c1_qwen2p51_0e3828/hit_miss_amat_summary.csv
qwen2p5_14b_instruct,16k,16k_qwen2p5_14b_instruct_lcqa_epoch_window_recall,fpga_h2o_plus_service_cvr_group_fill_v251,CVR+GF baseline (matched),18.132,34.18,4.018098,228465.0,1050,delivery/paper/repro_audit/longctx_l1_l2_size_sweep_ext_20260605/replay_reports/l1_32_l2_32/run_20260605_053039_qwen2p51_4468c1_qwen2p51_0e3828/hit_miss_amat_summary.csv
qwen2p5_14b_instruct,16k,16k_qwen2p5_14b_instruct_lcqa_epoch_window_recall,fpga_kiloscore_hv_opt5_global_winner,KiloWare-HV,62.207,17.383,3.948765,225994.0,534,delivery/paper/repro_audit/longctx_l1_l2_size_sweep_ext_20260605/replay_reports/l1_32_l2_32/run_20260605_053039_qwen2p51_4468c1_qwen2p51_0e3828/hit_miss_amat_summary.csv
qwen2p5_14b_instruct,16k,16k_qwen2p5_14b_instruct_lcqa_dual_budget_rule,fpga_h2o_plus_service_cvr_group_fill_v251,CVR+GF baseline (matched),18.066,40.007,4.043144,229410.0,1229,delivery/paper/repro_audit/longctx_l1_l2_size_sweep_ext_20260605/replay_reports/l1_32_l2_32/run_20260605_053039_qwen2p51_4468c1_qwen2p51_0e3828/hit_miss_amat_summary.csv
qwen2p5_14b_instruct,16k,16k_qwen2p5_14b_instruct_lcqa_dual_budget_rule,fpga_kiloscore_hv_opt5_global_winner,KiloWare-HV,63.802,16.927,3.944962,225910.0,520,delivery/paper/repro_audit/longctx_l1_l2_size_sweep_ext_20260605/replay_reports/l1_32_l2_32/run_20260605_053039_qwen2p51_4468c1_qwen2p51_0e3828/hit_miss_amat_summary.csv
qwen2p5_14b_instruct,16k,16k_qwen2p5_14b_instruct_lcqa_query_relevance_note,fpga_h2o_plus_service_cvr_group_fill_v251,CVR+GF baseline (matched),19.499,39.453,4.04076,229325.0,1212,delivery/paper/repro_audit/longctx_l1_l2_size_sweep_ext_20260605/replay_reports/l1_32_l2_32/run_20260605_053039_qwen2p51_4468c1_qwen2p51_0e3828/hit_miss_amat_summary.csv
qwen2p5_14b_instruct,16k,16k_qwen2p5_14b_instruct_lcqa_query_relevance_note,fpga_kiloscore_hv_opt5_global_winner,KiloWare-HV,60.612,18.522,3.953125,226201.0,569,delivery/paper/repro_audit/longctx_l1_l2_size_sweep_ext_20260605/replay_reports/l1_32_l2_32/run_20260605_053039_qwen2p51_4468c1_qwen2p51_0e3828/hit_miss_amat_summary.csv
qwen2p5_14b_instruct,16k,16k_qwen2p5_14b_instruct_lcqa_spill_cost_reason,fpga_h2o_plus_service_cvr_group_fill_v251,CVR+GF baseline (matched),23.861,33.236,4.013998,228371.0,1021,delivery/paper/repro_audit/longctx_l1_l2_size_sweep_ext_20260605/replay_reports/l1_32_l2_32/run_20260605_053039_qwen2p51_4468c1_qwen2p51_0e3828/hit_miss_amat_summary.csv
qwen2p5_14b_instruct,16k,16k_qwen2p5_14b_instruct_lcqa_spill_cost_reason,fpga_kiloscore_hv_opt5_global_winner,KiloWare-HV,62.37,14.941,3.936406,225605.0,459,delivery/paper/repro_audit/longctx_l1_l2_size_sweep_ext_20260605/replay_reports/l1_32_l2_32/run_20260605_053039_qwen2p51_4468c1_qwen2p51_0e3828/hit_miss_amat_summary.csv
qwen2p5_14b_instruct,16k,16k_qwen2p5_14b_instruct_lcqa_head_budget_rule,fpga_h2o_plus_service_cvr_group_fill_v251,CVR+GF baseline (matched),17.285,37.793,4.033655,229124.0,1161,delivery/paper/repro_audit/longctx_l1_l2_size_sweep_ext_20260605/replay_reports/l1_32_l2_32/run_20260605_053039_qwen2p51_4468c1_qwen2p51_0e3828/hit_miss_amat_summary.csv
qwen2p5_14b_instruct,16k,16k_qwen2p5_14b_instruct_lcqa_head_budget_rule,fpga_kiloscore_hv_opt5_global_winner,KiloWare-HV,62.663,15.82,3.941412,225835.0,486,delivery/paper/repro_audit/longctx_l1_l2_size_sweep_ext_20260605/replay_reports/l1_32_l2_32/run_20260605_053039_qwen2p51_4468c1_qwen2p51_0e3828/hit_miss_amat_summary.csv
qwen2p5_14b_instruct,16k,16k_qwen2p5_14b_instruct_cmqa_early_name_recall,fpga_h2o_plus_service_cvr_group_fill_v251,CVR+GF baseline (matched),18.457,36.686,4.028838,228900.0,1127,delivery/paper/repro_audit/longctx_l1_l2_size_sweep_ext_20260605/replay_reports/l1_32_l2_32/run_20260605_053039_qwen2p51_4468c1_qwen2p51_0e3828/hit_miss_amat_summary.csv
qwen2p5_14b_instruct,16k,16k_qwen2p5_14b_instruct_cmqa_early_name_recall,fpga_kiloscore_hv_opt5_global_winner,KiloWare-HV,66.211,12.012,3.924175,225169.0,369,delivery/paper/repro_audit/longctx_l1_l2_size_sweep_ext_20260605/replay_reports/l1_32_l2_32/run_20260605_053039_qwen2p51_4468c1_qwen2p51_0e3828/hit_miss_amat_summary.csv
qwen2p5_14b_instruct,16k,16k_qwen2p5_14b_instruct_cmqa_policy_recall,fpga_h2o_plus_service_cvr_group_fill_v251,CVR+GF baseline (matched),21.517,34.473,4.019408,228616.0,1059,delivery/paper/repro_audit/longctx_l1_l2_size_sweep_ext_20260605/replay_reports/l1_32_l2_32/run_20260605_053039_qwen2p51_4468c1_qwen2p51_0e3828/hit_miss_amat_summary.csv
qwen2p5_14b_instruct,16k,16k_qwen2p5_14b_instruct_cmqa_policy_recall,fpga_kiloscore_hv_opt5_global_winner,KiloWare-HV,64.974,15.104,3.938411,225728.0,464,delivery/paper/repro_audit/longctx_l1_l2_size_sweep_ext_20260605/replay_reports/l1_32_l2_32/run_20260605_053039_qwen2p51_4468c1_qwen2p51_0e3828/hit_miss_amat_summary.csv
qwen2p5_14b_instruct,16k,16k_qwen2p5_14b_instruct_cmqa_anchor_reasoning,fpga_h2o_plus_service_cvr_group_fill_v251,CVR+GF baseline (matched),23.6,29.948,3.999804,227969.0,920,delivery/paper/repro_audit/longctx_l1_l2_size_sweep_ext_20260605/replay_reports/l1_32_l2_32/run_20260605_053039_qwen2p51_4468c1_qwen2p51_0e3828/hit_miss_amat_summary.csv
qwen2p5_14b_instruct,16k,16k_qwen2p5_14b_instruct_cmqa_anchor_reasoning,fpga_kiloscore_hv_opt5_global_winner,KiloWare-HV,61.882,16.569,3.944426,225994.0,509,delivery/paper/repro_audit/longctx_l1_l2_size_sweep_ext_20260605/replay_reports/l1_32_l2_32/run_20260605_053039_qwen2p51_4468c1_qwen2p51_0e3828/hit_miss_amat_summary.csv
qwen2p5_14b_instruct,16k,16k_qwen2p5_14b_instruct_cmqa_backend_recall,fpga_h2o_plus_service_cvr_group_fill_v251,CVR+GF baseline (matched),20.638,30.404,4.001795,227936.0,934,delivery/paper/repro_audit/longctx_l1_l2_size_sweep_ext_20260605/replay_reports/l1_32_l2_32/run_20260605_053039_qwen2p51_4468c1_qwen2p51_0e3828/hit_miss_amat_summary.csv
qwen2p5_14b_instruct,16k,16k_qwen2p5_14b_instruct_cmqa_backend_recall,fpga_kiloscore_hv_opt5_global_winner,KiloWare-HV,63.281,13.509,3.930908,225409.0,415,delivery/paper/repro_audit/longctx_l1_l2_size_sweep_ext_20260605/replay_reports/l1_32_l2_32/run_20260605_053039_qwen2p51_4468c1_qwen2p51_0e3828/hit_miss_amat_summary.csv
qwen2p5_14b_instruct,16k,16k_qwen2p5_14b_instruct_cmqa_field_recall,fpga_h2o_plus_service_cvr_group_fill_v251,CVR+GF baseline (matched),18.848,34.31,4.018627,228536.0,1054,delivery/paper/repro_audit/longctx_l1_l2_size_sweep_ext_20260605/replay_reports/l1_32_l2_32/run_20260605_053039_qwen2p51_4468c1_qwen2p51_0e3828/hit_miss_amat_summary.csv
qwen2p5_14b_instruct,16k,16k_qwen2p5_14b_instruct_cmqa_field_recall,fpga_kiloscore_hv_opt5_global_winner,KiloWare-HV,59.082,16.699,3.945355,225924.0,513,delivery/paper/repro_audit/longctx_l1_l2_size_sweep_ext_20260605/replay_reports/l1_32_l2_32/run_20260605_053039_qwen2p51_4468c1_qwen2p51_0e3828/hit_miss_amat_summary.csv
qwen2p5_14b_instruct,16k,16k_qwen2p5_14b_instruct_cmqa_epoch_memory,fpga_h2o_plus_service_cvr_group_fill_v251,CVR+GF baseline (matched),17.025,36.328,4.027338,228951.0,1116,delivery/paper/repro_audit/longctx_l1_l2_size_sweep_ext_20260605/replay_reports/l1_32_l2_32/run_20260605_053039_qwen2p51_4468c1_qwen2p51_0e3828/hit_miss_amat_summary.csv
qwen2p5_14b_instruct,16k,16k_qwen2p5_14b_instruct_cmqa_epoch_memory,fpga_kiloscore_hv_opt5_global_winner,KiloWare-HV,61.068,17.057,3.946641,226073.0,524,delivery/paper/repro_audit/longctx_l1_l2_size_sweep_ext_20260605/replay_reports/l1_32_l2_32/run_20260605_053039_qwen2p51_4468c1_qwen2p51_0e3828/hit_miss_amat_summary.csv
qwen2p5_14b_instruct,16k,16k_qwen2p5_14b_instruct_cmqa_budget_memory,fpga_h2o_plus_service_cvr_group_fill_v251,CVR+GF baseline (matched),16.699,39.225,4.039816,229396.0,1205,delivery/paper/repro_audit/longctx_l1_l2_size_sweep_ext_20260605/replay_reports/l1_32_l2_32/run_20260605_053039_qwen2p51_4468c1_qwen2p51_0e3828/hit_miss_amat_summary.csv
qwen2p5_14b_instruct,16k,16k_qwen2p5_14b_instruct_cmqa_budget_memory,fpga_kiloscore_hv_opt5_global_winner,KiloWare-HV,52.116,23.828,3.975185,227091.0,732,delivery/paper/repro_audit/longctx_l1_l2_size_sweep_ext_20260605/replay_reports/l1_32_l2_32/run_20260605_053039_qwen2p51_4468c1_qwen2p51_0e3828/hit_miss_amat_summary.csv
qwen2p5_14b_instruct,32k,32k_qwen2p5_14b_instruct_mdqa_cross_doc_role,fpga_h2o_plus_service_cvr_group_fill_v251,CVR+GF baseline (matched),26.009,31.38,4.003142,439102.0,964,delivery/paper/repro_audit/longctx_l1_l2_size_sweep_ext_20260605/replay_reports/l1_32_l2_32/run_20260605_054741_qwen2p51_b101b4_qwen2p51_0e3828/hit_miss_amat_summary.csv
qwen2p5_14b_instruct,32k,32k_qwen2p5_14b_instruct_mdqa_cross_doc_role,fpga_kiloscore_hv_opt5_global_winner,KiloWare-HV,53.613,19.238,3.976641,437297.0,591,delivery/paper/repro_audit/longctx_l1_l2_size_sweep_ext_20260605/replay_reports/l1_32_l2_32/run_20260605_054741_qwen2p51_b101b4_qwen2p51_0e3828/hit_miss_amat_summary.csv
qwen2p5_14b_instruct,32k,32k_qwen2p5_14b_instruct_mdqa_component_match,fpga_h2o_plus_service_cvr_group_fill_v251,CVR+GF baseline (matched),30.632,30.794,4.001805,439271.0,946,delivery/paper/repro_audit/longctx_l1_l2_size_sweep_ext_20260605/replay_reports/l1_32_l2_32/run_20260605_054741_qwen2p51_b101b4_qwen2p51_0e3828/hit_miss_amat_summary.csv
qwen2p5_14b_instruct,32k,32k_qwen2p5_14b_instruct_mdqa_component_match,fpga_kiloscore_hv_opt5_global_winner,KiloWare-HV,68.229,12.63,3.961219,436505.0,388,delivery/paper/repro_audit/longctx_l1_l2_size_sweep_ext_20260605/replay_reports/l1_32_l2_32/run_20260605_054741_qwen2p51_b101b4_qwen2p51_0e3828/hit_miss_amat_summary.csv
qwen2p5_14b_instruct,32k,32k_qwen2p5_14b_instruct_mdqa_two_hop_summary,fpga_h2o_plus_service_cvr_group_fill_v251,CVR+GF baseline (matched),24.121,31.348,4.003053,439148.0,963,delivery/paper/repro_audit/longctx_l1_l2_size_sweep_ext_20260605/replay_reports/l1_32_l2_32/run_20260605_054741_qwen2p51_b101b4_qwen2p51_0e3828/hit_miss_amat_summary.csv
qwen2p5_14b_instruct,32k,32k_qwen2p5_14b_instruct_mdqa_two_hop_summary,fpga_kiloscore_hv_opt5_global_winner,KiloWare-HV,58.626,17.09,3.971433,436994.0,525,delivery/paper/repro_audit/longctx_l1_l2_size_sweep_ext_20260605/replay_reports/l1_32_l2_32/run_20260605_054741_qwen2p51_b101b4_qwen2p51_0e3828/hit_miss_amat_summary.csv
qwen2p5_14b_instruct,32k,32k_qwen2p5_14b_instruct_mdqa_cross_doc_priority,fpga_h2o_plus_service_cvr_group_fill_v251,CVR+GF baseline (matched),29.492,28.743,3.99721,438698.0,883,delivery/paper/repro_audit/longctx_l1_l2_size_sweep_ext_20260605/replay_reports/l1_32_l2_32/run_20260605_054741_qwen2p51_b101b4_qwen2p51_0e3828/hit_miss_amat_summary.csv
qwen2p5_14b_instruct,32k,32k_qwen2p5_14b_instruct_mdqa_cross_doc_priority,fpga_kiloscore_hv_opt5_global_winner,KiloWare-HV,64.779,15.267,3.967583,436680.0,469,delivery/paper/repro_audit/longctx_l1_l2_size_sweep_ext_20260605/replay_reports/l1_32_l2_32/run_20260605_054741_qwen2p51_b101b4_qwen2p51_0e3828/hit_miss_amat_summary.csv
qwen2p5_14b_instruct,32k,32k_qwen2p5_14b_instruct_mdqa_chain_descriptor_fields,fpga_h2o_plus_service_cvr_group_fill_v251,CVR+GF baseline (matched),27.832,30.599,4.00138,439086.0,940,delivery/paper/repro_audit/longctx_l1_l2_size_sweep_ext_20260605/replay_reports/l1_32_l2_32/run_20260605_054741_qwen2p51_b101b4_qwen2p51_0e3828/hit_miss_amat_summary.csv
qwen2p5_14b_instruct,32k,32k_qwen2p5_14b_instruct_mdqa_chain_descriptor_fields,fpga_kiloscore_hv_opt5_global_winner,KiloWare-HV,67.155,13.509,3.963642,436515.0,415,delivery/paper/repro_audit/longctx_l1_l2_size_sweep_ext_20260605/replay_reports/l1_32_l2_32/run_20260605_054741_qwen2p51_b101b4_qwen2p51_0e3828/hit_miss_amat_summary.csv
qwen2p5_14b_instruct,32k,32k_qwen2p5_14b_instruct_mdqa_three_stage_lookup,fpga_h2o_plus_service_cvr_group_fill_v251,CVR+GF baseline (matched),28.027,33.789,4.008573,439524.0,1038,delivery/paper/repro_audit/longctx_l1_l2_size_sweep_ext_20260605/replay_reports/l1_32_l2_32/run_20260605_054741_qwen2p51_b101b4_qwen2p51_0e3828/hit_miss_amat_summary.csv
qwen2p5_14b_instruct,32k,32k_qwen2p5_14b_instruct_mdqa_three_stage_lookup,fpga_kiloscore_hv_opt5_global_winner,KiloWare-HV,58.984,17.253,3.972123,437041.0,530,delivery/paper/repro_audit/longctx_l1_l2_size_sweep_ext_20260605/replay_reports/l1_32_l2_32/run_20260605_054741_qwen2p51_b101b4_qwen2p51_0e3828/hit_miss_amat_summary.csv
qwen2p5_14b_instruct,32k,32k_qwen2p5_14b_instruct_mdqa_compression_guard,fpga_h2o_plus_service_cvr_group_fill_v251,CVR+GF baseline (matched),26.367,28.776,3.99724,438804.0,884,delivery/paper/repro_audit/longctx_l1_l2_size_sweep_ext_20260605/replay_reports/l1_32_l2_32/run_20260605_054741_qwen2p51_b101b4_qwen2p51_0e3828/hit_miss_amat_summary.csv
qwen2p5_14b_instruct,32k,32k_qwen2p5_14b_instruct_mdqa_compression_guard,fpga_kiloscore_hv_opt5_global_winner,KiloWare-HV,64.714,13.249,3.963143,436481.0,407,delivery/paper/repro_audit/longctx_l1_l2_size_sweep_ext_20260605/replay_reports/l1_32_l2_32/run_20260605_054741_qwen2p51_b101b4_qwen2p51_0e3828/hit_miss_amat_summary.csv
qwen2p5_14b_instruct,32k,32k_qwen2p5_14b_instruct_mdqa_query_cost_chain,fpga_h2o_plus_service_cvr_group_fill_v251,CVR+GF baseline (matched),30.111,31.51,4.003449,439227.0,968,delivery/paper/repro_audit/longctx_l1_l2_size_sweep_ext_20260605/replay_reports/l1_32_l2_32/run_20260605_054741_qwen2p51_b101b4_qwen2p51_0e3828/hit_miss_amat_summary.csv
qwen2p5_14b_instruct,32k,32k_qwen2p5_14b_instruct_mdqa_query_cost_chain,fpga_kiloscore_hv_opt5_global_winner,KiloWare-HV,70.02,11.947,3.959811,436254.0,367,delivery/paper/repro_audit/longctx_l1_l2_size_sweep_ext_20260605/replay_reports/l1_32_l2_32/run_20260605_054741_qwen2p51_b101b4_qwen2p51_0e3828/hit_miss_amat_summary.csv
qwen2p5_14b_instruct,32k,32k_qwen2p5_14b_instruct_mdqa_head_budget_allocation,fpga_h2o_plus_service_cvr_group_fill_v251,CVR+GF baseline (matched),19.108,35.807,4.013127,439730.0,1100,delivery/paper/repro_audit/longctx_l1_l2_size_sweep_ext_20260605/replay_reports/l1_32_l2_32/run_20260605_054741_qwen2p51_b101b4_qwen2p51_0e3828/hit_miss_amat_summary.csv
qwen2p5_14b_instruct,32k,32k_qwen2p5_14b_instruct_mdqa_head_budget_allocation,fpga_kiloscore_hv_opt5_global_winner,KiloWare-HV,64.876,14.062,3.964995,436452.0,432,delivery/paper/repro_audit/longctx_l1_l2_size_sweep_ext_20260605/replay_reports/l1_32_l2_32/run_20260605_054741_qwen2p51_b101b4_qwen2p51_0e3828/hit_miss_amat_summary.csv
qwen2p5_14b_instruct,32k,32k_qwen2p5_14b_instruct_mdqa_backend_admission_reason,fpga_h2o_plus_service_cvr_group_fill_v251,CVR+GF baseline (matched),29.753,32.715,4.006124,440242.0,1005,delivery/paper/repro_audit/longctx_l1_l2_size_sweep_ext_20260605/replay_reports/l1_32_l2_32/run_20260605_054741_qwen2p51_b101b4_qwen2p51_0e3828/hit_miss_amat_summary.csv
qwen2p5_14b_instruct,32k,32k_qwen2p5_14b_instruct_mdqa_backend_admission_reason,fpga_kiloscore_hv_opt5_global_winner,KiloWare-HV,65.885,14.258,3.965424,437464.0,438,delivery/paper/repro_audit/longctx_l1_l2_size_sweep_ext_20260605/replay_reports/l1_32_l2_32/run_20260605_054741_qwen2p51_b101b4_qwen2p51_0e3828/hit_miss_amat_summary.csv
qwen2p5_14b_instruct,32k,32k_qwen2p5_14b_instruct_lcqa_anchor_timeline,fpga_h2o_plus_service_cvr_group_fill_v251,CVR+GF baseline (matched),32.552,28.353,3.996303,438948.0,871,delivery/paper/repro_audit/longctx_l1_l2_size_sweep_ext_20260605/replay_reports/l1_32_l2_32/run_20260605_054741_qwen2p51_b101b4_qwen2p51_0e3828/hit_miss_amat_summary.csv
qwen2p5_14b_instruct,32k,32k_qwen2p5_14b_instruct_lcqa_anchor_timeline,fpga_kiloscore_hv_opt5_global_winner,KiloWare-HV,69.531,11.849,3.959375,436431.0,364,delivery/paper/repro_audit/longctx_l1_l2_size_sweep_ext_20260605/replay_reports/l1_32_l2_32/run_20260605_054741_qwen2p51_b101b4_qwen2p51_0e3828/hit_miss_amat_summary.csv
qwen2p5_14b_instruct,32k,32k_qwen2p5_14b_instruct_lcqa_revision_policy,fpga_h2o_plus_service_cvr_group_fill_v251,CVR+GF baseline (matched),33.333,24.837,3.988366,438407.0,763,delivery/paper/repro_audit/longctx_l1_l2_size_sweep_ext_20260605/replay_reports/l1_32_l2_32/run_20260605_054741_qwen2p51_b101b4_qwen2p51_0e3828/hit_miss_amat_summary.csv
qwen2p5_14b_instruct,32k,32k_qwen2p5_14b_instruct_lcqa_revision_policy,fpga_kiloscore_hv_opt5_global_winner,KiloWare-HV,69.076,8.789,3.952333,435951.0,270,delivery/paper/repro_audit/longctx_l1_l2_size_sweep_ext_20260605/replay_reports/l1_32_l2_32/run_20260605_054741_qwen2p51_b101b4_qwen2p51_0e3828/hit_miss_amat_summary.csv
qwen2p5_14b_instruct,32k,32k_qwen2p5_14b_instruct_lcqa_sparse_fact,fpga_h2o_plus_service_cvr_group_fill_v251,CVR+GF baseline (matched),28.19,32.617,4.005944,439449.0,1002,delivery/paper/repro_audit/longctx_l1_l2_size_sweep_ext_20260605/replay_reports/l1_32_l2_32/run_20260605_054741_qwen2p51_b101b4_qwen2p51_0e3828/hit_miss_amat_summary.csv
qwen2p5_14b_instruct,32k,32k_qwen2p5_14b_instruct_lcqa_sparse_fact,fpga_kiloscore_hv_opt5_global_winner,KiloWare-HV,53.483,17.741,3.973127,437213.0,545,delivery/paper/repro_audit/longctx_l1_l2_size_sweep_ext_20260605/replay_reports/l1_32_l2_32/run_20260605_054741_qwen2p51_b101b4_qwen2p51_0e3828/hit_miss_amat_summary.csv
qwen2p5_14b_instruct,32k,32k_qwen2p5_14b_instruct_lcqa_dual_anchor_incident,fpga_h2o_plus_service_cvr_group_fill_v251,CVR+GF baseline (matched),35.059,28.711,3.997129,439680.0,882,delivery/paper/repro_audit/longctx_l1_l2_size_sweep_ext_20260605/replay_reports/l1_32_l2_32/run_20260605_054741_qwen2p51_b101b4_qwen2p51_0e3828/hit_miss_amat_summary.csv
qwen2p5_14b_instruct,32k,32k_qwen2p5_14b_instruct_lcqa_dual_anchor_incident,fpga_kiloscore_hv_opt5_global_winner,KiloWare-HV,71.387,12.077,3.961034,437216.0,371,delivery/paper/repro_audit/longctx_l1_l2_size_sweep_ext_20260605/replay_reports/l1_32_l2_32/run_20260605_054741_qwen2p51_b101b4_qwen2p51_0e3828/hit_miss_amat_summary.csv
qwen2p5_14b_instruct,32k,32k_qwen2p5_14b_instruct_lcqa_backend_priority_rule,fpga_h2o_plus_service_cvr_group_fill_v251,CVR+GF baseline (matched),28.19,31.38,4.003156,439155.0,964,delivery/paper/repro_audit/longctx_l1_l2_size_sweep_ext_20260605/replay_reports/l1_32_l2_32/run_20260605_054741_qwen2p51_b101b4_qwen2p51_0e3828/hit_miss_amat_summary.csv
qwen2p5_14b_instruct,32k,32k_qwen2p5_14b_instruct_lcqa_backend_priority_rule,fpga_kiloscore_hv_opt5_global_winner,KiloWare-HV,64.421,13.835,3.964401,436515.0,425,delivery/paper/repro_audit/longctx_l1_l2_size_sweep_ext_20260605/replay_reports/l1_32_l2_32/run_20260605_054741_qwen2p51_b101b4_qwen2p51_0e3828/hit_miss_amat_summary.csv
qwen2p5_14b_instruct,32k,32k_qwen2p5_14b_instruct_lcqa_epoch_window_recall,fpga_h2o_plus_service_cvr_group_fill_v251,CVR+GF baseline (matched),22.819,35.189,4.011776,439638.0,1081,delivery/paper/repro_audit/longctx_l1_l2_size_sweep_ext_20260605/replay_reports/l1_32_l2_32/run_20260605_054741_qwen2p51_b101b4_qwen2p51_0e3828/hit_miss_amat_summary.csv
qwen2p5_14b_instruct,32k,32k_qwen2p5_14b_instruct_lcqa_epoch_window_recall,fpga_kiloscore_hv_opt5_global_winner,KiloWare-HV,64.941,16.113,3.969737,436775.0,495,delivery/paper/repro_audit/longctx_l1_l2_size_sweep_ext_20260605/replay_reports/l1_32_l2_32/run_20260605_054741_qwen2p51_b101b4_qwen2p51_0e3828/hit_miss_amat_summary.csv
qwen2p5_14b_instruct,32k,32k_qwen2p5_14b_instruct_lcqa_dual_budget_rule,fpga_h2o_plus_service_cvr_group_fill_v251,CVR+GF baseline (matched),22.266,30.111,4.000279,438855.0,925,delivery/paper/repro_audit/longctx_l1_l2_size_sweep_ext_20260605/replay_reports/l1_32_l2_32/run_20260605_054741_qwen2p51_b101b4_qwen2p51_0e3828/hit_miss_amat_summary.csv
qwen2p5_14b_instruct,32k,32k_qwen2p5_14b_instruct_lcqa_dual_budget_rule,fpga_kiloscore_hv_opt5_global_winner,KiloWare-HV,59.017,17.643,3.973027,436999.0,542,delivery/paper/repro_audit/longctx_l1_l2_size_sweep_ext_20260605/replay_reports/l1_32_l2_32/run_20260605_054741_qwen2p51_b101b4_qwen2p51_0e3828/hit_miss_amat_summary.csv
qwen2p5_14b_instruct,32k,32k_qwen2p5_14b_instruct_lcqa_query_relevance_note,fpga_h2o_plus_service_cvr_group_fill_v251,CVR+GF baseline (matched),24.577,33.203,4.007223,440317.0,1020,delivery/paper/repro_audit/longctx_l1_l2_size_sweep_ext_20260605/replay_reports/l1_32_l2_32/run_20260605_054741_qwen2p51_b101b4_qwen2p51_0e3828/hit_miss_amat_summary.csv
qwen2p5_14b_instruct,32k,32k_qwen2p5_14b_instruct_lcqa_query_relevance_note,fpga_kiloscore_hv_opt5_global_winner,KiloWare-HV,58.626,16.797,3.971123,437853.0,516,delivery/paper/repro_audit/longctx_l1_l2_size_sweep_ext_20260605/replay_reports/l1_32_l2_32/run_20260605_054741_qwen2p51_b101b4_qwen2p51_0e3828/hit_miss_amat_summary.csv
qwen2p5_14b_instruct,32k,32k_qwen2p5_14b_instruct_lcqa_spill_cost_reason,fpga_h2o_plus_service_cvr_group_fill_v251,CVR+GF baseline (matched),21.973,35.514,4.012453,440674.0,1091,delivery/paper/repro_audit/longctx_l1_l2_size_sweep_ext_20260605/replay_reports/l1_32_l2_32/run_20260605_054741_qwen2p51_b101b4_qwen2p51_0e3828/hit_miss_amat_summary.csv
qwen2p5_14b_instruct,32k,32k_qwen2p5_14b_instruct_lcqa_spill_cost_reason,fpga_kiloscore_hv_opt5_global_winner,KiloWare-HV,63.835,14.648,3.966626,437546.0,450,delivery/paper/repro_audit/longctx_l1_l2_size_sweep_ext_20260605/replay_reports/l1_32_l2_32/run_20260605_054741_qwen2p51_b101b4_qwen2p51_0e3828/hit_miss_amat_summary.csv
qwen2p5_14b_instruct,32k,32k_qwen2p5_14b_instruct_lcqa_head_budget_rule,fpga_h2o_plus_service_cvr_group_fill_v251,CVR+GF baseline (matched),25.065,29.264,3.9984,438779.0,899,delivery/paper/repro_audit/longctx_l1_l2_size_sweep_ext_20260605/replay_reports/l1_32_l2_32/run_20260605_054741_qwen2p51_b101b4_qwen2p51_0e3828/hit_miss_amat_summary.csv
qwen2p5_14b_instruct,32k,32k_qwen2p5_14b_instruct_lcqa_head_budget_rule,fpga_kiloscore_hv_opt5_global_winner,KiloWare-HV,64.648,12.988,3.961945,436296.0,399,delivery/paper/repro_audit/longctx_l1_l2_size_sweep_ext_20260605/replay_reports/l1_32_l2_32/run_20260605_054741_qwen2p51_b101b4_qwen2p51_0e3828/hit_miss_amat_summary.csv
qwen2p5_14b_instruct,32k,32k_qwen2p5_14b_instruct_cmqa_early_name_recall,fpga_h2o_plus_service_cvr_group_fill_v251,CVR+GF baseline (matched),20.41,37.467,4.016804,440971.0,1151,delivery/paper/repro_audit/longctx_l1_l2_size_sweep_ext_20260605/replay_reports/l1_32_l2_32/run_20260605_054741_qwen2p51_b101b4_qwen2p51_0e3828/hit_miss_amat_summary.csv
qwen2p5_14b_instruct,32k,32k_qwen2p5_14b_instruct_cmqa_early_name_recall,fpga_kiloscore_hv_opt5_global_winner,KiloWare-HV,54.134,23.438,3.986829,438925.0,720,delivery/paper/repro_audit/longctx_l1_l2_size_sweep_ext_20260605/replay_reports/l1_32_l2_32/run_20260605_054741_qwen2p51_b101b4_qwen2p51_0e3828/hit_miss_amat_summary.csv
qwen2p5_14b_instruct,32k,32k_qwen2p5_14b_instruct_cmqa_policy_recall,fpga_h2o_plus_service_cvr_group_fill_v251,CVR+GF baseline (matched),27.799,31.738,4.003933,439364.0,975,delivery/paper/repro_audit/longctx_l1_l2_size_sweep_ext_20260605/replay_reports/l1_32_l2_32/run_20260605_054741_qwen2p51_b101b4_qwen2p51_0e3828/hit_miss_amat_summary.csv
qwen2p5_14b_instruct,32k,32k_qwen2p5_14b_instruct_cmqa_policy_recall,fpga_kiloscore_hv_opt5_global_winner,KiloWare-HV,58.757,18.294,3.97495,437389.0,562,delivery/paper/repro_audit/longctx_l1_l2_size_sweep_ext_20260605/replay_reports/l1_32_l2_32/run_20260605_054741_qwen2p51_b101b4_qwen2p51_0e3828/hit_miss_amat_summary.csv
qwen2p5_14b_instruct,32k,32k_qwen2p5_14b_instruct_cmqa_anchor_reasoning,fpga_h2o_plus_service_cvr_group_fill_v251,CVR+GF baseline (matched),21.842,40.625,4.023984,440626.0,1248,delivery/paper/repro_audit/longctx_l1_l2_size_sweep_ext_20260605/replay_reports/l1_32_l2_32/run_20260605_054741_qwen2p51_b101b4_qwen2p51_0e3828/hit_miss_amat_summary.csv
qwen2p5_14b_instruct,32k,32k_qwen2p5_14b_instruct_cmqa_anchor_reasoning,fpga_kiloscore_hv_opt5_global_winner,KiloWare-HV,62.435,20.247,3.979641,437605.0,622,delivery/paper/repro_audit/longctx_l1_l2_size_sweep_ext_20260605/replay_reports/l1_32_l2_32/run_20260605_054741_qwen2p51_b101b4_qwen2p51_0e3828/hit_miss_amat_summary.csv
qwen2p5_14b_instruct,32k,32k_qwen2p5_14b_instruct_cmqa_backend_recall,fpga_h2o_plus_service_cvr_group_fill_v251,CVR+GF baseline (matched),20.085,40.299,4.023262,440629.0,1238,delivery/paper/repro_audit/longctx_l1_l2_size_sweep_ext_20260605/replay_reports/l1_32_l2_32/run_20260605_054741_qwen2p51_b101b4_qwen2p51_0e3828/hit_miss_amat_summary.csv
qwen2p5_14b_instruct,32k,32k_qwen2p5_14b_instruct_cmqa_backend_recall,fpga_kiloscore_hv_opt5_global_winner,KiloWare-HV,61.165,20.443,3.979849,437671.0,628,delivery/paper/repro_audit/longctx_l1_l2_size_sweep_ext_20260605/replay_reports/l1_32_l2_32/run_20260605_054741_qwen2p51_b101b4_qwen2p51_0e3828/hit_miss_amat_summary.csv
qwen2p5_14b_instruct,32k,32k_qwen2p5_14b_instruct_cmqa_field_recall,fpga_h2o_plus_service_cvr_group_fill_v251,CVR+GF baseline (matched),14.616,42.35,4.027915,440946.0,1301,delivery/paper/repro_audit/longctx_l1_l2_size_sweep_ext_20260605/replay_reports/l1_32_l2_32/run_20260605_054741_qwen2p51_b101b4_qwen2p51_0e3828/hit_miss_amat_summary.csv
qwen2p5_14b_instruct,32k,32k_qwen2p5_14b_instruct_cmqa_field_recall,fpga_kiloscore_hv_opt5_global_winner,KiloWare-HV,59.473,21.582,3.982476,437850.0,663,delivery/paper/repro_audit/longctx_l1_l2_size_sweep_ext_20260605/replay_reports/l1_32_l2_32/run_20260605_054741_qwen2p51_b101b4_qwen2p51_0e3828/hit_miss_amat_summary.csv
qwen2p5_14b_instruct,32k,32k_qwen2p5_14b_instruct_cmqa_epoch_memory,fpga_h2o_plus_service_cvr_group_fill_v251,CVR+GF baseline (matched),16.211,41.081,4.025,440904.0,1262,delivery/paper/repro_audit/longctx_l1_l2_size_sweep_ext_20260605/replay_reports/l1_32_l2_32/run_20260605_054741_qwen2p51_b101b4_qwen2p51_0e3828/hit_miss_amat_summary.csv
qwen2p5_14b_instruct,32k,32k_qwen2p5_14b_instruct_cmqa_epoch_memory,fpga_kiloscore_hv_opt5_global_winner,KiloWare-HV,63.346,18.099,3.974633,437471.0,556,delivery/paper/repro_audit/longctx_l1_l2_size_sweep_ext_20260605/replay_reports/l1_32_l2_32/run_20260605_054741_qwen2p51_b101b4_qwen2p51_0e3828/hit_miss_amat_summary.csv
qwen2p5_14b_instruct,32k,32k_qwen2p5_14b_instruct_cmqa_budget_memory,fpga_h2o_plus_service_cvr_group_fill_v251,CVR+GF baseline (matched),17.611,39.746,4.021963,440697.0,1221,delivery/paper/repro_audit/longctx_l1_l2_size_sweep_ext_20260605/replay_reports/l1_32_l2_32/run_20260605_054741_qwen2p51_b101b4_qwen2p51_0e3828/hit_miss_amat_summary.csv
qwen2p5_14b_instruct,32k,32k_qwen2p5_14b_instruct_cmqa_budget_memory,fpga_kiloscore_hv_opt5_global_winner,KiloWare-HV,64.388,17.969,3.974384,437454.0,552,delivery/paper/repro_audit/longctx_l1_l2_size_sweep_ext_20260605/replay_reports/l1_32_l2_32/run_20260605_054741_qwen2p51_b101b4_qwen2p51_0e3828/hit_miss_amat_summary.csv
llama3p1_8b_instruct,4k,4k_llama3p1_8b_instruct_mdqa_cross_doc_role,fpga_h2o_plus_service_cvr_group_fill_v251,CVR+GF baseline (matched),28.809,36.751,4.091567,70882.0,1129,delivery/paper/repro_audit/longctx_l1_l2_size_sweep_ext_20260605/replay_reports/l1_32_l2_32/run_20260605_092826_llama3p1_e7c55e_llama3p1_5673df/hit_miss_amat_summary.csv
llama3p1_8b_instruct,4k,4k_llama3p1_8b_instruct_mdqa_cross_doc_role,fpga_kiloscore_hv_opt5_global_winner,KiloWare-HV,66.504,16.309,3.820219,67806.0,501,delivery/paper/repro_audit/longctx_l1_l2_size_sweep_ext_20260605/replay_reports/l1_32_l2_32/run_20260605_092826_llama3p1_e7c55e_llama3p1_5673df/hit_miss_amat_summary.csv
llama3p1_8b_instruct,4k,4k_llama3p1_8b_instruct_mdqa_component_match,fpga_h2o_plus_service_cvr_group_fill_v251,CVR+GF baseline (matched),28.874,34.505,4.061178,70590.0,1060,delivery/paper/repro_audit/longctx_l1_l2_size_sweep_ext_20260605/replay_reports/l1_32_l2_32/run_20260605_092826_llama3p1_e7c55e_llama3p1_5673df/hit_miss_amat_summary.csv
llama3p1_8b_instruct,4k,4k_llama3p1_8b_instruct_mdqa_component_match,fpga_kiloscore_hv_opt5_global_winner,KiloWare-HV,64.03,17.448,3.837888,68057.0,536,delivery/paper/repro_audit/longctx_l1_l2_size_sweep_ext_20260605/replay_reports/l1_32_l2_32/run_20260605_092826_llama3p1_e7c55e_llama3p1_5673df/hit_miss_amat_summary.csv
llama3p1_8b_instruct,4k,4k_llama3p1_8b_instruct_mdqa_two_hop_summary,fpga_h2o_plus_service_cvr_group_fill_v251,CVR+GF baseline (matched),31.315,31.087,4.014919,69961.0,955,delivery/paper/repro_audit/longctx_l1_l2_size_sweep_ext_20260605/replay_reports/l1_32_l2_32/run_20260605_092826_llama3p1_e7c55e_llama3p1_5673df/hit_miss_amat_summary.csv
llama3p1_8b_instruct,4k,4k_llama3p1_8b_instruct_mdqa_two_hop_summary,fpga_kiloscore_hv_opt5_global_winner,KiloWare-HV,68.62,14.225,3.789018,67402.0,437,delivery/paper/repro_audit/longctx_l1_l2_size_sweep_ext_20260605/replay_reports/l1_32_l2_32/run_20260605_092826_llama3p1_e7c55e_llama3p1_5673df/hit_miss_amat_summary.csv
llama3p1_8b_instruct,4k,4k_llama3p1_8b_instruct_mdqa_cross_doc_priority,fpga_h2o_plus_service_cvr_group_fill_v251,CVR+GF baseline (matched),24.87,36.361,4.086538,70825.0,1117,delivery/paper/repro_audit/longctx_l1_l2_size_sweep_ext_20260605/replay_reports/l1_32_l2_32/run_20260605_092826_llama3p1_e7c55e_llama3p1_5673df/hit_miss_amat_summary.csv
llama3p1_8b_instruct,4k,4k_llama3p1_8b_instruct_mdqa_cross_doc_priority,fpga_kiloscore_hv_opt5_global_winner,KiloWare-HV,64.03,19.401,3.861856,68278.0,596,delivery/paper/repro_audit/longctx_l1_l2_size_sweep_ext_20260605/replay_reports/l1_32_l2_32/run_20260605_092826_llama3p1_e7c55e_llama3p1_5673df/hit_miss_amat_summary.csv
llama3p1_8b_instruct,4k,4k_llama3p1_8b_instruct_mdqa_chain_descriptor_fields,fpga_h2o_plus_service_cvr_group_fill_v251,CVR+GF baseline (matched),29.622,32.227,4.030367,70136.0,990,delivery/paper/repro_audit/longctx_l1_l2_size_sweep_ext_20260605/replay_reports/l1_32_l2_32/run_20260605_092826_llama3p1_e7c55e_llama3p1_5673df/hit_miss_amat_summary.csv
llama3p1_8b_instruct,4k,4k_llama3p1_8b_instruct_mdqa_chain_descriptor_fields,fpga_kiloscore_hv_opt5_global_winner,KiloWare-HV,62.142,16.536,3.819474,67747.0,508,delivery/paper/repro_audit/longctx_l1_l2_size_sweep_ext_20260605/replay_reports/l1_32_l2_32/run_20260605_092826_llama3p1_e7c55e_llama3p1_5673df/hit_miss_amat_summary.csv
llama3p1_8b_instruct,4k,4k_llama3p1_8b_instruct_mdqa_three_stage_lookup,fpga_h2o_plus_service_cvr_group_fill_v251,CVR+GF baseline (matched),30.111,33.952,4.053887,70350.0,1043,delivery/paper/repro_audit/longctx_l1_l2_size_sweep_ext_20260605/replay_reports/l1_32_l2_32/run_20260605_092826_llama3p1_e7c55e_llama3p1_5673df/hit_miss_amat_summary.csv
llama3p1_8b_instruct,4k,4k_llama3p1_8b_instruct_mdqa_three_stage_lookup,fpga_kiloscore_hv_opt5_global_winner,KiloWare-HV,63.281,17.188,3.830742,67824.0,528,delivery/paper/repro_audit/longctx_l1_l2_size_sweep_ext_20260605/replay_reports/l1_32_l2_32/run_20260605_092826_llama3p1_e7c55e_llama3p1_5673df/hit_miss_amat_summary.csv
llama3p1_8b_instruct,4k,4k_llama3p1_8b_instruct_mdqa_compression_guard,fpga_h2o_plus_service_cvr_group_fill_v251,CVR+GF baseline (matched),33.138,25.293,3.936174,68966.0,777,delivery/paper/repro_audit/longctx_l1_l2_size_sweep_ext_20260605/replay_reports/l1_32_l2_32/run_20260605_092826_llama3p1_e7c55e_llama3p1_5673df/hit_miss_amat_summary.csv
llama3p1_8b_instruct,4k,4k_llama3p1_8b_instruct_mdqa_compression_guard,fpga_kiloscore_hv_opt5_global_winner,KiloWare-HV,66.504,14.128,3.787924,67289.0,434,delivery/paper/repro_audit/longctx_l1_l2_size_sweep_ext_20260605/replay_reports/l1_32_l2_32/run_20260605_092826_llama3p1_e7c55e_llama3p1_5673df/hit_miss_amat_summary.csv
llama3p1_8b_instruct,4k,4k_llama3p1_8b_instruct_mdqa_query_cost_chain,fpga_h2o_plus_service_cvr_group_fill_v251,CVR+GF baseline (matched),35.286,27.572,3.967514,69424.0,847,delivery/paper/repro_audit/longctx_l1_l2_size_sweep_ext_20260605/replay_reports/l1_32_l2_32/run_20260605_092826_llama3p1_e7c55e_llama3p1_5673df/hit_miss_amat_summary.csv
llama3p1_8b_instruct,4k,4k_llama3p1_8b_instruct_mdqa_query_cost_chain,fpga_kiloscore_hv_opt5_global_winner,KiloWare-HV,65.755,15.592,3.80685,67604.0,479,delivery/paper/repro_audit/longctx_l1_l2_size_sweep_ext_20260605/replay_reports/l1_32_l2_32/run_20260605_092826_llama3p1_e7c55e_llama3p1_5673df/hit_miss_amat_summary.csv
llama3p1_8b_instruct,4k,4k_llama3p1_8b_instruct_mdqa_head_budget_allocation,fpga_h2o_plus_service_cvr_group_fill_v251,CVR+GF baseline (matched),25.749,33.691,4.050353,70310.0,1035,delivery/paper/repro_audit/longctx_l1_l2_size_sweep_ext_20260605/replay_reports/l1_32_l2_32/run_20260605_092826_llama3p1_e7c55e_llama3p1_5673df/hit_miss_amat_summary.csv
llama3p1_8b_instruct,4k,4k_llama3p1_8b_instruct_mdqa_head_budget_allocation,fpga_kiloscore_hv_opt5_global_winner,KiloWare-HV,66.309,14.811,3.79682,67440.0,455,delivery/paper/repro_audit/longctx_l1_l2_size_sweep_ext_20260605/replay_reports/l1_32_l2_32/run_20260605_092826_llama3p1_e7c55e_llama3p1_5673df/hit_miss_amat_summary.csv
llama3p1_8b_instruct,4k,4k_llama3p1_8b_instruct_mdqa_backend_admission_reason,fpga_h2o_plus_service_cvr_group_fill_v251,CVR+GF baseline (matched),23.535,34.603,4.062544,70448.0,1063,delivery/paper/repro_audit/longctx_l1_l2_size_sweep_ext_20260605/replay_reports/l1_32_l2_32/run_20260605_092826_llama3p1_e7c55e_llama3p1_5673df/hit_miss_amat_summary.csv
llama3p1_8b_instruct,4k,4k_llama3p1_8b_instruct_mdqa_backend_admission_reason,fpga_kiloscore_hv_opt5_global_winner,KiloWare-HV,67.057,14.355,3.793728,67405.0,441,delivery/paper/repro_audit/longctx_l1_l2_size_sweep_ext_20260605/replay_reports/l1_32_l2_32/run_20260605_092826_llama3p1_e7c55e_llama3p1_5673df/hit_miss_amat_summary.csv
llama3p1_8b_instruct,4k,4k_llama3p1_8b_instruct_lcqa_anchor_timeline,fpga_h2o_plus_service_cvr_group_fill_v251,CVR+GF baseline (matched),34.863,28.06,3.973782,69495.0,862,delivery/paper/repro_audit/longctx_l1_l2_size_sweep_ext_20260605/replay_reports/l1_32_l2_32/run_20260605_092826_llama3p1_e7c55e_llama3p1_5673df/hit_miss_amat_summary.csv
llama3p1_8b_instruct,4k,4k_llama3p1_8b_instruct_lcqa_anchor_timeline,fpga_kiloscore_hv_opt5_global_winner,KiloWare-HV,69.173,13.281,3.776571,67261.0,408,delivery/paper/repro_audit/longctx_l1_l2_size_sweep_ext_20260605/replay_reports/l1_32_l2_32/run_20260605_092826_llama3p1_e7c55e_llama3p1_5673df/hit_miss_amat_summary.csv
llama3p1_8b_instruct,4k,4k_llama3p1_8b_instruct_lcqa_revision_policy,fpga_h2o_plus_service_cvr_group_fill_v251,CVR+GF baseline (matched),28.809,31.738,4.023625,70164.0,975,delivery/paper/repro_audit/longctx_l1_l2_size_sweep_ext_20260605/replay_reports/l1_32_l2_32/run_20260605_092826_llama3p1_e7c55e_llama3p1_5673df/hit_miss_amat_summary.csv
llama3p1_8b_instruct,4k,4k_llama3p1_8b_instruct_lcqa_revision_policy,fpga_kiloscore_hv_opt5_global_winner,KiloWare-HV,64.03,16.374,3.820434,67859.0,503,delivery/paper/repro_audit/longctx_l1_l2_size_sweep_ext_20260605/replay_reports/l1_32_l2_32/run_20260605_092826_llama3p1_e7c55e_llama3p1_5673df/hit_miss_amat_summary.csv
llama3p1_8b_instruct,4k,4k_llama3p1_8b_instruct_lcqa_sparse_fact,fpga_h2o_plus_service_cvr_group_fill_v251,CVR+GF baseline (matched),33.887,28.841,3.984287,69614.0,886,delivery/paper/repro_audit/longctx_l1_l2_size_sweep_ext_20260605/replay_reports/l1_32_l2_32/run_20260605_092826_llama3p1_e7c55e_llama3p1_5673df/hit_miss_amat_summary.csv
llama3p1_8b_instruct,4k,4k_llama3p1_8b_instruct_lcqa_sparse_fact,fpga_kiloscore_hv_opt5_global_winner,KiloWare-HV,69.01,15.625,3.808792,67626.0,480,delivery/paper/repro_audit/longctx_l1_l2_size_sweep_ext_20260605/replay_reports/l1_32_l2_32/run_20260605_092826_llama3p1_e7c55e_llama3p1_5673df/hit_miss_amat_summary.csv
llama3p1_8b_instruct,4k,4k_llama3p1_8b_instruct_lcqa_dual_anchor_incident,fpga_h2o_plus_service_cvr_group_fill_v251,CVR+GF baseline (matched),28.906,31.868,4.025424,70080.0,979,delivery/paper/repro_audit/longctx_l1_l2_size_sweep_ext_20260605/replay_reports/l1_32_l2_32/run_20260605_092826_llama3p1_e7c55e_llama3p1_5673df/hit_miss_amat_summary.csv
llama3p1_8b_instruct,4k,4k_llama3p1_8b_instruct_lcqa_dual_anchor_incident,fpga_kiloscore_hv_opt5_global_winner,KiloWare-HV,66.439,14.421,3.791755,67433.0,443,delivery/paper/repro_audit/longctx_l1_l2_size_sweep_ext_20260605/replay_reports/l1_32_l2_32/run_20260605_092826_llama3p1_e7c55e_llama3p1_5673df/hit_miss_amat_summary.csv
llama3p1_8b_instruct,4k,4k_llama3p1_8b_instruct_lcqa_backend_priority_rule,fpga_h2o_plus_service_cvr_group_fill_v251,CVR+GF baseline (matched),40.592,25.618,3.94072,69172.0,787,delivery/paper/repro_audit/longctx_l1_l2_size_sweep_ext_20260605/replay_reports/l1_32_l2_32/run_20260605_092826_llama3p1_e7c55e_llama3p1_5673df/hit_miss_amat_summary.csv
llama3p1_8b_instruct,4k,4k_llama3p1_8b_instruct_lcqa_backend_priority_rule,fpga_kiloscore_hv_opt5_global_winner,KiloWare-HV,75.195,10.742,3.742061,66920.0,330,delivery/paper/repro_audit/longctx_l1_l2_size_sweep_ext_20260605/replay_reports/l1_32_l2_32/run_20260605_092826_llama3p1_e7c55e_llama3p1_5673df/hit_miss_amat_summary.csv
llama3p1_8b_instruct,4k,4k_llama3p1_8b_instruct_lcqa_epoch_window_recall,fpga_h2o_plus_service_cvr_group_fill_v251,CVR+GF baseline (matched),31.803,26.465,3.95244,69150.0,813,delivery/paper/repro_audit/longctx_l1_l2_size_sweep_ext_20260605/replay_reports/l1_32_l2_32/run_20260605_092826_llama3p1_e7c55e_llama3p1_5673df/hit_miss_amat_summary.csv
llama3p1_8b_instruct,4k,4k_llama3p1_8b_instruct_lcqa_epoch_window_recall,fpga_kiloscore_hv_opt5_global_winner,KiloWare-HV,69.694,12.5,3.764056,67019.0,384,delivery/paper/repro_audit/longctx_l1_l2_size_sweep_ext_20260605/replay_reports/l1_32_l2_32/run_20260605_092826_llama3p1_e7c55e_llama3p1_5673df/hit_miss_amat_summary.csv
llama3p1_8b_instruct,4k,4k_llama3p1_8b_instruct_lcqa_dual_budget_rule,fpga_h2o_plus_service_cvr_group_fill_v251,CVR+GF baseline (matched),34.766,25.977,3.945583,69124.0,798,delivery/paper/repro_audit/longctx_l1_l2_size_sweep_ext_20260605/replay_reports/l1_32_l2_32/run_20260605_092826_llama3p1_e7c55e_llama3p1_5673df/hit_miss_amat_summary.csv
llama3p1_8b_instruct,4k,4k_llama3p1_8b_instruct_lcqa_dual_budget_rule,fpga_kiloscore_hv_opt5_global_winner,KiloWare-HV,70.964,11.491,3.750353,66914.0,353,delivery/paper/repro_audit/longctx_l1_l2_size_sweep_ext_20260605/replay_reports/l1_32_l2_32/run_20260605_092826_llama3p1_e7c55e_llama3p1_5673df/hit_miss_amat_summary.csv
llama3p1_8b_instruct,4k,4k_llama3p1_8b_instruct_lcqa_query_relevance_note,fpga_h2o_plus_service_cvr_group_fill_v251,CVR+GF baseline (matched),29.427,31.413,4.019217,70114.0,965,delivery/paper/repro_audit/longctx_l1_l2_size_sweep_ext_20260605/replay_reports/l1_32_l2_32/run_20260605_092826_llama3p1_e7c55e_llama3p1_5673df/hit_miss_amat_summary.csv
llama3p1_8b_instruct,4k,4k_llama3p1_8b_instruct_lcqa_query_relevance_note,fpga_kiloscore_hv_opt5_global_winner,KiloWare-HV,64.583,15.853,3.810825,67750.0,487,delivery/paper/repro_audit/longctx_l1_l2_size_sweep_ext_20260605/replay_reports/l1_32_l2_32/run_20260605_092826_llama3p1_e7c55e_llama3p1_5673df/hit_miss_amat_summary.csv
llama3p1_8b_instruct,4k,4k_llama3p1_8b_instruct_lcqa_spill_cost_reason,fpga_h2o_plus_service_cvr_group_fill_v251,CVR+GF baseline (matched),29.948,29.688,3.996033,69851.0,912,delivery/paper/repro_audit/longctx_l1_l2_size_sweep_ext_20260605/replay_reports/l1_32_l2_32/run_20260605_092826_llama3p1_e7c55e_llama3p1_5673df/hit_miss_amat_summary.csv
llama3p1_8b_instruct,4k,4k_llama3p1_8b_instruct_lcqa_spill_cost_reason,fpga_kiloscore_hv_opt5_global_winner,KiloWare-HV,69.759,11.003,3.743829,66990.0,338,delivery/paper/repro_audit/longctx_l1_l2_size_sweep_ext_20260605/replay_reports/l1_32_l2_32/run_20260605_092826_llama3p1_e7c55e_llama3p1_5673df/hit_miss_amat_summary.csv
llama3p1_8b_instruct,4k,4k_llama3p1_8b_instruct_lcqa_head_budget_rule,fpga_h2o_plus_service_cvr_group_fill_v251,CVR+GF baseline (matched),26.725,31.348,4.01845,70001.0,963,delivery/paper/repro_audit/longctx_l1_l2_size_sweep_ext_20260605/replay_reports/l1_32_l2_32/run_20260605_092826_llama3p1_e7c55e_llama3p1_5673df/hit_miss_amat_summary.csv
llama3p1_8b_instruct,4k,4k_llama3p1_8b_instruct_lcqa_head_budget_rule,fpga_kiloscore_hv_opt5_global_winner,KiloWare-HV,69.108,11.361,3.748588,66944.0,349,delivery/paper/repro_audit/longctx_l1_l2_size_sweep_ext_20260605/replay_reports/l1_32_l2_32/run_20260605_092826_llama3p1_e7c55e_llama3p1_5673df/hit_miss_amat_summary.csv
llama3p1_8b_instruct,4k,4k_llama3p1_8b_instruct_cmqa_early_name_recall,fpga_h2o_plus_service_cvr_group_fill_v251,CVR+GF baseline (matched),27.832,33.203,4.043759,70183.0,1020,delivery/paper/repro_audit/longctx_l1_l2_size_sweep_ext_20260605/replay_reports/l1_32_l2_32/run_20260605_092826_llama3p1_e7c55e_llama3p1_5673df/hit_miss_amat_summary.csv
llama3p1_8b_instruct,4k,4k_llama3p1_8b_instruct_cmqa_early_name_recall,fpga_kiloscore_hv_opt5_global_winner,KiloWare-HV,67.936,14.421,3.791991,67335.0,443,delivery/paper/repro_audit/longctx_l1_l2_size_sweep_ext_20260605/replay_reports/l1_32_l2_32/run_20260605_092826_llama3p1_e7c55e_llama3p1_5673df/hit_miss_amat_summary.csv
llama3p1_8b_instruct,4k,4k_llama3p1_8b_instruct_cmqa_policy_recall,fpga_h2o_plus_service_cvr_group_fill_v251,CVR+GF baseline (matched),38.281,28.483,3.979461,69663.0,875,delivery/paper/repro_audit/longctx_l1_l2_size_sweep_ext_20260605/replay_reports/l1_32_l2_32/run_20260605_092826_llama3p1_e7c55e_llama3p1_5673df/hit_miss_amat_summary.csv
llama3p1_8b_instruct,4k,4k_llama3p1_8b_instruct_cmqa_policy_recall,fpga_kiloscore_hv_opt5_global_winner,KiloWare-HV,72.526,11.947,3.758551,67157.0,367,delivery/paper/repro_audit/longctx_l1_l2_size_sweep_ext_20260605/replay_reports/l1_32_l2_32/run_20260605_092826_llama3p1_e7c55e_llama3p1_5673df/hit_miss_amat_summary.csv
llama3p1_8b_instruct,4k,4k_llama3p1_8b_instruct_cmqa_anchor_reasoning,fpga_h2o_plus_service_cvr_group_fill_v251,CVR+GF baseline (matched),35.319,29.102,3.987818,69654.0,894,delivery/paper/repro_audit/longctx_l1_l2_size_sweep_ext_20260605/replay_reports/l1_32_l2_32/run_20260605_092826_llama3p1_e7c55e_llama3p1_5673df/hit_miss_amat_summary.csv
llama3p1_8b_instruct,4k,4k_llama3p1_8b_instruct_cmqa_anchor_reasoning,fpga_kiloscore_hv_opt5_global_winner,KiloWare-HV,73.926,11.816,3.757062,67040.0,363,delivery/paper/repro_audit/longctx_l1_l2_size_sweep_ext_20260605/replay_reports/l1_32_l2_32/run_20260605_092826_llama3p1_e7c55e_llama3p1_5673df/hit_miss_amat_summary.csv
llama3p1_8b_instruct,4k,4k_llama3p1_8b_instruct_cmqa_backend_recall,fpga_h2o_plus_service_cvr_group_fill_v251,CVR+GF baseline (matched),29.557,34.473,4.060911,70482.0,1059,delivery/paper/repro_audit/longctx_l1_l2_size_sweep_ext_20260605/replay_reports/l1_32_l2_32/run_20260605_092826_llama3p1_e7c55e_llama3p1_5673df/hit_miss_amat_summary.csv
llama3p1_8b_instruct,4k,4k_llama3p1_8b_instruct_cmqa_backend_recall,fpga_kiloscore_hv_opt5_global_winner,KiloWare-HV,67.122,15.169,3.803496,67566.0,466,delivery/paper/repro_audit/longctx_l1_l2_size_sweep_ext_20260605/replay_reports/l1_32_l2_32/run_20260605_092826_llama3p1_e7c55e_llama3p1_5673df/hit_miss_amat_summary.csv
llama3p1_8b_instruct,4k,4k_llama3p1_8b_instruct_cmqa_field_recall,fpga_h2o_plus_service_cvr_group_fill_v251,CVR+GF baseline (matched),26.4,31.608,4.021893,70040.0,971,delivery/paper/repro_audit/longctx_l1_l2_size_sweep_ext_20260605/replay_reports/l1_32_l2_32/run_20260605_092826_llama3p1_e7c55e_llama3p1_5673df/hit_miss_amat_summary.csv
llama3p1_8b_instruct,4k,4k_llama3p1_8b_instruct_cmqa_field_recall,fpga_kiloscore_hv_opt5_global_winner,KiloWare-HV,68.978,14.193,3.789813,67411.0,436,delivery/paper/repro_audit/longctx_l1_l2_size_sweep_ext_20260605/replay_reports/l1_32_l2_32/run_20260605_092826_llama3p1_e7c55e_llama3p1_5673df/hit_miss_amat_summary.csv
llama3p1_8b_instruct,4k,4k_llama3p1_8b_instruct_cmqa_epoch_memory,fpga_h2o_plus_service_cvr_group_fill_v251,CVR+GF baseline (matched),28.451,30.664,4.009099,69843.0,942,delivery/paper/repro_audit/longctx_l1_l2_size_sweep_ext_20260605/replay_reports/l1_32_l2_32/run_20260605_092826_llama3p1_e7c55e_llama3p1_5673df/hit_miss_amat_summary.csv
llama3p1_8b_instruct,4k,4k_llama3p1_8b_instruct_cmqa_epoch_memory,fpga_kiloscore_hv_opt5_global_winner,KiloWare-HV,61.491,13.835,3.783481,67289.0,425,delivery/paper/repro_audit/longctx_l1_l2_size_sweep_ext_20260605/replay_reports/l1_32_l2_32/run_20260605_092826_llama3p1_e7c55e_llama3p1_5673df/hit_miss_amat_summary.csv
llama3p1_8b_instruct,4k,4k_llama3p1_8b_instruct_cmqa_budget_memory,fpga_h2o_plus_service_cvr_group_fill_v251,CVR+GF baseline (matched),30.566,30.99,4.013604,69894.0,952,delivery/paper/repro_audit/longctx_l1_l2_size_sweep_ext_20260605/replay_reports/l1_32_l2_32/run_20260605_092826_llama3p1_e7c55e_llama3p1_5673df/hit_miss_amat_summary.csv
llama3p1_8b_instruct,4k,4k_llama3p1_8b_instruct_cmqa_budget_memory,fpga_kiloscore_hv_opt5_global_winner,KiloWare-HV,72.884,12.76,3.769258,67128.0,392,delivery/paper/repro_audit/longctx_l1_l2_size_sweep_ext_20260605/replay_reports/l1_32_l2_32/run_20260605_092826_llama3p1_e7c55e_llama3p1_5673df/hit_miss_amat_summary.csv
llama3p1_8b_instruct,8k,8k_llama3p1_8b_instruct_mdqa_cross_doc_role,fpga_h2o_plus_service_cvr_group_fill_v251,CVR+GF baseline (matched),17.806,42.025,4.095177,124423.0,1291,delivery/paper/repro_audit/longctx_l1_l2_size_sweep_ext_20260605/replay_reports/l1_32_l2_32/run_20260605_093633_llama3p1_606420_llama3p1_5673df/hit_miss_amat_summary.csv
llama3p1_8b_instruct,8k,8k_llama3p1_8b_instruct_mdqa_cross_doc_role,fpga_kiloscore_hv_opt5_global_winner,KiloWare-HV,60.156,19.238,3.919735,121011.0,591,delivery/paper/repro_audit/longctx_l1_l2_size_sweep_ext_20260605/replay_reports/l1_32_l2_32/run_20260605_093633_llama3p1_606420_llama3p1_5673df/hit_miss_amat_summary.csv
llama3p1_8b_instruct,8k,8k_llama3p1_8b_instruct_mdqa_component_match,fpga_h2o_plus_service_cvr_group_fill_v251,CVR+GF baseline (matched),20.768,42.513,4.098993,124550.0,1306,delivery/paper/repro_audit/longctx_l1_l2_size_sweep_ext_20260605/replay_reports/l1_32_l2_32/run_20260605_093633_llama3p1_606420_llama3p1_5673df/hit_miss_amat_summary.csv
llama3p1_8b_instruct,8k,8k_llama3p1_8b_instruct_mdqa_component_match,fpga_kiloscore_hv_opt5_global_winner,KiloWare-HV,58.626,20.117,3.926295,121190.0,618,delivery/paper/repro_audit/longctx_l1_l2_size_sweep_ext_20260605/replay_reports/l1_32_l2_32/run_20260605_093633_llama3p1_606420_llama3p1_5673df/hit_miss_amat_summary.csv
llama3p1_8b_instruct,8k,8k_llama3p1_8b_instruct_mdqa_two_hop_summary,fpga_h2o_plus_service_cvr_group_fill_v251,CVR+GF baseline (matched),18.717,37.826,4.061985,123620.0,1162,delivery/paper/repro_audit/longctx_l1_l2_size_sweep_ext_20260605/replay_reports/l1_32_l2_32/run_20260605_093633_llama3p1_606420_llama3p1_5673df/hit_miss_amat_summary.csv
llama3p1_8b_instruct,8k,8k_llama3p1_8b_instruct_mdqa_two_hop_summary,fpga_kiloscore_hv_opt5_global_winner,KiloWare-HV,58.268,19.076,3.917473,120813.0,586,delivery/paper/repro_audit/longctx_l1_l2_size_sweep_ext_20260605/replay_reports/l1_32_l2_32/run_20260605_093633_llama3p1_606420_llama3p1_5673df/hit_miss_amat_summary.csv
llama3p1_8b_instruct,8k,8k_llama3p1_8b_instruct_mdqa_cross_doc_priority,fpga_h2o_plus_service_cvr_group_fill_v251,CVR+GF baseline (matched),19.043,39.974,4.078826,124105.0,1228,delivery/paper/repro_audit/longctx_l1_l2_size_sweep_ext_20260605/replay_reports/l1_32_l2_32/run_20260605_093633_llama3p1_606420_llama3p1_5673df/hit_miss_amat_summary.csv
llama3p1_8b_instruct,8k,8k_llama3p1_8b_instruct_mdqa_cross_doc_priority,fpga_kiloscore_hv_opt5_global_winner,KiloWare-HV,53.418,22.266,3.94385,121480.0,684,delivery/paper/repro_audit/longctx_l1_l2_size_sweep_ext_20260605/replay_reports/l1_32_l2_32/run_20260605_093633_llama3p1_606420_llama3p1_5673df/hit_miss_amat_summary.csv
llama3p1_8b_instruct,8k,8k_llama3p1_8b_instruct_mdqa_chain_descriptor_fields,fpga_h2o_plus_service_cvr_group_fill_v251,CVR+GF baseline (matched),21.126,36.589,4.052058,123532.0,1124,delivery/paper/repro_audit/longctx_l1_l2_size_sweep_ext_20260605/replay_reports/l1_32_l2_32/run_20260605_093633_llama3p1_606420_llama3p1_5673df/hit_miss_amat_summary.csv
llama3p1_8b_instruct,8k,8k_llama3p1_8b_instruct_mdqa_chain_descriptor_fields,fpga_kiloscore_hv_opt5_global_winner,KiloWare-HV,55.762,17.383,3.902984,120634.0,534,delivery/paper/repro_audit/longctx_l1_l2_size_sweep_ext_20260605/replay_reports/l1_32_l2_32/run_20260605_093633_llama3p1_606420_llama3p1_5673df/hit_miss_amat_summary.csv
llama3p1_8b_instruct,8k,8k_llama3p1_8b_instruct_mdqa_three_stage_lookup,fpga_h2o_plus_service_cvr_group_fill_v251,CVR+GF baseline (matched),17.643,38.411,4.066591,123762.0,1180,delivery/paper/repro_audit/longctx_l1_l2_size_sweep_ext_20260605/replay_reports/l1_32_l2_32/run_20260605_093633_llama3p1_606420_llama3p1_5673df/hit_miss_amat_summary.csv
llama3p1_8b_instruct,8k,8k_llama3p1_8b_instruct_mdqa_three_stage_lookup,fpga_kiloscore_hv_opt5_global_winner,KiloWare-HV,56.738,19.434,3.920441,120922.0,597,delivery/paper/repro_audit/longctx_l1_l2_size_sweep_ext_20260605/replay_reports/l1_32_l2_32/run_20260605_093633_llama3p1_606420_llama3p1_5673df/hit_miss_amat_summary.csv
llama3p1_8b_instruct,8k,8k_llama3p1_8b_instruct_mdqa_compression_guard,fpga_h2o_plus_service_cvr_group_fill_v251,CVR+GF baseline (matched),21.908,37.891,4.062449,123629.0,1164,delivery/paper/repro_audit/longctx_l1_l2_size_sweep_ext_20260605/replay_reports/l1_32_l2_32/run_20260605_093633_llama3p1_606420_llama3p1_5673df/hit_miss_amat_summary.csv
llama3p1_8b_instruct,8k,8k_llama3p1_8b_instruct_mdqa_compression_guard,fpga_kiloscore_hv_opt5_global_winner,KiloWare-HV,61.003,17.806,3.907897,120627.0,547,delivery/paper/repro_audit/longctx_l1_l2_size_sweep_ext_20260605/replay_reports/l1_32_l2_32/run_20260605_093633_llama3p1_606420_llama3p1_5673df/hit_miss_amat_summary.csv
llama3p1_8b_instruct,8k,8k_llama3p1_8b_instruct_mdqa_query_cost_chain,fpga_h2o_plus_service_cvr_group_fill_v251,CVR+GF baseline (matched),19.629,32.227,4.017651,122811.0,990,delivery/paper/repro_audit/longctx_l1_l2_size_sweep_ext_20260605/replay_reports/l1_32_l2_32/run_20260605_093633_llama3p1_606420_llama3p1_5673df/hit_miss_amat_summary.csv
llama3p1_8b_instruct,8k,8k_llama3p1_8b_instruct_mdqa_query_cost_chain,fpga_kiloscore_hv_opt5_global_winner,KiloWare-HV,64.941,15.007,3.883388,120202.0,461,delivery/paper/repro_audit/longctx_l1_l2_size_sweep_ext_20260605/replay_reports/l1_32_l2_32/run_20260605_093633_llama3p1_606420_llama3p1_5673df/hit_miss_amat_summary.csv
llama3p1_8b_instruct,8k,8k_llama3p1_8b_instruct_mdqa_head_budget_allocation,fpga_h2o_plus_service_cvr_group_fill_v251,CVR+GF baseline (matched),21.224,35.742,4.045441,123351.0,1098,delivery/paper/repro_audit/longctx_l1_l2_size_sweep_ext_20260605/replay_reports/l1_32_l2_32/run_20260605_093633_llama3p1_606420_llama3p1_5673df/hit_miss_amat_summary.csv
llama3p1_8b_instruct,8k,8k_llama3p1_8b_instruct_mdqa_head_budget_allocation,fpga_kiloscore_hv_opt5_global_winner,KiloWare-HV,64.844,16.569,3.897077,120468.0,509,delivery/paper/repro_audit/longctx_l1_l2_size_sweep_ext_20260605/replay_reports/l1_32_l2_32/run_20260605_093633_llama3p1_606420_llama3p1_5673df/hit_miss_amat_summary.csv
llama3p1_8b_instruct,8k,8k_llama3p1_8b_instruct_mdqa_backend_admission_reason,fpga_h2o_plus_service_cvr_group_fill_v251,CVR+GF baseline (matched),17.936,35.514,4.043673,123369.0,1091,delivery/paper/repro_audit/longctx_l1_l2_size_sweep_ext_20260605/replay_reports/l1_32_l2_32/run_20260605_093633_llama3p1_606420_llama3p1_5673df/hit_miss_amat_summary.csv
llama3p1_8b_instruct,8k,8k_llama3p1_8b_instruct_mdqa_backend_admission_reason,fpga_kiloscore_hv_opt5_global_winner,KiloWare-HV,62.891,14.844,3.884825,120281.0,456,delivery/paper/repro_audit/longctx_l1_l2_size_sweep_ext_20260605/replay_reports/l1_32_l2_32/run_20260605_093633_llama3p1_606420_llama3p1_5673df/hit_miss_amat_summary.csv
llama3p1_8b_instruct,8k,8k_llama3p1_8b_instruct_lcqa_anchor_timeline,fpga_h2o_plus_service_cvr_group_fill_v251,CVR+GF baseline (matched),18.262,35.742,4.045562,123301.0,1098,delivery/paper/repro_audit/longctx_l1_l2_size_sweep_ext_20260605/replay_reports/l1_32_l2_32/run_20260605_093633_llama3p1_606420_llama3p1_5673df/hit_miss_amat_summary.csv
llama3p1_8b_instruct,8k,8k_llama3p1_8b_instruct_lcqa_anchor_timeline,fpga_kiloscore_hv_opt5_global_winner,KiloWare-HV,63.867,14.258,3.880045,120086.0,438,delivery/paper/repro_audit/longctx_l1_l2_size_sweep_ext_20260605/replay_reports/l1_32_l2_32/run_20260605_093633_llama3p1_606420_llama3p1_5673df/hit_miss_amat_summary.csv
llama3p1_8b_instruct,8k,8k_llama3p1_8b_instruct_lcqa_revision_policy,fpga_h2o_plus_service_cvr_group_fill_v251,CVR+GF baseline (matched),16.536,38.802,4.069547,123872.0,1192,delivery/paper/repro_audit/longctx_l1_l2_size_sweep_ext_20260605/replay_reports/l1_32_l2_32/run_20260605_093633_llama3p1_606420_llama3p1_5673df/hit_miss_amat_summary.csv
llama3p1_8b_instruct,8k,8k_llama3p1_8b_instruct_lcqa_revision_policy,fpga_kiloscore_hv_opt5_global_winner,KiloWare-HV,64.062,13.314,3.86965,119986.0,409,delivery/paper/repro_audit/longctx_l1_l2_size_sweep_ext_20260605/replay_reports/l1_32_l2_32/run_20260605_093633_llama3p1_606420_llama3p1_5673df/hit_miss_amat_summary.csv
llama3p1_8b_instruct,8k,8k_llama3p1_8b_instruct_lcqa_sparse_fact,fpga_h2o_plus_service_cvr_group_fill_v251,CVR+GF baseline (matched),19.792,36.719,4.053263,123503.0,1128,delivery/paper/repro_audit/longctx_l1_l2_size_sweep_ext_20260605/replay_reports/l1_32_l2_32/run_20260605_093633_llama3p1_606420_llama3p1_5673df/hit_miss_amat_summary.csv
llama3p1_8b_instruct,8k,8k_llama3p1_8b_instruct_lcqa_sparse_fact,fpga_kiloscore_hv_opt5_global_winner,KiloWare-HV,63.9,16.536,3.896562,120458.0,508,delivery/paper/repro_audit/longctx_l1_l2_size_sweep_ext_20260605/replay_reports/l1_32_l2_32/run_20260605_093633_llama3p1_606420_llama3p1_5673df/hit_miss_amat_summary.csv
llama3p1_8b_instruct,8k,8k_llama3p1_8b_instruct_lcqa_dual_anchor_incident,fpga_h2o_plus_service_cvr_group_fill_v251,CVR+GF baseline (matched),21.908,35.482,4.043329,123467.0,1090,delivery/paper/repro_audit/longctx_l1_l2_size_sweep_ext_20260605/replay_reports/l1_32_l2_32/run_20260605_093633_llama3p1_606420_llama3p1_5673df/hit_miss_amat_summary.csv
llama3p1_8b_instruct,8k,8k_llama3p1_8b_instruct_lcqa_dual_anchor_incident,fpga_kiloscore_hv_opt5_global_winner,KiloWare-HV,62.142,15.462,3.887695,120439.0,475,delivery/paper/repro_audit/longctx_l1_l2_size_sweep_ext_20260605/replay_reports/l1_32_l2_32/run_20260605_093633_llama3p1_606420_llama3p1_5673df/hit_miss_amat_summary.csv
llama3p1_8b_instruct,8k,8k_llama3p1_8b_instruct_lcqa_backend_priority_rule,fpga_h2o_plus_service_cvr_group_fill_v251,CVR+GF baseline (matched),16.634,32.454,4.019555,122848.0,997,delivery/paper/repro_audit/longctx_l1_l2_size_sweep_ext_20260605/replay_reports/l1_32_l2_32/run_20260605_093633_llama3p1_606420_llama3p1_5673df/hit_miss_amat_summary.csv
llama3p1_8b_instruct,8k,8k_llama3p1_8b_instruct_lcqa_backend_priority_rule,fpga_kiloscore_hv_opt5_global_winner,KiloWare-HV,63.542,11.296,3.85421,119635.0,347,delivery/paper/repro_audit/longctx_l1_l2_size_sweep_ext_20260605/replay_reports/l1_32_l2_32/run_20260605_093633_llama3p1_606420_llama3p1_5673df/hit_miss_amat_summary.csv
llama3p1_8b_instruct,8k,8k_llama3p1_8b_instruct_lcqa_epoch_window_recall,fpga_h2o_plus_service_cvr_group_fill_v251,CVR+GF baseline (matched),17.936,37.37,4.05833,123549.0,1148,delivery/paper/repro_audit/longctx_l1_l2_size_sweep_ext_20260605/replay_reports/l1_32_l2_32/run_20260605_093633_llama3p1_606420_llama3p1_5673df/hit_miss_amat_summary.csv
llama3p1_8b_instruct,8k,8k_llama3p1_8b_instruct_lcqa_epoch_window_recall,fpga_kiloscore_hv_opt5_global_winner,KiloWare-HV,63.835,18.522,3.914075,120747.0,569,delivery/paper/repro_audit/longctx_l1_l2_size_sweep_ext_20260605/replay_reports/l1_32_l2_32/run_20260605_093633_llama3p1_606420_llama3p1_5673df/hit_miss_amat_summary.csv
llama3p1_8b_instruct,8k,8k_llama3p1_8b_instruct_lcqa_dual_budget_rule,fpga_h2o_plus_service_cvr_group_fill_v251,CVR+GF baseline (matched),20.964,34.18,4.033258,123062.0,1050,delivery/paper/repro_audit/longctx_l1_l2_size_sweep_ext_20260605/replay_reports/l1_32_l2_32/run_20260605_093633_llama3p1_606420_llama3p1_5673df/hit_miss_amat_summary.csv
llama3p1_8b_instruct,8k,8k_llama3p1_8b_instruct_lcqa_dual_budget_rule,fpga_kiloscore_hv_opt5_global_winner,KiloWare-HV,65.755,16.146,3.893328,120344.0,496,delivery/paper/repro_audit/longctx_l1_l2_size_sweep_ext_20260605/replay_reports/l1_32_l2_32/run_20260605_093633_llama3p1_606420_llama3p1_5673df/hit_miss_amat_summary.csv
llama3p1_8b_instruct,8k,8k_llama3p1_8b_instruct_lcqa_query_relevance_note,fpga_h2o_plus_service_cvr_group_fill_v251,CVR+GF baseline (matched),20.866,33.203,4.025473,122963.0,1020,delivery/paper/repro_audit/longctx_l1_l2_size_sweep_ext_20260605/replay_reports/l1_32_l2_32/run_20260605_093633_llama3p1_606420_llama3p1_5673df/hit_miss_amat_summary.csv
llama3p1_8b_instruct,8k,8k_llama3p1_8b_instruct_lcqa_query_relevance_note,fpga_kiloscore_hv_opt5_global_winner,KiloWare-HV,64.681,16.146,3.893629,120401.0,496,delivery/paper/repro_audit/longctx_l1_l2_size_sweep_ext_20260605/replay_reports/l1_32_l2_32/run_20260605_093633_llama3p1_606420_llama3p1_5673df/hit_miss_amat_summary.csv
llama3p1_8b_instruct,8k,8k_llama3p1_8b_instruct_lcqa_spill_cost_reason,fpga_h2o_plus_service_cvr_group_fill_v251,CVR+GF baseline (matched),21.81,37.402,4.058615,123607.0,1149,delivery/paper/repro_audit/longctx_l1_l2_size_sweep_ext_20260605/replay_reports/l1_32_l2_32/run_20260605_093633_llama3p1_606420_llama3p1_5673df/hit_miss_amat_summary.csv
llama3p1_8b_instruct,8k,8k_llama3p1_8b_instruct_lcqa_spill_cost_reason,fpga_kiloscore_hv_opt5_global_winner,KiloWare-HV,63.639,14.258,3.877985,120097.0,438,delivery/paper/repro_audit/longctx_l1_l2_size_sweep_ext_20260605/replay_reports/l1_32_l2_32/run_20260605_093633_llama3p1_606420_llama3p1_5673df/hit_miss_amat_summary.csv
llama3p1_8b_instruct,8k,8k_llama3p1_8b_instruct_lcqa_head_budget_rule,fpga_h2o_plus_service_cvr_group_fill_v251,CVR+GF baseline (matched),21.419,33.952,4.031392,123078.0,1043,delivery/paper/repro_audit/longctx_l1_l2_size_sweep_ext_20260605/replay_reports/l1_32_l2_32/run_20260605_093633_llama3p1_606420_llama3p1_5673df/hit_miss_amat_summary.csv
llama3p1_8b_instruct,8k,8k_llama3p1_8b_instruct_lcqa_head_budget_rule,fpga_kiloscore_hv_opt5_global_winner,KiloWare-HV,63.216,16.699,3.899753,120520.0,513,delivery/paper/repro_audit/longctx_l1_l2_size_sweep_ext_20260605/replay_reports/l1_32_l2_32/run_20260605_093633_llama3p1_606420_llama3p1_5673df/hit_miss_amat_summary.csv
llama3p1_8b_instruct,8k,8k_llama3p1_8b_instruct_cmqa_early_name_recall,fpga_h2o_plus_service_cvr_group_fill_v251,CVR+GF baseline (matched),20.605,33.659,4.028985,122979.0,1034,delivery/paper/repro_audit/longctx_l1_l2_size_sweep_ext_20260605/replay_reports/l1_32_l2_32/run_20260605_093633_llama3p1_606420_llama3p1_5673df/hit_miss_amat_summary.csv
llama3p1_8b_instruct,8k,8k_llama3p1_8b_instruct_cmqa_early_name_recall,fpga_kiloscore_hv_opt5_global_winner,KiloWare-HV,64.486,14.779,3.882877,120141.0,454,delivery/paper/repro_audit/longctx_l1_l2_size_sweep_ext_20260605/replay_reports/l1_32_l2_32/run_20260605_093633_llama3p1_606420_llama3p1_5673df/hit_miss_amat_summary.csv
llama3p1_8b_instruct,8k,8k_llama3p1_8b_instruct_cmqa_policy_recall,fpga_h2o_plus_service_cvr_group_fill_v251,CVR+GF baseline (matched),22.461,35.124,4.040586,123309.0,1079,delivery/paper/repro_audit/longctx_l1_l2_size_sweep_ext_20260605/replay_reports/l1_32_l2_32/run_20260605_093633_llama3p1_606420_llama3p1_5673df/hit_miss_amat_summary.csv
llama3p1_8b_instruct,8k,8k_llama3p1_8b_instruct_cmqa_policy_recall,fpga_kiloscore_hv_opt5_global_winner,KiloWare-HV,63.086,13.835,3.873868,120068.0,425,delivery/paper/repro_audit/longctx_l1_l2_size_sweep_ext_20260605/replay_reports/l1_32_l2_32/run_20260605_093633_llama3p1_606420_llama3p1_5673df/hit_miss_amat_summary.csv
llama3p1_8b_instruct,8k,8k_llama3p1_8b_instruct_cmqa_anchor_reasoning,fpga_h2o_plus_service_cvr_group_fill_v251,CVR+GF baseline (matched),25.716,31.771,4.014134,122899.0,976,delivery/paper/repro_audit/longctx_l1_l2_size_sweep_ext_20260605/replay_reports/l1_32_l2_32/run_20260605_093633_llama3p1_606420_llama3p1_5673df/hit_miss_amat_summary.csv
llama3p1_8b_instruct,8k,8k_llama3p1_8b_instruct_cmqa_anchor_reasoning,fpga_kiloscore_hv_opt5_global_winner,KiloWare-HV,64.128,15.137,3.88456,120378.0,465,delivery/paper/repro_audit/longctx_l1_l2_size_sweep_ext_20260605/replay_reports/l1_32_l2_32/run_20260605_093633_llama3p1_606420_llama3p1_5673df/hit_miss_amat_summary.csv
llama3p1_8b_instruct,8k,8k_llama3p1_8b_instruct_cmqa_backend_recall,fpga_h2o_plus_service_cvr_group_fill_v251,CVR+GF baseline (matched),22.363,35.612,4.044378,123278.0,1094,delivery/paper/repro_audit/longctx_l1_l2_size_sweep_ext_20260605/replay_reports/l1_32_l2_32/run_20260605_093633_llama3p1_606420_llama3p1_5673df/hit_miss_amat_summary.csv
llama3p1_8b_instruct,8k,8k_llama3p1_8b_instruct_cmqa_backend_recall,fpga_kiloscore_hv_opt5_global_winner,KiloWare-HV,64.844,16.341,3.894615,120369.0,502,delivery/paper/repro_audit/longctx_l1_l2_size_sweep_ext_20260605/replay_reports/l1_32_l2_32/run_20260605_093633_llama3p1_606420_llama3p1_5673df/hit_miss_amat_summary.csv
llama3p1_8b_instruct,8k,8k_llama3p1_8b_instruct_cmqa_field_recall,fpga_h2o_plus_service_cvr_group_fill_v251,CVR+GF baseline (matched),19.596,38.281,4.06564,123691.0,1176,delivery/paper/repro_audit/longctx_l1_l2_size_sweep_ext_20260605/replay_reports/l1_32_l2_32/run_20260605_093633_llama3p1_606420_llama3p1_5673df/hit_miss_amat_summary.csv
llama3p1_8b_instruct,8k,8k_llama3p1_8b_instruct_cmqa_field_recall,fpga_kiloscore_hv_opt5_global_winner,KiloWare-HV,61.589,14.974,3.883701,120157.0,460,delivery/paper/repro_audit/longctx_l1_l2_size_sweep_ext_20260605/replay_reports/l1_32_l2_32/run_20260605_093633_llama3p1_606420_llama3p1_5673df/hit_miss_amat_summary.csv
llama3p1_8b_instruct,8k,8k_llama3p1_8b_instruct_cmqa_epoch_memory,fpga_h2o_plus_service_cvr_group_fill_v251,CVR+GF baseline (matched),19.661,32.552,4.020327,122863.0,1000,delivery/paper/repro_audit/longctx_l1_l2_size_sweep_ext_20260605/replay_reports/l1_32_l2_32/run_20260605_093633_llama3p1_606420_llama3p1_5673df/hit_miss_amat_summary.csv
llama3p1_8b_instruct,8k,8k_llama3p1_8b_instruct_cmqa_epoch_memory,fpga_kiloscore_hv_opt5_global_winner,KiloWare-HV,66.471,14.128,3.878499,120107.0,434,delivery/paper/repro_audit/longctx_l1_l2_size_sweep_ext_20260605/replay_reports/l1_32_l2_32/run_20260605_093633_llama3p1_606420_llama3p1_5673df/hit_miss_amat_summary.csv
llama3p1_8b_instruct,8k,8k_llama3p1_8b_instruct_cmqa_budget_memory,fpga_h2o_plus_service_cvr_group_fill_v251,CVR+GF baseline (matched),21.387,30.143,4.001544,122498.0,926,delivery/paper/repro_audit/longctx_l1_l2_size_sweep_ext_20260605/replay_reports/l1_32_l2_32/run_20260605_093633_llama3p1_606420_llama3p1_5673df/hit_miss_amat_summary.csv
llama3p1_8b_instruct,8k,8k_llama3p1_8b_instruct_cmqa_budget_memory,fpga_kiloscore_hv_opt5_global_winner,KiloWare-HV,66.016,9.863,3.842888,119415.0,303,delivery/paper/repro_audit/longctx_l1_l2_size_sweep_ext_20260605/replay_reports/l1_32_l2_32/run_20260605_093633_llama3p1_606420_llama3p1_5673df/hit_miss_amat_summary.csv
llama3p1_8b_instruct,16k,16k_llama3p1_8b_instruct_mdqa_cross_doc_role,fpga_h2o_plus_service_cvr_group_fill_v251,CVR+GF baseline (matched),20.703,35.775,4.025,228711.0,1099,delivery/paper/repro_audit/longctx_l1_l2_size_sweep_ext_20260605/replay_reports/l1_32_l2_32/run_20260605_094741_llama3p1_200ca6_llama3p1_5673df/hit_miss_amat_summary.csv
llama3p1_8b_instruct,16k,16k_llama3p1_8b_instruct_mdqa_cross_doc_role,fpga_kiloscore_hv_opt5_global_winner,KiloWare-HV,58.724,18.197,3.952637,226132.0,559,delivery/paper/repro_audit/longctx_l1_l2_size_sweep_ext_20260605/replay_reports/l1_32_l2_32/run_20260605_094741_llama3p1_200ca6_llama3p1_5673df/hit_miss_amat_summary.csv
llama3p1_8b_instruct,16k,16k_llama3p1_8b_instruct_mdqa_component_match,fpga_h2o_plus_service_cvr_group_fill_v251,CVR+GF baseline (matched),21.094,35.742,4.024821,228809.0,1098,delivery/paper/repro_audit/longctx_l1_l2_size_sweep_ext_20260605/replay_reports/l1_32_l2_32/run_20260605_094741_llama3p1_200ca6_llama3p1_5673df/hit_miss_amat_summary.csv
llama3p1_8b_instruct,16k,16k_llama3p1_8b_instruct_mdqa_component_match,fpga_kiloscore_hv_opt5_global_winner,KiloWare-HV,61.068,16.829,3.945844,225993.0,517,delivery/paper/repro_audit/longctx_l1_l2_size_sweep_ext_20260605/replay_reports/l1_32_l2_32/run_20260605_094741_llama3p1_200ca6_llama3p1_5673df/hit_miss_amat_summary.csv
llama3p1_8b_instruct,16k,16k_llama3p1_8b_instruct_mdqa_two_hop_summary,fpga_h2o_plus_service_cvr_group_fill_v251,CVR+GF baseline (matched),20.605,36.426,4.027715,228860.0,1119,delivery/paper/repro_audit/longctx_l1_l2_size_sweep_ext_20260605/replay_reports/l1_32_l2_32/run_20260605_094741_llama3p1_200ca6_llama3p1_5673df/hit_miss_amat_summary.csv
llama3p1_8b_instruct,16k,16k_llama3p1_8b_instruct_mdqa_two_hop_summary,fpga_kiloscore_hv_opt5_global_winner,KiloWare-HV,62.695,17.09,3.94729,225993.0,525,delivery/paper/repro_audit/longctx_l1_l2_size_sweep_ext_20260605/replay_reports/l1_32_l2_32/run_20260605_094741_llama3p1_200ca6_llama3p1_5673df/hit_miss_amat_summary.csv
llama3p1_8b_instruct,16k,16k_llama3p1_8b_instruct_mdqa_cross_doc_priority,fpga_h2o_plus_service_cvr_group_fill_v251,CVR+GF baseline (matched),17.936,40.853,4.046819,229541.0,1255,delivery/paper/repro_audit/longctx_l1_l2_size_sweep_ext_20260605/replay_reports/l1_32_l2_32/run_20260605_094741_llama3p1_200ca6_llama3p1_5673df/hit_miss_amat_summary.csv
llama3p1_8b_instruct,16k,16k_llama3p1_8b_instruct_mdqa_cross_doc_priority,fpga_kiloscore_hv_opt5_global_winner,KiloWare-HV,62.956,18.034,3.952283,226171.0,554,delivery/paper/repro_audit/longctx_l1_l2_size_sweep_ext_20260605/replay_reports/l1_32_l2_32/run_20260605_094741_llama3p1_200ca6_llama3p1_5673df/hit_miss_amat_summary.csv
llama3p1_8b_instruct,16k,16k_llama3p1_8b_instruct_mdqa_chain_descriptor_fields,fpga_h2o_plus_service_cvr_group_fill_v251,CVR+GF baseline (matched),20.182,39.16,4.039488,229332.0,1203,delivery/paper/repro_audit/longctx_l1_l2_size_sweep_ext_20260605/replay_reports/l1_32_l2_32/run_20260605_094741_llama3p1_200ca6_llama3p1_5673df/hit_miss_amat_summary.csv
llama3p1_8b_instruct,16k,16k_llama3p1_8b_instruct_mdqa_chain_descriptor_fields,fpga_kiloscore_hv_opt5_global_winner,KiloWare-HV,60.482,18.978,3.954958,226318.0,583,delivery/paper/repro_audit/longctx_l1_l2_size_sweep_ext_20260605/replay_reports/l1_32_l2_32/run_20260605_094741_llama3p1_200ca6_llama3p1_5673df/hit_miss_amat_summary.csv
llama3p1_8b_instruct,16k,16k_llama3p1_8b_instruct_mdqa_three_stage_lookup,fpga_h2o_plus_service_cvr_group_fill_v251,CVR+GF baseline (matched),17.285,42.318,4.053131,229766.0,1300,delivery/paper/repro_audit/longctx_l1_l2_size_sweep_ext_20260605/replay_reports/l1_32_l2_32/run_20260605_094741_llama3p1_200ca6_llama3p1_5673df/hit_miss_amat_summary.csv
llama3p1_8b_instruct,16k,16k_llama3p1_8b_instruct_mdqa_three_stage_lookup,fpga_kiloscore_hv_opt5_global_winner,KiloWare-HV,57.878,19.922,3.961176,226488.0,612,delivery/paper/repro_audit/longctx_l1_l2_size_sweep_ext_20260605/replay_reports/l1_32_l2_32/run_20260605_094741_llama3p1_200ca6_llama3p1_5673df/hit_miss_amat_summary.csv
llama3p1_8b_instruct,16k,16k_llama3p1_8b_instruct_mdqa_compression_guard,fpga_h2o_plus_service_cvr_group_fill_v251,CVR+GF baseline (matched),20.54,37.272,4.031383,229043.0,1145,delivery/paper/repro_audit/longctx_l1_l2_size_sweep_ext_20260605/replay_reports/l1_32_l2_32/run_20260605_094741_llama3p1_200ca6_llama3p1_5673df/hit_miss_amat_summary.csv
llama3p1_8b_instruct,16k,16k_llama3p1_8b_instruct_mdqa_compression_guard,fpga_kiloscore_hv_opt5_global_winner,KiloWare-HV,58.008,19.238,3.957763,226418.0,591,delivery/paper/repro_audit/longctx_l1_l2_size_sweep_ext_20260605/replay_reports/l1_32_l2_32/run_20260605_094741_llama3p1_200ca6_llama3p1_5673df/hit_miss_amat_summary.csv
llama3p1_8b_instruct,16k,16k_llama3p1_8b_instruct_mdqa_query_cost_chain,fpga_h2o_plus_service_cvr_group_fill_v251,CVR+GF baseline (matched),20.931,34.733,4.020558,228657.0,1067,delivery/paper/repro_audit/longctx_l1_l2_size_sweep_ext_20260605/replay_reports/l1_32_l2_32/run_20260605_094741_llama3p1_200ca6_llama3p1_5673df/hit_miss_amat_summary.csv
llama3p1_8b_instruct,16k,16k_llama3p1_8b_instruct_mdqa_query_cost_chain,fpga_kiloscore_hv_opt5_global_winner,KiloWare-HV,63.802,15.104,3.939085,225752.0,464,delivery/paper/repro_audit/longctx_l1_l2_size_sweep_ext_20260605/replay_reports/l1_32_l2_32/run_20260605_094741_llama3p1_200ca6_llama3p1_5673df/hit_miss_amat_summary.csv
llama3p1_8b_instruct,16k,16k_llama3p1_8b_instruct_mdqa_head_budget_allocation,fpga_h2o_plus_service_cvr_group_fill_v251,CVR+GF baseline (matched),21.257,35.547,4.023974,228831.0,1092,delivery/paper/repro_audit/longctx_l1_l2_size_sweep_ext_20260605/replay_reports/l1_32_l2_32/run_20260605_094741_llama3p1_200ca6_llama3p1_5673df/hit_miss_amat_summary.csv
llama3p1_8b_instruct,16k,16k_llama3p1_8b_instruct_mdqa_head_budget_allocation,fpga_kiloscore_hv_opt5_global_winner,KiloWare-HV,60.417,17.253,3.947819,226115.0,530,delivery/paper/repro_audit/longctx_l1_l2_size_sweep_ext_20260605/replay_reports/l1_32_l2_32/run_20260605_094741_llama3p1_200ca6_llama3p1_5673df/hit_miss_amat_summary.csv
llama3p1_8b_instruct,16k,16k_llama3p1_8b_instruct_mdqa_backend_admission_reason,fpga_h2o_plus_service_cvr_group_fill_v251,CVR+GF baseline (matched),16.536,39.225,4.039751,229446.0,1205,delivery/paper/repro_audit/longctx_l1_l2_size_sweep_ext_20260605/replay_reports/l1_32_l2_32/run_20260605_094741_llama3p1_200ca6_llama3p1_5673df/hit_miss_amat_summary.csv
llama3p1_8b_instruct,16k,16k_llama3p1_8b_instruct_mdqa_backend_admission_reason,fpga_kiloscore_hv_opt5_global_winner,KiloWare-HV,59.017,17.22,3.947045,226139.0,529,delivery/paper/repro_audit/longctx_l1_l2_size_sweep_ext_20260605/replay_reports/l1_32_l2_32/run_20260605_094741_llama3p1_200ca6_llama3p1_5673df/hit_miss_amat_summary.csv
llama3p1_8b_instruct,16k,16k_llama3p1_8b_instruct_lcqa_anchor_timeline,fpga_h2o_plus_service_cvr_group_fill_v251,CVR+GF baseline (matched),17.741,33.138,4.013571,228460.0,1018,delivery/paper/repro_audit/longctx_l1_l2_size_sweep_ext_20260605/replay_reports/l1_32_l2_32/run_20260605_094741_llama3p1_200ca6_llama3p1_5673df/hit_miss_amat_summary.csv
llama3p1_8b_instruct,16k,16k_llama3p1_8b_instruct_lcqa_anchor_timeline,fpga_kiloscore_hv_opt5_global_winner,KiloWare-HV,59.342,14.648,3.936154,225699.0,450,delivery/paper/repro_audit/longctx_l1_l2_size_sweep_ext_20260605/replay_reports/l1_32_l2_32/run_20260605_094741_llama3p1_200ca6_llama3p1_5673df/hit_miss_amat_summary.csv
llama3p1_8b_instruct,16k,16k_llama3p1_8b_instruct_lcqa_revision_policy,fpga_h2o_plus_service_cvr_group_fill_v251,CVR+GF baseline (matched),19.466,36.328,4.027242,229052.0,1116,delivery/paper/repro_audit/longctx_l1_l2_size_sweep_ext_20260605/replay_reports/l1_32_l2_32/run_20260605_094741_llama3p1_200ca6_llama3p1_5673df/hit_miss_amat_summary.csv
llama3p1_8b_instruct,16k,16k_llama3p1_8b_instruct_lcqa_revision_policy,fpga_kiloscore_hv_opt5_global_winner,KiloWare-HV,62.793,13.477,3.930689,225607.0,414,delivery/paper/repro_audit/longctx_l1_l2_size_sweep_ext_20260605/replay_reports/l1_32_l2_32/run_20260605_094741_llama3p1_200ca6_llama3p1_5673df/hit_miss_amat_summary.csv
llama3p1_8b_instruct,16k,16k_llama3p1_8b_instruct_lcqa_sparse_fact,fpga_h2o_plus_service_cvr_group_fill_v251,CVR+GF baseline (matched),18.522,37.891,4.034091,229035.0,1164,delivery/paper/repro_audit/longctx_l1_l2_size_sweep_ext_20260605/replay_reports/l1_32_l2_32/run_20260605_094741_llama3p1_200ca6_llama3p1_5673df/hit_miss_amat_summary.csv
llama3p1_8b_instruct,16k,16k_llama3p1_8b_instruct_lcqa_sparse_fact,fpga_kiloscore_hv_opt5_global_winner,KiloWare-HV,58.789,17.839,3.951375,226087.0,548,delivery/paper/repro_audit/longctx_l1_l2_size_sweep_ext_20260605/replay_reports/l1_32_l2_32/run_20260605_094741_llama3p1_200ca6_llama3p1_5673df/hit_miss_amat_summary.csv
llama3p1_8b_instruct,16k,16k_llama3p1_8b_instruct_lcqa_dual_anchor_incident,fpga_h2o_plus_service_cvr_group_fill_v251,CVR+GF baseline (matched),19.336,35.775,4.024989,228815.0,1099,delivery/paper/repro_audit/longctx_l1_l2_size_sweep_ext_20260605/replay_reports/l1_32_l2_32/run_20260605_094741_llama3p1_200ca6_llama3p1_5673df/hit_miss_amat_summary.csv
llama3p1_8b_instruct,16k,16k_llama3p1_8b_instruct_lcqa_dual_anchor_incident,fpga_kiloscore_hv_opt5_global_winner,KiloWare-HV,57.227,18.034,3.951004,226177.0,554,delivery/paper/repro_audit/longctx_l1_l2_size_sweep_ext_20260605/replay_reports/l1_32_l2_32/run_20260605_094741_llama3p1_200ca6_llama3p1_5673df/hit_miss_amat_summary.csv
llama3p1_8b_instruct,16k,16k_llama3p1_8b_instruct_lcqa_backend_priority_rule,fpga_h2o_plus_service_cvr_group_fill_v251,CVR+GF baseline (matched),21.419,34.277,4.018534,228637.0,1053,delivery/paper/repro_audit/longctx_l1_l2_size_sweep_ext_20260605/replay_reports/l1_32_l2_32/run_20260605_094741_llama3p1_200ca6_llama3p1_5673df/hit_miss_amat_summary.csv
llama3p1_8b_instruct,16k,16k_llama3p1_8b_instruct_lcqa_backend_priority_rule,fpga_kiloscore_hv_opt5_global_winner,KiloWare-HV,59.831,16.699,3.945407,226029.0,513,delivery/paper/repro_audit/longctx_l1_l2_size_sweep_ext_20260605/replay_reports/l1_32_l2_32/run_20260605_094741_llama3p1_200ca6_llama3p1_5673df/hit_miss_amat_summary.csv
llama3p1_8b_instruct,16k,16k_llama3p1_8b_instruct_lcqa_epoch_window_recall,fpga_h2o_plus_service_cvr_group_fill_v251,CVR+GF baseline (matched),20.475,35.677,4.024574,228748.0,1096,delivery/paper/repro_audit/longctx_l1_l2_size_sweep_ext_20260605/replay_reports/l1_32_l2_32/run_20260605_094741_llama3p1_200ca6_llama3p1_5673df/hit_miss_amat_summary.csv
llama3p1_8b_instruct,16k,16k_llama3p1_8b_instruct_lcqa_epoch_window_recall,fpga_kiloscore_hv_opt5_global_winner,KiloWare-HV,66.634,13.411,3.931469,225429.0,412,delivery/paper/repro_audit/longctx_l1_l2_size_sweep_ext_20260605/replay_reports/l1_32_l2_32/run_20260605_094741_llama3p1_200ca6_llama3p1_5673df/hit_miss_amat_summary.csv
llama3p1_8b_instruct,16k,16k_llama3p1_8b_instruct_lcqa_dual_budget_rule,fpga_h2o_plus_service_cvr_group_fill_v251,CVR+GF baseline (matched),21.908,40.365,4.044687,229465.0,1240,delivery/paper/repro_audit/longctx_l1_l2_size_sweep_ext_20260605/replay_reports/l1_32_l2_32/run_20260605_094741_llama3p1_200ca6_llama3p1_5673df/hit_miss_amat_summary.csv
llama3p1_8b_instruct,16k,16k_llama3p1_8b_instruct_lcqa_dual_budget_rule,fpga_kiloscore_hv_opt5_global_winner,KiloWare-HV,64.811,15.885,3.942465,225821.0,488,delivery/paper/repro_audit/longctx_l1_l2_size_sweep_ext_20260605/replay_reports/l1_32_l2_32/run_20260605_094741_llama3p1_200ca6_llama3p1_5673df/hit_miss_amat_summary.csv
llama3p1_8b_instruct,16k,16k_llama3p1_8b_instruct_lcqa_query_relevance_note,fpga_h2o_plus_service_cvr_group_fill_v251,CVR+GF baseline (matched),20.443,33.854,4.016736,228625.0,1040,delivery/paper/repro_audit/longctx_l1_l2_size_sweep_ext_20260605/replay_reports/l1_32_l2_32/run_20260605_094741_llama3p1_200ca6_llama3p1_5673df/hit_miss_amat_summary.csv
llama3p1_8b_instruct,16k,16k_llama3p1_8b_instruct_lcqa_query_relevance_note,fpga_kiloscore_hv_opt5_global_winner,KiloWare-HV,63.9,12.956,3.928796,225488.0,398,delivery/paper/repro_audit/longctx_l1_l2_size_sweep_ext_20260605/replay_reports/l1_32_l2_32/run_20260605_094741_llama3p1_200ca6_llama3p1_5673df/hit_miss_amat_summary.csv
llama3p1_8b_instruct,16k,16k_llama3p1_8b_instruct_lcqa_spill_cost_reason,fpga_h2o_plus_service_cvr_group_fill_v251,CVR+GF baseline (matched),19.141,40.365,4.044881,229629.0,1240,delivery/paper/repro_audit/longctx_l1_l2_size_sweep_ext_20260605/replay_reports/l1_32_l2_32/run_20260605_094741_llama3p1_200ca6_llama3p1_5673df/hit_miss_amat_summary.csv
llama3p1_8b_instruct,16k,16k_llama3p1_8b_instruct_lcqa_spill_cost_reason,fpga_kiloscore_hv_opt5_global_winner,KiloWare-HV,61.361,17.839,3.95069,226269.0,548,delivery/paper/repro_audit/longctx_l1_l2_size_sweep_ext_20260605/replay_reports/l1_32_l2_32/run_20260605_094741_llama3p1_200ca6_llama3p1_5673df/hit_miss_amat_summary.csv
llama3p1_8b_instruct,16k,16k_llama3p1_8b_instruct_lcqa_head_budget_rule,fpga_h2o_plus_service_cvr_group_fill_v251,CVR+GF baseline (matched),21.712,35.319,4.022998,228744.0,1085,delivery/paper/repro_audit/longctx_l1_l2_size_sweep_ext_20260605/replay_reports/l1_32_l2_32/run_20260605_094741_llama3p1_200ca6_llama3p1_5673df/hit_miss_amat_summary.csv
llama3p1_8b_instruct,16k,16k_llama3p1_8b_instruct_lcqa_head_budget_rule,fpga_kiloscore_hv_opt5_global_winner,KiloWare-HV,62.174,17.611,3.950499,226159.0,541,delivery/paper/repro_audit/longctx_l1_l2_size_sweep_ext_20260605/replay_reports/l1_32_l2_32/run_20260605_094741_llama3p1_200ca6_llama3p1_5673df/hit_miss_amat_summary.csv
llama3p1_8b_instruct,16k,16k_llama3p1_8b_instruct_cmqa_early_name_recall,fpga_h2o_plus_service_cvr_group_fill_v251,CVR+GF baseline (matched),18.555,30.729,4.003225,228039.0,944,delivery/paper/repro_audit/longctx_l1_l2_size_sweep_ext_20260605/replay_reports/l1_32_l2_32/run_20260605_094741_llama3p1_200ca6_llama3p1_5673df/hit_miss_amat_summary.csv
llama3p1_8b_instruct,16k,16k_llama3p1_8b_instruct_cmqa_early_name_recall,fpga_kiloscore_hv_opt5_global_winner,KiloWare-HV,56.673,19.043,3.955547,226339.0,585,delivery/paper/repro_audit/longctx_l1_l2_size_sweep_ext_20260605/replay_reports/l1_32_l2_32/run_20260605_094741_llama3p1_200ca6_llama3p1_5673df/hit_miss_amat_summary.csv
llama3p1_8b_instruct,16k,16k_llama3p1_8b_instruct_cmqa_policy_recall,fpga_h2o_plus_service_cvr_group_fill_v251,CVR+GF baseline (matched),18.945,34.831,4.020894,228669.0,1070,delivery/paper/repro_audit/longctx_l1_l2_size_sweep_ext_20260605/replay_reports/l1_32_l2_32/run_20260605_094741_llama3p1_200ca6_llama3p1_5673df/hit_miss_amat_summary.csv
llama3p1_8b_instruct,16k,16k_llama3p1_8b_instruct_cmqa_policy_recall,fpga_kiloscore_hv_opt5_global_winner,KiloWare-HV,62.63,13.411,3.931288,225474.0,412,delivery/paper/repro_audit/longctx_l1_l2_size_sweep_ext_20260605/replay_reports/l1_32_l2_32/run_20260605_094741_llama3p1_200ca6_llama3p1_5673df/hit_miss_amat_summary.csv
llama3p1_8b_instruct,16k,16k_llama3p1_8b_instruct_cmqa_anchor_reasoning,fpga_h2o_plus_service_cvr_group_fill_v251,CVR+GF baseline (matched),20.378,40.007,4.043227,229570.0,1229,delivery/paper/repro_audit/longctx_l1_l2_size_sweep_ext_20260605/replay_reports/l1_32_l2_32/run_20260605_094741_llama3p1_200ca6_llama3p1_5673df/hit_miss_amat_summary.csv
llama3p1_8b_instruct,16k,16k_llama3p1_8b_instruct_cmqa_anchor_reasoning,fpga_kiloscore_hv_opt5_global_winner,KiloWare-HV,61.263,18.522,3.954054,226389.0,569,delivery/paper/repro_audit/longctx_l1_l2_size_sweep_ext_20260605/replay_reports/l1_32_l2_32/run_20260605_094741_llama3p1_200ca6_llama3p1_5673df/hit_miss_amat_summary.csv
llama3p1_8b_instruct,16k,16k_llama3p1_8b_instruct_cmqa_backend_recall,fpga_h2o_plus_service_cvr_group_fill_v251,CVR+GF baseline (matched),23.893,31.836,4.00796,228364.0,978,delivery/paper/repro_audit/longctx_l1_l2_size_sweep_ext_20260605/replay_reports/l1_32_l2_32/run_20260605_094741_llama3p1_200ca6_llama3p1_5673df/hit_miss_amat_summary.csv
llama3p1_8b_instruct,16k,16k_llama3p1_8b_instruct_cmqa_backend_recall,fpga_kiloscore_hv_opt5_global_winner,KiloWare-HV,63.281,14.779,3.935762,225788.0,454,delivery/paper/repro_audit/longctx_l1_l2_size_sweep_ext_20260605/replay_reports/l1_32_l2_32/run_20260605_094741_llama3p1_200ca6_llama3p1_5673df/hit_miss_amat_summary.csv
llama3p1_8b_instruct,16k,16k_llama3p1_8b_instruct_cmqa_field_recall,fpga_h2o_plus_service_cvr_group_fill_v251,CVR+GF baseline (matched),19.336,36.393,4.027557,229011.0,1118,delivery/paper/repro_audit/longctx_l1_l2_size_sweep_ext_20260605/replay_reports/l1_32_l2_32/run_20260605_094741_llama3p1_200ca6_llama3p1_5673df/hit_miss_amat_summary.csv
llama3p1_8b_instruct,16k,16k_llama3p1_8b_instruct_cmqa_field_recall,fpga_kiloscore_hv_opt5_global_winner,KiloWare-HV,61.198,15.495,3.939953,225886.0,476,delivery/paper/repro_audit/longctx_l1_l2_size_sweep_ext_20260605/replay_reports/l1_32_l2_32/run_20260605_094741_llama3p1_200ca6_llama3p1_5673df/hit_miss_amat_summary.csv
llama3p1_8b_instruct,16k,16k_llama3p1_8b_instruct_cmqa_epoch_memory,fpga_h2o_plus_service_cvr_group_fill_v251,CVR+GF baseline (matched),19.582,33.812,4.016435,228520.0,1036,delivery/paper/repro_audit/longctx_l1_l2_size_sweep_ext_20260605/replay_reports/l1_32_l2_32/run_20260605_094741_llama3p1_200ca6_llama3p1_5673df/hit_miss_amat_summary.csv
llama3p1_8b_instruct,16k,16k_llama3p1_8b_instruct_cmqa_epoch_memory,fpga_kiloscore_hv_opt5_global_winner,KiloWare-HV,61.456,15.862,3.942759,225893.0,486,delivery/paper/repro_audit/longctx_l1_l2_size_sweep_ext_20260605/replay_reports/l1_32_l2_32/run_20260605_094741_llama3p1_200ca6_llama3p1_5673df/hit_miss_amat_summary.csv
llama3p1_8b_instruct,16k,16k_llama3p1_8b_instruct_cmqa_budget_memory,fpga_h2o_plus_service_cvr_group_fill_v251,CVR+GF baseline (matched),19.564,34.44,4.019179,228660.0,1058,delivery/paper/repro_audit/longctx_l1_l2_size_sweep_ext_20260605/replay_reports/l1_32_l2_32/run_20260605_094741_llama3p1_200ca6_llama3p1_5673df/hit_miss_amat_summary.csv
llama3p1_8b_instruct,16k,16k_llama3p1_8b_instruct_cmqa_budget_memory,fpga_kiloscore_hv_opt5_global_winner,KiloWare-HV,65.918,14.648,3.937079,225732.0,450,delivery/paper/repro_audit/longctx_l1_l2_size_sweep_ext_20260605/replay_reports/l1_32_l2_32/run_20260605_094741_llama3p1_200ca6_llama3p1_5673df/hit_miss_amat_summary.csv
llama3p1_8b_instruct,32k,32k_llama3p1_8b_instruct_mdqa_cross_doc_role,fpga_h2o_plus_service_cvr_group_fill_v251,CVR+GF baseline (matched),37.174,29.069,3.997947,439320.0,893,delivery/paper/repro_audit/longctx_l1_l2_size_sweep_ext_20260605/replay_reports/l1_32_l2_32/run_20260605_100813_llama3p1_eb6bc9_llama3p1_5673df/hit_miss_amat_summary.csv
llama3p1_8b_instruct,32k,32k_llama3p1_8b_instruct_mdqa_cross_doc_role,fpga_kiloscore_hv_opt5_global_winner,KiloWare-HV,70.801,12.858,3.962229,436884.0,395,delivery/paper/repro_audit/longctx_l1_l2_size_sweep_ext_20260605/replay_reports/l1_32_l2_32/run_20260605_100813_llama3p1_eb6bc9_llama3p1_5673df/hit_miss_amat_summary.csv
llama3p1_8b_instruct,32k,32k_llama3p1_8b_instruct_mdqa_component_match,fpga_h2o_plus_service_cvr_group_fill_v251,CVR+GF baseline (matched),35.411,31.103,4.002493,439536.0,953,delivery/paper/repro_audit/longctx_l1_l2_size_sweep_ext_20260605/replay_reports/l1_32_l2_32/run_20260605_100813_llama3p1_eb6bc9_llama3p1_5673df/hit_miss_amat_summary.csv
llama3p1_8b_instruct,32k,32k_llama3p1_8b_instruct_mdqa_component_match,fpga_kiloscore_hv_opt5_global_winner,KiloWare-HV,65.894,14.262,3.965094,436986.0,437,delivery/paper/repro_audit/longctx_l1_l2_size_sweep_ext_20260605/replay_reports/l1_32_l2_32/run_20260605_100813_llama3p1_eb6bc9_llama3p1_5673df/hit_miss_amat_summary.csv
llama3p1_8b_instruct,32k,32k_llama3p1_8b_instruct_mdqa_two_hop_summary,fpga_h2o_plus_service_cvr_group_fill_v251,CVR+GF baseline (matched),36.426,30.794,4.001803,439635.0,946,delivery/paper/repro_audit/longctx_l1_l2_size_sweep_ext_20260605/replay_reports/l1_32_l2_32/run_20260605_100813_llama3p1_eb6bc9_llama3p1_5673df/hit_miss_amat_summary.csv
llama3p1_8b_instruct,32k,32k_llama3p1_8b_instruct_mdqa_two_hop_summary,fpga_kiloscore_hv_opt5_global_winner,KiloWare-HV,68.132,12.858,3.962043,436923.0,395,delivery/paper/repro_audit/longctx_l1_l2_size_sweep_ext_20260605/replay_reports/l1_32_l2_32/run_20260605_100813_llama3p1_eb6bc9_llama3p1_5673df/hit_miss_amat_summary.csv
llama3p1_8b_instruct,32k,32k_llama3p1_8b_instruct_mdqa_cross_doc_priority,fpga_h2o_plus_service_cvr_group_fill_v251,CVR+GF baseline (matched),30.371,30.143,4.000337,439535.0,926,delivery/paper/repro_audit/longctx_l1_l2_size_sweep_ext_20260605/replay_reports/l1_32_l2_32/run_20260605_100813_llama3p1_eb6bc9_llama3p1_5673df/hit_miss_amat_summary.csv
llama3p1_8b_instruct,32k,32k_llama3p1_8b_instruct_mdqa_cross_doc_priority,fpga_kiloscore_hv_opt5_global_winner,KiloWare-HV,68.066,12.891,3.962043,436923.0,396,delivery/paper/repro_audit/longctx_l1_l2_size_sweep_ext_20260605/replay_reports/l1_32_l2_32/run_20260605_100813_llama3p1_eb6bc9_llama3p1_5673df/hit_miss_amat_summary.csv
llama3p1_8b_instruct,32k,32k_llama3p1_8b_instruct_mdqa_chain_descriptor_fields,fpga_h2o_plus_service_cvr_group_fill_v251,CVR+GF baseline (matched),31.868,30.241,4.000557,439602.0,929,delivery/paper/repro_audit/longctx_l1_l2_size_sweep_ext_20260605/replay_reports/l1_32_l2_32/run_20260605_100813_llama3p1_eb6bc9_llama3p1_5673df/hit_miss_amat_summary.csv
llama3p1_8b_instruct,32k,32k_llama3p1_8b_instruct_mdqa_chain_descriptor_fields,fpga_kiloscore_hv_opt5_global_winner,KiloWare-HV,71.452,10.352,3.956301,436583.0,318,delivery/paper/repro_audit/longctx_l1_l2_size_sweep_ext_20260605/replay_reports/l1_32_l2_32/run_20260605_100813_llama3p1_eb6bc9_llama3p1_5673df/hit_miss_amat_summary.csv
llama3p1_8b_instruct,32k,32k_llama3p1_8b_instruct_mdqa_three_stage_lookup,fpga_h2o_plus_service_cvr_group_fill_v251,CVR+GF baseline (matched),34.928,28.906,3.997537,439344.0,888,delivery/paper/repro_audit/longctx_l1_l2_size_sweep_ext_20260605/replay_reports/l1_32_l2_32/run_20260605_100813_llama3p1_eb6bc9_llama3p1_5673df/hit_miss_amat_summary.csv
llama3p1_8b_instruct,32k,32k_llama3p1_8b_instruct_mdqa_three_stage_lookup,fpga_kiloscore_hv_opt5_global_winner,KiloWare-HV,65.951,13.639,3.963758,437040.0,419,delivery/paper/repro_audit/longctx_l1_l2_size_sweep_ext_20260605/replay_reports/l1_32_l2_32/run_20260605_100813_llama3p1_eb6bc9_llama3p1_5673df/hit_miss_amat_summary.csv
llama3p1_8b_instruct,32k,32k_llama3p1_8b_instruct_mdqa_compression_guard,fpga_h2o_plus_service_cvr_group_fill_v251,CVR+GF baseline (matched),34.635,29.427,3.998725,439477.0,904,delivery/paper/repro_audit/longctx_l1_l2_size_sweep_ext_20260605/replay_reports/l1_32_l2_32/run_20260605_100813_llama3p1_eb6bc9_llama3p1_5673df/hit_miss_amat_summary.csv
llama3p1_8b_instruct,32k,32k_llama3p1_8b_instruct_mdqa_compression_guard,fpga_kiloscore_hv_opt5_global_winner,KiloWare-HV,65.007,16.504,3.970681,437564.0,507,delivery/paper/repro_audit/longctx_l1_l2_size_sweep_ext_20260605/replay_reports/l1_32_l2_32/run_20260605_100813_llama3p1_eb6bc9_llama3p1_5673df/hit_miss_amat_summary.csv
llama3p1_8b_instruct,32k,32k_llama3p1_8b_instruct_mdqa_query_cost_chain,fpga_h2o_plus_service_cvr_group_fill_v251,CVR+GF baseline (matched),31.966,29.557,3.999047,439499.0,908,delivery/paper/repro_audit/longctx_l1_l2_size_sweep_ext_20260605/replay_reports/l1_32_l2_32/run_20260605_100813_llama3p1_eb6bc9_llama3p1_5673df/hit_miss_amat_summary.csv
llama3p1_8b_instruct,32k,32k_llama3p1_8b_instruct_mdqa_query_cost_chain,fpga_kiloscore_hv_opt5_global_winner,KiloWare-HV,70.215,11.979,3.960083,436841.0,368,delivery/paper/repro_audit/longctx_l1_l2_size_sweep_ext_20260605/replay_reports/l1_32_l2_32/run_20260605_100813_llama3p1_eb6bc9_llama3p1_5673df/hit_miss_amat_summary.csv
llama3p1_8b_instruct,32k,32k_llama3p1_8b_instruct_mdqa_head_budget_allocation,fpga_h2o_plus_service_cvr_group_fill_v251,CVR+GF baseline (matched),33.496,29.948,3.999883,439608.0,920,delivery/paper/repro_audit/longctx_l1_l2_size_sweep_ext_20260605/replay_reports/l1_32_l2_32/run_20260605_100813_llama3p1_eb6bc9_llama3p1_5673df/hit_miss_amat_summary.csv
llama3p1_8b_instruct,32k,32k_llama3p1_8b_instruct_mdqa_head_budget_allocation,fpga_kiloscore_hv_opt5_global_winner,KiloWare-HV,71.745,12.37,3.961392,436982.0,380,delivery/paper/repro_audit/longctx_l1_l2_size_sweep_ext_20260605/replay_reports/l1_32_l2_32/run_20260605_100813_llama3p1_eb6bc9_llama3p1_5673df/hit_miss_amat_summary.csv
llama3p1_8b_instruct,32k,32k_llama3p1_8b_instruct_mdqa_backend_admission_reason,fpga_h2o_plus_service_cvr_group_fill_v251,CVR+GF baseline (matched),28.353,31.413,4.003195,439938.0,965,delivery/paper/repro_audit/longctx_l1_l2_size_sweep_ext_20260605/replay_reports/l1_32_l2_32/run_20260605_100813_llama3p1_eb6bc9_llama3p1_5673df/hit_miss_amat_summary.csv
llama3p1_8b_instruct,32k,32k_llama3p1_8b_instruct_mdqa_backend_admission_reason,fpga_kiloscore_hv_opt5_global_winner,KiloWare-HV,63.477,15.202,3.967951,437533.0,467,delivery/paper/repro_audit/longctx_l1_l2_size_sweep_ext_20260605/replay_reports/l1_32_l2_32/run_20260605_100813_llama3p1_eb6bc9_llama3p1_5673df/hit_miss_amat_summary.csv
llama3p1_8b_instruct,32k,32k_llama3p1_8b_instruct_lcqa_anchor_timeline,fpga_h2o_plus_service_cvr_group_fill_v251,CVR+GF baseline (matched),32.487,29.688,3.999326,439414.0,912,delivery/paper/repro_audit/longctx_l1_l2_size_sweep_ext_20260605/replay_reports/l1_32_l2_32/run_20260605_100813_llama3p1_eb6bc9_llama3p1_5673df/hit_miss_amat_summary.csv
llama3p1_8b_instruct,32k,32k_llama3p1_8b_instruct_lcqa_anchor_timeline,fpga_kiloscore_hv_opt5_global_winner,KiloWare-HV,70.703,11.361,3.958416,436624.0,349,delivery/paper/repro_audit/longctx_l1_l2_size_sweep_ext_20260605/replay_reports/l1_32_l2_32/run_20260605_100813_llama3p1_eb6bc9_llama3p1_5673df/hit_miss_amat_summary.csv
llama3p1_8b_instruct,32k,32k_llama3p1_8b_instruct_lcqa_revision_policy,fpga_h2o_plus_service_cvr_group_fill_v251,CVR+GF baseline (matched),36.621,31.641,4.003694,439816.0,972,delivery/paper/repro_audit/longctx_l1_l2_size_sweep_ext_20260605/replay_reports/l1_32_l2_32/run_20260605_100813_llama3p1_eb6bc9_llama3p1_5673df/hit_miss_amat_summary.csv
llama3p1_8b_instruct,32k,32k_llama3p1_8b_instruct_lcqa_revision_policy,fpga_kiloscore_hv_opt5_global_winner,KiloWare-HV,71.647,12.891,3.962106,436979.0,396,delivery/paper/repro_audit/longctx_l1_l2_size_sweep_ext_20260605/replay_reports/l1_32_l2_32/run_20260605_100813_llama3p1_eb6bc9_llama3p1_5673df/hit_miss_amat_summary.csv
llama3p1_8b_instruct,32k,32k_llama3p1_8b_instruct_lcqa_sparse_fact,fpga_h2o_plus_service_cvr_group_fill_v251,CVR+GF baseline (matched),27.311,29.264,3.998372,439245.0,899,delivery/paper/repro_audit/longctx_l1_l2_size_sweep_ext_20260605/replay_reports/l1_32_l2_32/run_20260605_100813_llama3p1_eb6bc9_llama3p1_5673df/hit_miss_amat_summary.csv
llama3p1_8b_instruct,32k,32k_llama3p1_8b_instruct_lcqa_sparse_fact,fpga_kiloscore_hv_opt5_global_winner,KiloWare-HV,62.305,14.681,3.965842,437027.0,451,delivery/paper/repro_audit/longctx_l1_l2_size_sweep_ext_20260605/replay_reports/l1_32_l2_32/run_20260605_100813_llama3p1_eb6bc9_llama3p1_5673df/hit_miss_amat_summary.csv
llama3p1_8b_instruct,32k,32k_llama3p1_8b_instruct_lcqa_dual_anchor_incident,fpga_h2o_plus_service_cvr_group_fill_v251,CVR+GF baseline (matched),35.807,29.362,3.998578,439571.0,902,delivery/paper/repro_audit/longctx_l1_l2_size_sweep_ext_20260605/replay_reports/l1_32_l2_32/run_20260605_100813_llama3p1_eb6bc9_llama3p1_5673df/hit_miss_amat_summary.csv
llama3p1_8b_instruct,32k,32k_llama3p1_8b_instruct_lcqa_dual_anchor_incident,fpga_kiloscore_hv_opt5_global_winner,KiloWare-HV,63.118,16.634,3.971231,437705.0,511,delivery/paper/repro_audit/longctx_l1_l2_size_sweep_ext_20260605/replay_reports/l1_32_l2_32/run_20260605_100813_llama3p1_eb6bc9_llama3p1_5673df/hit_miss_amat_summary.csv
llama3p1_8b_instruct,32k,32k_llama3p1_8b_instruct_lcqa_backend_priority_rule,fpga_h2o_plus_service_cvr_group_fill_v251,CVR+GF baseline (matched),36.198,28.841,3.997406,439439.0,886,delivery/paper/repro_audit/longctx_l1_l2_size_sweep_ext_20260605/replay_reports/l1_32_l2_32/run_20260605_100813_llama3p1_eb6bc9_llama3p1_5673df/hit_miss_amat_summary.csv
llama3p1_8b_instruct,32k,32k_llama3p1_8b_instruct_lcqa_backend_priority_rule,fpga_kiloscore_hv_opt5_global_winner,KiloWare-HV,68.815,12.012,3.960337,436910.0,369,delivery/paper/repro_audit/longctx_l1_l2_size_sweep_ext_20260605/replay_reports/l1_32_l2_32/run_20260605_100813_llama3p1_eb6bc9_llama3p1_5673df/hit_miss_amat_summary.csv
llama3p1_8b_instruct,32k,32k_llama3p1_8b_instruct_lcqa_epoch_window_recall,fpga_h2o_plus_service_cvr_group_fill_v251,CVR+GF baseline (matched),26.53,33.04,4.006876,439981.0,1015,delivery/paper/repro_audit/longctx_l1_l2_size_sweep_ext_20260605/replay_reports/l1_32_l2_32/run_20260605_100813_llama3p1_eb6bc9_llama3p1_5673df/hit_miss_amat_summary.csv
llama3p1_8b_instruct,32k,32k_llama3p1_8b_instruct_lcqa_epoch_window_recall,fpga_kiloscore_hv_opt5_global_winner,KiloWare-HV,65.267,13.118,3.962702,436968.0,403,delivery/paper/repro_audit/longctx_l1_l2_size_sweep_ext_20260605/replay_reports/l1_32_l2_32/run_20260605_100813_llama3p1_eb6bc9_llama3p1_5673df/hit_miss_amat_summary.csv
llama3p1_8b_instruct,32k,32k_llama3p1_8b_instruct_lcqa_dual_budget_rule,fpga_h2o_plus_service_cvr_group_fill_v251,CVR+GF baseline (matched),31.608,30.013,4.000029,439514.0,922,delivery/paper/repro_audit/longctx_l1_l2_size_sweep_ext_20260605/replay_reports/l1_32_l2_32/run_20260605_100813_llama3p1_eb6bc9_llama3p1_5673df/hit_miss_amat_summary.csv
llama3p1_8b_instruct,32k,32k_llama3p1_8b_instruct_lcqa_dual_budget_rule,fpga_kiloscore_hv_opt5_global_winner,KiloWare-HV,64.29,13.509,3.963465,437020.0,415,delivery/paper/repro_audit/longctx_l1_l2_size_sweep_ext_20260605/replay_reports/l1_32_l2_32/run_20260605_100813_llama3p1_eb6bc9_llama3p1_5673df/hit_miss_amat_summary.csv
llama3p1_8b_instruct,32k,32k_llama3p1_8b_instruct_lcqa_query_relevance_note,fpga_h2o_plus_service_cvr_group_fill_v251,CVR+GF baseline (matched),38.216,27.344,3.994036,439365.0,840,delivery/paper/repro_audit/longctx_l1_l2_size_sweep_ext_20260605/replay_reports/l1_32_l2_32/run_20260605_100813_llama3p1_eb6bc9_llama3p1_5673df/hit_miss_amat_summary.csv
llama3p1_8b_instruct,32k,32k_llama3p1_8b_instruct_lcqa_query_relevance_note,fpga_kiloscore_hv_opt5_global_winner,KiloWare-HV,72.168,11.263,3.958621,436948.0,346,delivery/paper/repro_audit/longctx_l1_l2_size_sweep_ext_20260605/replay_reports/l1_32_l2_32/run_20260605_100813_llama3p1_eb6bc9_llama3p1_5673df/hit_miss_amat_summary.csv
llama3p1_8b_instruct,32k,32k_llama3p1_8b_instruct_lcqa_spill_cost_reason,fpga_h2o_plus_service_cvr_group_fill_v251,CVR+GF baseline (matched),38.9,29.688,3.999297,439724.0,912,delivery/paper/repro_audit/longctx_l1_l2_size_sweep_ext_20260605/replay_reports/l1_32_l2_32/run_20260605_100813_llama3p1_eb6bc9_llama3p1_5673df/hit_miss_amat_summary.csv
llama3p1_8b_instruct,32k,32k_llama3p1_8b_instruct_lcqa_spill_cost_reason,fpga_kiloscore_hv_opt5_global_winner,KiloWare-HV,73.438,11.458,3.959252,436991.0,352,delivery/paper/repro_audit/longctx_l1_l2_size_sweep_ext_20260605/replay_reports/l1_32_l2_32/run_20260605_100813_llama3p1_eb6bc9_llama3p1_5673df/hit_miss_amat_summary.csv
llama3p1_8b_instruct,32k,32k_llama3p1_8b_instruct_lcqa_head_budget_rule,fpga_h2o_plus_service_cvr_group_fill_v251,CVR+GF baseline (matched),39.095,29.655,3.999238,439512.0,911,delivery/paper/repro_audit/longctx_l1_l2_size_sweep_ext_20260605/replay_reports/l1_32_l2_32/run_20260605_100813_llama3p1_eb6bc9_llama3p1_5673df/hit_miss_amat_summary.csv
llama3p1_8b_instruct,32k,32k_llama3p1_8b_instruct_lcqa_head_budget_rule,fpga_kiloscore_hv_opt5_global_winner,KiloWare-HV,68.034,14.323,3.965551,437214.0,440,delivery/paper/repro_audit/longctx_l1_l2_size_sweep_ext_20260605/replay_reports/l1_32_l2_32/run_20260605_100813_llama3p1_eb6bc9_llama3p1_5673df/hit_miss_amat_summary.csv
llama3p1_8b_instruct,32k,32k_llama3p1_8b_instruct_cmqa_early_name_recall,fpga_h2o_plus_service_cvr_group_fill_v251,CVR+GF baseline (matched),37.109,31.836,4.004148,439951.0,978,delivery/paper/repro_audit/longctx_l1_l2_size_sweep_ext_20260605/replay_reports/l1_32_l2_32/run_20260605_100813_llama3p1_eb6bc9_llama3p1_5673df/hit_miss_amat_summary.csv
llama3p1_8b_instruct,32k,32k_llama3p1_8b_instruct_cmqa_early_name_recall,fpga_kiloscore_hv_opt5_global_winner,KiloWare-HV,69.076,17.318,3.972799,437812.0,532,delivery/paper/repro_audit/longctx_l1_l2_size_sweep_ext_20260605/replay_reports/l1_32_l2_32/run_20260605_100813_llama3p1_eb6bc9_llama3p1_5673df/hit_miss_amat_summary.csv
llama3p1_8b_instruct,32k,32k_llama3p1_8b_instruct_cmqa_policy_recall,fpga_h2o_plus_service_cvr_group_fill_v251,CVR+GF baseline (matched),28.906,35.482,4.012347,440250.0,1090,delivery/paper/repro_audit/longctx_l1_l2_size_sweep_ext_20260605/replay_reports/l1_32_l2_32/run_20260605_100813_llama3p1_eb6bc9_llama3p1_5673df/hit_miss_amat_summary.csv
llama3p1_8b_instruct,32k,32k_llama3p1_8b_instruct_cmqa_policy_recall,fpga_kiloscore_hv_opt5_global_winner,KiloWare-HV,66.276,15.332,3.96787,437217.0,471,delivery/paper/repro_audit/longctx_l1_l2_size_sweep_ext_20260605/replay_reports/l1_32_l2_32/run_20260605_100813_llama3p1_eb6bc9_llama3p1_5673df/hit_miss_amat_summary.csv
llama3p1_8b_instruct,32k,32k_llama3p1_8b_instruct_cmqa_anchor_reasoning,fpga_h2o_plus_service_cvr_group_fill_v251,CVR+GF baseline (matched),37.63,32.617,4.005921,440072.0,1002,delivery/paper/repro_audit/longctx_l1_l2_size_sweep_ext_20260605/replay_reports/l1_32_l2_32/run_20260605_100813_llama3p1_eb6bc9_llama3p1_5673df/hit_miss_amat_summary.csv
llama3p1_8b_instruct,32k,32k_llama3p1_8b_instruct_cmqa_anchor_reasoning,fpga_kiloscore_hv_opt5_global_winner,KiloWare-HV,69.727,17.155,3.972564,437796.0,527,delivery/paper/repro_audit/longctx_l1_l2_size_sweep_ext_20260605/replay_reports/l1_32_l2_32/run_20260605_100813_llama3p1_eb6bc9_llama3p1_5673df/hit_miss_amat_summary.csv
llama3p1_8b_instruct,32k,32k_llama3p1_8b_instruct_cmqa_backend_recall,fpga_h2o_plus_service_cvr_group_fill_v251,CVR+GF baseline (matched),23.763,38.053,4.018148,440802.0,1169,delivery/paper/repro_audit/longctx_l1_l2_size_sweep_ext_20260605/replay_reports/l1_32_l2_32/run_20260605_100813_llama3p1_eb6bc9_llama3p1_5673df/hit_miss_amat_summary.csv
llama3p1_8b_instruct,32k,32k_llama3p1_8b_instruct_cmqa_backend_recall,fpga_kiloscore_hv_opt5_global_winner,KiloWare-HV,65.658,16.602,3.97074,437568.0,510,delivery/paper/repro_audit/longctx_l1_l2_size_sweep_ext_20260605/replay_reports/l1_32_l2_32/run_20260605_100813_llama3p1_eb6bc9_llama3p1_5673df/hit_miss_amat_summary.csv
llama3p1_8b_instruct,32k,32k_llama3p1_8b_instruct_cmqa_field_recall,fpga_h2o_plus_service_cvr_group_fill_v251,CVR+GF baseline (matched),22.201,37.467,4.016858,440714.0,1151,delivery/paper/repro_audit/longctx_l1_l2_size_sweep_ext_20260605/replay_reports/l1_32_l2_32/run_20260605_100813_llama3p1_eb6bc9_llama3p1_5673df/hit_miss_amat_summary.csv
llama3p1_8b_instruct,32k,32k_llama3p1_8b_instruct_cmqa_field_recall,fpga_kiloscore_hv_opt5_global_winner,KiloWare-HV,53.613,19.792,3.977835,438052.0,608,delivery/paper/repro_audit/longctx_l1_l2_size_sweep_ext_20260605/replay_reports/l1_32_l2_32/run_20260605_100813_llama3p1_eb6bc9_llama3p1_5673df/hit_miss_amat_summary.csv
llama3p1_8b_instruct,32k,32k_llama3p1_8b_instruct_cmqa_epoch_memory,fpga_h2o_plus_service_cvr_group_fill_v251,CVR+GF baseline (matched),23.991,33.822,4.008621,440100.0,1039,delivery/paper/repro_audit/longctx_l1_l2_size_sweep_ext_20260605/replay_reports/l1_32_l2_32/run_20260605_100813_llama3p1_eb6bc9_llama3p1_5673df/hit_miss_amat_summary.csv
llama3p1_8b_instruct,32k,32k_llama3p1_8b_instruct_cmqa_epoch_memory,fpga_kiloscore_hv_opt5_global_winner,KiloWare-HV,65.039,17.155,3.971763,437586.0,527,delivery/paper/repro_audit/longctx_l1_l2_size_sweep_ext_20260605/replay_reports/l1_32_l2_32/run_20260605_100813_llama3p1_eb6bc9_llama3p1_5673df/hit_miss_amat_summary.csv
llama3p1_8b_instruct,32k,32k_llama3p1_8b_instruct_cmqa_budget_memory,fpga_h2o_plus_service_cvr_group_fill_v251,CVR+GF baseline (matched),31.413,33.594,4.008094,440012.0,1032,delivery/paper/repro_audit/longctx_l1_l2_size_sweep_ext_20260605/replay_reports/l1_32_l2_32/run_20260605_100813_llama3p1_eb6bc9_llama3p1_5673df/hit_miss_amat_summary.csv
llama3p1_8b_instruct,32k,32k_llama3p1_8b_instruct_cmqa_budget_memory,fpga_kiloscore_hv_opt5_global_winner,KiloWare-HV,67.155,16.178,3.970117,437422.0,497,delivery/paper/repro_audit/longctx_l1_l2_size_sweep_ext_20260605/replay_reports/l1_32_l2_32/run_20260605_100813_llama3p1_eb6bc9_llama3p1_5673df/hit_miss_amat_summary.csv
mistral_7b_instruct_v0p3,4k,4k_mistral_7b_instruct_v0p3_mdqa_cross_doc_role,fpga_h2o_plus_service_cvr_group_fill_v251,CVR+GF baseline (matched),28.353,26.172,3.948291,69361.0,804,delivery/paper/repro_audit/longctx_l1_l2_size_sweep_ext_20260605/replay_reports/l1_32_l2_32/run_20260605_104246_mistral7_7088e0_mistral7_b717ce/hit_miss_amat_summary.csv
mistral_7b_instruct_v0p3,4k,4k_mistral_7b_instruct_v0p3_mdqa_cross_doc_role,fpga_kiloscore_hv_opt5_global_winner,KiloWare-HV,61.426,15.299,3.80444,67728.0,470,delivery/paper/repro_audit/longctx_l1_l2_size_sweep_ext_20260605/replay_reports/l1_32_l2_32/run_20260605_104246_mistral7_7088e0_mistral7_b717ce/hit_miss_amat_summary.csv
mistral_7b_instruct_v0p3,4k,4k_mistral_7b_instruct_v0p3_mdqa_component_match,fpga_h2o_plus_service_cvr_group_fill_v251,CVR+GF baseline (matched),22.428,32.975,4.040724,70201.0,1013,delivery/paper/repro_audit/longctx_l1_l2_size_sweep_ext_20260605/replay_reports/l1_32_l2_32/run_20260605_104246_mistral7_7088e0_mistral7_b717ce/hit_miss_amat_summary.csv
mistral_7b_instruct_v0p3,4k,4k_mistral_7b_instruct_v0p3_mdqa_component_match,fpga_kiloscore_hv_opt5_global_winner,KiloWare-HV,63.379,19.141,3.858746,68141.0,588,delivery/paper/repro_audit/longctx_l1_l2_size_sweep_ext_20260605/replay_reports/l1_32_l2_32/run_20260605_104246_mistral7_7088e0_mistral7_b717ce/hit_miss_amat_summary.csv
mistral_7b_instruct_v0p3,4k,4k_mistral_7b_instruct_v0p3_mdqa_two_hop_summary,fpga_h2o_plus_service_cvr_group_fill_v251,CVR+GF baseline (matched),23.763,37.402,4.100335,71087.0,1149,delivery/paper/repro_audit/longctx_l1_l2_size_sweep_ext_20260605/replay_reports/l1_32_l2_32/run_20260605_104246_mistral7_7088e0_mistral7_b717ce/hit_miss_amat_summary.csv
mistral_7b_instruct_v0p3,4k,4k_mistral_7b_instruct_v0p3_mdqa_two_hop_summary,fpga_kiloscore_hv_opt5_global_winner,KiloWare-HV,65.234,21.257,3.890504,68705.0,653,delivery/paper/repro_audit/longctx_l1_l2_size_sweep_ext_20260605/replay_reports/l1_32_l2_32/run_20260605_104246_mistral7_7088e0_mistral7_b717ce/hit_miss_amat_summary.csv
mistral_7b_instruct_v0p3,4k,4k_mistral_7b_instruct_v0p3_mdqa_cross_doc_priority,fpga_h2o_plus_service_cvr_group_fill_v251,CVR+GF baseline (matched),24.902,32.682,4.03651,70101.0,1004,delivery/paper/repro_audit/longctx_l1_l2_size_sweep_ext_20260605/replay_reports/l1_32_l2_32/run_20260605_104246_mistral7_7088e0_mistral7_b717ce/hit_miss_amat_summary.csv
mistral_7b_instruct_v0p3,4k,4k_mistral_7b_instruct_v0p3_mdqa_cross_doc_priority,fpga_kiloscore_hv_opt5_global_winner,KiloWare-HV,58.594,21.257,3.884901,68386.0,653,delivery/paper/repro_audit/longctx_l1_l2_size_sweep_ext_20260605/replay_reports/l1_32_l2_32/run_20260605_104246_mistral7_7088e0_mistral7_b717ce/hit_miss_amat_summary.csv
mistral_7b_instruct_v0p3,4k,4k_mistral_7b_instruct_v0p3_mdqa_chain_descriptor_fields,fpga_h2o_plus_service_cvr_group_fill_v251,CVR+GF baseline (matched),28.939,33.008,4.040874,70412.0,1014,delivery/paper/repro_audit/longctx_l1_l2_size_sweep_ext_20260605/replay_reports/l1_32_l2_32/run_20260605_104246_mistral7_7088e0_mistral7_b717ce/hit_miss_amat_summary.csv
mistral_7b_instruct_v0p3,4k,4k_mistral_7b_instruct_v0p3_mdqa_chain_descriptor_fields,fpga_kiloscore_hv_opt5_global_winner,KiloWare-HV,61.263,21.582,3.895261,68759.0,663,delivery/paper/repro_audit/longctx_l1_l2_size_sweep_ext_20260605/replay_reports/l1_32_l2_32/run_20260605_104246_mistral7_7088e0_mistral7_b717ce/hit_miss_amat_summary.csv
mistral_7b_instruct_v0p3,4k,4k_mistral_7b_instruct_v0p3_mdqa_three_stage_lookup,fpga_h2o_plus_service_cvr_group_fill_v251,CVR+GF baseline (matched),27.018,36.133,4.083422,70737.0,1110,delivery/paper/repro_audit/longctx_l1_l2_size_sweep_ext_20260605/replay_reports/l1_32_l2_32/run_20260605_104246_mistral7_7088e0_mistral7_b717ce/hit_miss_amat_summary.csv
mistral_7b_instruct_v0p3,4k,4k_mistral_7b_instruct_v0p3_mdqa_three_stage_lookup,fpga_kiloscore_hv_opt5_global_winner,KiloWare-HV,62.207,21.322,3.890978,68557.0,655,delivery/paper/repro_audit/longctx_l1_l2_size_sweep_ext_20260605/replay_reports/l1_32_l2_32/run_20260605_104246_mistral7_7088e0_mistral7_b717ce/hit_miss_amat_summary.csv
mistral_7b_instruct_v0p3,4k,4k_mistral_7b_instruct_v0p3_mdqa_compression_guard,fpga_h2o_plus_service_cvr_group_fill_v251,CVR+GF baseline (matched),22.786,36.458,4.087721,70733.0,1120,delivery/paper/repro_audit/longctx_l1_l2_size_sweep_ext_20260605/replay_reports/l1_32_l2_32/run_20260605_104246_mistral7_7088e0_mistral7_b717ce/hit_miss_amat_summary.csv
mistral_7b_instruct_v0p3,4k,4k_mistral_7b_instruct_v0p3_mdqa_compression_guard,fpga_kiloscore_hv_opt5_global_winner,KiloWare-HV,60.124,22.461,3.903887,68652.0,690,delivery/paper/repro_audit/longctx_l1_l2_size_sweep_ext_20260605/replay_reports/l1_32_l2_32/run_20260605_104246_mistral7_7088e0_mistral7_b717ce/hit_miss_amat_summary.csv
mistral_7b_instruct_v0p3,4k,4k_mistral_7b_instruct_v0p3_mdqa_query_cost_chain,fpga_h2o_plus_service_cvr_group_fill_v251,CVR+GF baseline (matched),38.281,26.79,3.956748,69457.0,823,delivery/paper/repro_audit/longctx_l1_l2_size_sweep_ext_20260605/replay_reports/l1_32_l2_32/run_20260605_104246_mistral7_7088e0_mistral7_b717ce/hit_miss_amat_summary.csv
mistral_7b_instruct_v0p3,4k,4k_mistral_7b_instruct_v0p3_mdqa_query_cost_chain,fpga_kiloscore_hv_opt5_global_winner,KiloWare-HV,70.703,17.35,3.83624,68089.0,533,delivery/paper/repro_audit/longctx_l1_l2_size_sweep_ext_20260605/replay_reports/l1_32_l2_32/run_20260605_104246_mistral7_7088e0_mistral7_b717ce/hit_miss_amat_summary.csv
mistral_7b_instruct_v0p3,4k,4k_mistral_7b_instruct_v0p3_mdqa_head_budget_allocation,fpga_h2o_plus_service_cvr_group_fill_v251,CVR+GF baseline (matched),25.456,32.324,4.031757,70204.0,993,delivery/paper/repro_audit/longctx_l1_l2_size_sweep_ext_20260605/replay_reports/l1_32_l2_32/run_20260605_104246_mistral7_7088e0_mistral7_b717ce/hit_miss_amat_summary.csv
mistral_7b_instruct_v0p3,4k,4k_mistral_7b_instruct_v0p3_mdqa_head_budget_allocation,fpga_kiloscore_hv_opt5_global_winner,KiloWare-HV,65.169,20.475,3.879411,68477.0,629,delivery/paper/repro_audit/longctx_l1_l2_size_sweep_ext_20260605/replay_reports/l1_32_l2_32/run_20260605_104246_mistral7_7088e0_mistral7_b717ce/hit_miss_amat_summary.csv
mistral_7b_instruct_v0p3,4k,4k_mistral_7b_instruct_v0p3_mdqa_backend_admission_reason,fpga_h2o_plus_service_cvr_group_fill_v251,CVR+GF baseline (matched),30.241,30.176,4.002473,69768.0,927,delivery/paper/repro_audit/longctx_l1_l2_size_sweep_ext_20260605/replay_reports/l1_32_l2_32/run_20260605_104246_mistral7_7088e0_mistral7_b717ce/hit_miss_amat_summary.csv
mistral_7b_instruct_v0p3,4k,4k_mistral_7b_instruct_v0p3_mdqa_backend_admission_reason,fpga_kiloscore_hv_opt5_global_winner,KiloWare-HV,65.169,16.243,3.817226,67671.0,499,delivery/paper/repro_audit/longctx_l1_l2_size_sweep_ext_20260605/replay_reports/l1_32_l2_32/run_20260605_104246_mistral7_7088e0_mistral7_b717ce/hit_miss_amat_summary.csv
mistral_7b_instruct_v0p3,4k,4k_mistral_7b_instruct_v0p3_lcqa_anchor_timeline,fpga_h2o_plus_service_cvr_group_fill_v251,CVR+GF baseline (matched),39.518,27.311,3.963593,69483.0,839,delivery/paper/repro_audit/longctx_l1_l2_size_sweep_ext_20260605/replay_reports/l1_32_l2_32/run_20260605_104246_mistral7_7088e0_mistral7_b717ce/hit_miss_amat_summary.csv
mistral_7b_instruct_v0p3,4k,4k_mistral_7b_instruct_v0p3_lcqa_anchor_timeline,fpga_kiloscore_hv_opt5_global_winner,KiloWare-HV,69.141,16.797,3.82775,67942.0,516,delivery/paper/repro_audit/longctx_l1_l2_size_sweep_ext_20260605/replay_reports/l1_32_l2_32/run_20260605_104246_mistral7_7088e0_mistral7_b717ce/hit_miss_amat_summary.csv
mistral_7b_instruct_v0p3,4k,4k_mistral_7b_instruct_v0p3_lcqa_revision_policy,fpga_h2o_plus_service_cvr_group_fill_v251,CVR+GF baseline (matched),28.06,32.161,4.029505,70074.0,988,delivery/paper/repro_audit/longctx_l1_l2_size_sweep_ext_20260605/replay_reports/l1_32_l2_32/run_20260605_104246_mistral7_7088e0_mistral7_b717ce/hit_miss_amat_summary.csv
mistral_7b_instruct_v0p3,4k,4k_mistral_7b_instruct_v0p3_lcqa_revision_policy,fpga_kiloscore_hv_opt5_global_winner,KiloWare-HV,62.109,19.727,3.867314,68238.0,606,delivery/paper/repro_audit/longctx_l1_l2_size_sweep_ext_20260605/replay_reports/l1_32_l2_32/run_20260605_104246_mistral7_7088e0_mistral7_b717ce/hit_miss_amat_summary.csv
mistral_7b_instruct_v0p3,4k,4k_mistral_7b_instruct_v0p3_lcqa_sparse_fact,fpga_h2o_plus_service_cvr_group_fill_v251,CVR+GF baseline (matched),21.191,31.185,4.016343,69925.0,958,delivery/paper/repro_audit/longctx_l1_l2_size_sweep_ext_20260605/replay_reports/l1_32_l2_32/run_20260605_104246_mistral7_7088e0_mistral7_b717ce/hit_miss_amat_summary.csv
mistral_7b_instruct_v0p3,4k,4k_mistral_7b_instruct_v0p3_lcqa_sparse_fact,fpga_kiloscore_hv_opt5_global_winner,KiloWare-HV,62.5,20.443,3.874823,68323.0,628,delivery/paper/repro_audit/longctx_l1_l2_size_sweep_ext_20260605/replay_reports/l1_32_l2_32/run_20260605_104246_mistral7_7088e0_mistral7_b717ce/hit_miss_amat_summary.csv
mistral_7b_instruct_v0p3,4k,4k_mistral_7b_instruct_v0p3_lcqa_dual_anchor_incident,fpga_h2o_plus_service_cvr_group_fill_v251,CVR+GF baseline (matched),29.395,29.134,3.988356,69712.0,895,delivery/paper/repro_audit/longctx_l1_l2_size_sweep_ext_20260605/replay_reports/l1_32_l2_32/run_20260605_104246_mistral7_7088e0_mistral7_b717ce/hit_miss_amat_summary.csv
mistral_7b_instruct_v0p3,4k,4k_mistral_7b_instruct_v0p3_lcqa_dual_anchor_incident,fpga_kiloscore_hv_opt5_global_winner,KiloWare-HV,62.207,16.96,3.827982,67894.0,521,delivery/paper/repro_audit/longctx_l1_l2_size_sweep_ext_20260605/replay_reports/l1_32_l2_32/run_20260605_104246_mistral7_7088e0_mistral7_b717ce/hit_miss_amat_summary.csv
mistral_7b_instruct_v0p3,4k,4k_mistral_7b_instruct_v0p3_lcqa_backend_priority_rule,fpga_h2o_plus_service_cvr_group_fill_v251,CVR+GF baseline (matched),27.767,28.906,3.98519,69728.0,888,delivery/paper/repro_audit/longctx_l1_l2_size_sweep_ext_20260605/replay_reports/l1_32_l2_32/run_20260605_104246_mistral7_7088e0_mistral7_b717ce/hit_miss_amat_summary.csv
mistral_7b_instruct_v0p3,4k,4k_mistral_7b_instruct_v0p3_lcqa_backend_priority_rule,fpga_kiloscore_hv_opt5_global_winner,KiloWare-HV,67.122,15.527,3.806241,67698.0,477,delivery/paper/repro_audit/longctx_l1_l2_size_sweep_ext_20260605/replay_reports/l1_32_l2_32/run_20260605_104246_mistral7_7088e0_mistral7_b717ce/hit_miss_amat_summary.csv
mistral_7b_instruct_v0p3,4k,4k_mistral_7b_instruct_v0p3_lcqa_epoch_window_recall,fpga_h2o_plus_service_cvr_group_fill_v251,CVR+GF baseline (matched),31.868,29.688,3.995769,69848.0,912,delivery/paper/repro_audit/longctx_l1_l2_size_sweep_ext_20260605/replay_reports/l1_32_l2_32/run_20260605_104246_mistral7_7088e0_mistral7_b717ce/hit_miss_amat_summary.csv
mistral_7b_instruct_v0p3,4k,4k_mistral_7b_instruct_v0p3_lcqa_epoch_window_recall,fpga_kiloscore_hv_opt5_global_winner,KiloWare-HV,68.099,14.681,3.795487,67576.0,451,delivery/paper/repro_audit/longctx_l1_l2_size_sweep_ext_20260605/replay_reports/l1_32_l2_32/run_20260605_104246_mistral7_7088e0_mistral7_b717ce/hit_miss_amat_summary.csv
mistral_7b_instruct_v0p3,4k,4k_mistral_7b_instruct_v0p3_lcqa_dual_budget_rule,fpga_h2o_plus_service_cvr_group_fill_v251,CVR+GF baseline (matched),31.771,27.279,3.963152,69478.0,838,delivery/paper/repro_audit/longctx_l1_l2_size_sweep_ext_20260605/replay_reports/l1_32_l2_32/run_20260605_104246_mistral7_7088e0_mistral7_b717ce/hit_miss_amat_summary.csv
mistral_7b_instruct_v0p3,4k,4k_mistral_7b_instruct_v0p3_lcqa_dual_budget_rule,fpga_kiloscore_hv_opt5_global_winner,KiloWare-HV,65.527,17.09,3.832599,67997.0,525,delivery/paper/repro_audit/longctx_l1_l2_size_sweep_ext_20260605/replay_reports/l1_32_l2_32/run_20260605_104246_mistral7_7088e0_mistral7_b717ce/hit_miss_amat_summary.csv
mistral_7b_instruct_v0p3,4k,4k_mistral_7b_instruct_v0p3_lcqa_query_relevance_note,fpga_h2o_plus_service_cvr_group_fill_v251,CVR+GF baseline (matched),21.354,31.641,4.022277,69940.0,972,delivery/paper/repro_audit/longctx_l1_l2_size_sweep_ext_20260605/replay_reports/l1_32_l2_32/run_20260605_104246_mistral7_7088e0_mistral7_b717ce/hit_miss_amat_summary.csv
mistral_7b_instruct_v0p3,4k,4k_mistral_7b_instruct_v0p3_lcqa_query_relevance_note,fpga_kiloscore_hv_opt5_global_winner,KiloWare-HV,60.579,18.392,3.845562,67941.0,565,delivery/paper/repro_audit/longctx_l1_l2_size_sweep_ext_20260605/replay_reports/l1_32_l2_32/run_20260605_104246_mistral7_7088e0_mistral7_b717ce/hit_miss_amat_summary.csv
mistral_7b_instruct_v0p3,4k,4k_mistral_7b_instruct_v0p3_lcqa_spill_cost_reason,fpga_h2o_plus_service_cvr_group_fill_v251,CVR+GF baseline (matched),33.268,29.264,3.99031,69838.0,899,delivery/paper/repro_audit/longctx_l1_l2_size_sweep_ext_20260605/replay_reports/l1_32_l2_32/run_20260605_104246_mistral7_7088e0_mistral7_b717ce/hit_miss_amat_summary.csv
mistral_7b_instruct_v0p3,4k,4k_mistral_7b_instruct_v0p3_lcqa_spill_cost_reason,fpga_kiloscore_hv_opt5_global_winner,KiloWare-HV,68.066,16.992,3.830514,68024.0,522,delivery/paper/repro_audit/longctx_l1_l2_size_sweep_ext_20260605/replay_reports/l1_32_l2_32/run_20260605_104246_mistral7_7088e0_mistral7_b717ce/hit_miss_amat_summary.csv
mistral_7b_instruct_v0p3,4k,4k_mistral_7b_instruct_v0p3_lcqa_head_budget_rule,fpga_h2o_plus_service_cvr_group_fill_v251,CVR+GF baseline (matched),24.967,32.943,4.040106,70194.0,1012,delivery/paper/repro_audit/longctx_l1_l2_size_sweep_ext_20260605/replay_reports/l1_32_l2_32/run_20260605_104246_mistral7_7088e0_mistral7_b717ce/hit_miss_amat_summary.csv
mistral_7b_instruct_v0p3,4k,4k_mistral_7b_instruct_v0p3_lcqa_head_budget_rule,fpga_kiloscore_hv_opt5_global_winner,KiloWare-HV,66.113,17.904,3.842491,67957.0,550,delivery/paper/repro_audit/longctx_l1_l2_size_sweep_ext_20260605/replay_reports/l1_32_l2_32/run_20260605_104246_mistral7_7088e0_mistral7_b717ce/hit_miss_amat_summary.csv
mistral_7b_instruct_v0p3,4k,4k_mistral_7b_instruct_v0p3_cmqa_early_name_recall,fpga_h2o_plus_service_cvr_group_fill_v251,CVR+GF baseline (matched),32.454,31.152,4.015813,69919.0,957,delivery/paper/repro_audit/longctx_l1_l2_size_sweep_ext_20260605/replay_reports/l1_32_l2_32/run_20260605_104246_mistral7_7088e0_mistral7_b717ce/hit_miss_amat_summary.csv
mistral_7b_instruct_v0p3,4k,4k_mistral_7b_instruct_v0p3_cmqa_early_name_recall,fpga_kiloscore_hv_opt5_global_winner,KiloWare-HV,67.741,17.35,3.83136,67831.0,533,delivery/paper/repro_audit/longctx_l1_l2_size_sweep_ext_20260605/replay_reports/l1_32_l2_32/run_20260605_104246_mistral7_7088e0_mistral7_b717ce/hit_miss_amat_summary.csv
mistral_7b_instruct_v0p3,4k,4k_mistral_7b_instruct_v0p3_cmqa_policy_recall,fpga_h2o_plus_service_cvr_group_fill_v251,CVR+GF baseline (matched),29.72,30.632,4.008633,70046.0,941,delivery/paper/repro_audit/longctx_l1_l2_size_sweep_ext_20260605/replay_reports/l1_32_l2_32/run_20260605_104246_mistral7_7088e0_mistral7_b717ce/hit_miss_amat_summary.csv
mistral_7b_instruct_v0p3,4k,4k_mistral_7b_instruct_v0p3_cmqa_policy_recall,fpga_kiloscore_hv_opt5_global_winner,KiloWare-HV,63.574,18.522,3.851832,68266.0,569,delivery/paper/repro_audit/longctx_l1_l2_size_sweep_ext_20260605/replay_reports/l1_32_l2_32/run_20260605_104246_mistral7_7088e0_mistral7_b717ce/hit_miss_amat_summary.csv
mistral_7b_instruct_v0p3,4k,4k_mistral_7b_instruct_v0p3_cmqa_anchor_reasoning,fpga_h2o_plus_service_cvr_group_fill_v251,CVR+GF baseline (matched),34.928,29.622,3.995148,69789.0,910,delivery/paper/repro_audit/longctx_l1_l2_size_sweep_ext_20260605/replay_reports/l1_32_l2_32/run_20260605_104246_mistral7_7088e0_mistral7_b717ce/hit_miss_amat_summary.csv
mistral_7b_instruct_v0p3,4k,4k_mistral_7b_instruct_v0p3_cmqa_anchor_reasoning,fpga_kiloscore_hv_opt5_global_winner,KiloWare-HV,68.392,16.341,3.820042,67804.0,502,delivery/paper/repro_audit/longctx_l1_l2_size_sweep_ext_20260605/replay_reports/l1_32_l2_32/run_20260605_104246_mistral7_7088e0_mistral7_b717ce/hit_miss_amat_summary.csv
mistral_7b_instruct_v0p3,4k,4k_mistral_7b_instruct_v0p3_cmqa_backend_recall,fpga_h2o_plus_service_cvr_group_fill_v251,CVR+GF baseline (matched),36.458,27.897,3.971615,69574.0,857,delivery/paper/repro_audit/longctx_l1_l2_size_sweep_ext_20260605/replay_reports/l1_32_l2_32/run_20260605_104246_mistral7_7088e0_mistral7_b717ce/hit_miss_amat_summary.csv
mistral_7b_instruct_v0p3,4k,4k_mistral_7b_instruct_v0p3_cmqa_backend_recall,fpga_kiloscore_hv_opt5_global_winner,KiloWare-HV,70.573,13.021,3.773272,67324.0,400,delivery/paper/repro_audit/longctx_l1_l2_size_sweep_ext_20260605/replay_reports/l1_32_l2_32/run_20260605_104246_mistral7_7088e0_mistral7_b717ce/hit_miss_amat_summary.csv
mistral_7b_instruct_v0p3,4k,4k_mistral_7b_instruct_v0p3_cmqa_field_recall,fpga_h2o_plus_service_cvr_group_fill_v251,CVR+GF baseline (matched),36.035,28.385,3.978342,69443.0,872,delivery/paper/repro_audit/longctx_l1_l2_size_sweep_ext_20260605/replay_reports/l1_32_l2_32/run_20260605_104246_mistral7_7088e0_mistral7_b717ce/hit_miss_amat_summary.csv
mistral_7b_instruct_v0p3,4k,4k_mistral_7b_instruct_v0p3_cmqa_field_recall,fpga_kiloscore_hv_opt5_global_winner,KiloWare-HV,62.923,19.108,3.856082,68060.0,587,delivery/paper/repro_audit/longctx_l1_l2_size_sweep_ext_20260605/replay_reports/l1_32_l2_32/run_20260605_104246_mistral7_7088e0_mistral7_b717ce/hit_miss_amat_summary.csv
mistral_7b_instruct_v0p3,4k,4k_mistral_7b_instruct_v0p3_cmqa_epoch_memory,fpga_h2o_plus_service_cvr_group_fill_v251,CVR+GF baseline (matched),36.751,25.749,3.942653,69297.0,791,delivery/paper/repro_audit/longctx_l1_l2_size_sweep_ext_20260605/replay_reports/l1_32_l2_32/run_20260605_104246_mistral7_7088e0_mistral7_b717ce/hit_miss_amat_summary.csv
mistral_7b_instruct_v0p3,4k,4k_mistral_7b_instruct_v0p3_cmqa_epoch_memory,fpga_kiloscore_hv_opt5_global_winner,KiloWare-HV,68.848,14.323,3.790786,67573.0,440,delivery/paper/repro_audit/longctx_l1_l2_size_sweep_ext_20260605/replay_reports/l1_32_l2_32/run_20260605_104246_mistral7_7088e0_mistral7_b717ce/hit_miss_amat_summary.csv
mistral_7b_instruct_v0p3,4k,4k_mistral_7b_instruct_v0p3_cmqa_budget_memory,fpga_h2o_plus_service_cvr_group_fill_v251,CVR+GF baseline (matched),40.625,22.103,3.893411,68738.0,679,delivery/paper/repro_audit/longctx_l1_l2_size_sweep_ext_20260605/replay_reports/l1_32_l2_32/run_20260605_104246_mistral7_7088e0_mistral7_b717ce/hit_miss_amat_summary.csv
mistral_7b_instruct_v0p3,4k,4k_mistral_7b_instruct_v0p3_cmqa_budget_memory,fpga_kiloscore_hv_opt5_global_winner,KiloWare-HV,68.978,13.411,3.779246,67442.0,412,delivery/paper/repro_audit/longctx_l1_l2_size_sweep_ext_20260605/replay_reports/l1_32_l2_32/run_20260605_104246_mistral7_7088e0_mistral7_b717ce/hit_miss_amat_summary.csv
mistral_7b_instruct_v0p3,8k,8k_mistral_7b_instruct_v0p3_mdqa_cross_doc_role,fpga_h2o_plus_service_cvr_group_fill_v251,CVR+GF baseline (matched),13.9,35.091,4.040313,123356.0,1078,delivery/paper/repro_audit/longctx_l1_l2_size_sweep_ext_20260605/replay_reports/l1_32_l2_32/run_20260605_105036_mistral7_905257_mistral7_b717ce/hit_miss_amat_summary.csv
mistral_7b_instruct_v0p3,8k,8k_mistral_7b_instruct_v0p3_mdqa_cross_doc_role,fpga_kiloscore_hv_opt5_global_winner,KiloWare-HV,58.398,20.312,3.928836,121188.0,624,delivery/paper/repro_audit/longctx_l1_l2_size_sweep_ext_20260605/replay_reports/l1_32_l2_32/run_20260605_105036_mistral7_905257_mistral7_b717ce/hit_miss_amat_summary.csv
mistral_7b_instruct_v0p3,8k,8k_mistral_7b_instruct_v0p3_mdqa_component_match,fpga_h2o_plus_service_cvr_group_fill_v251,CVR+GF baseline (matched),14.388,42.611,4.099722,124353.0,1309,delivery/paper/repro_audit/longctx_l1_l2_size_sweep_ext_20260605/replay_reports/l1_32_l2_32/run_20260605_105036_mistral7_905257_mistral7_b717ce/hit_miss_amat_summary.csv
mistral_7b_instruct_v0p3,8k,8k_mistral_7b_instruct_v0p3_mdqa_component_match,fpga_kiloscore_hv_opt5_global_winner,KiloWare-HV,57.552,24.121,3.960049,121640.0,741,delivery/paper/repro_audit/longctx_l1_l2_size_sweep_ext_20260605/replay_reports/l1_32_l2_32/run_20260605_105036_mistral7_905257_mistral7_b717ce/hit_miss_amat_summary.csv
mistral_7b_instruct_v0p3,8k,8k_mistral_7b_instruct_v0p3_mdqa_two_hop_summary,fpga_h2o_plus_service_cvr_group_fill_v251,CVR+GF baseline (matched),14.355,37.923,4.062783,123793.0,1165,delivery/paper/repro_audit/longctx_l1_l2_size_sweep_ext_20260605/replay_reports/l1_32_l2_32/run_20260605_105036_mistral7_905257_mistral7_b717ce/hit_miss_amat_summary.csv
mistral_7b_instruct_v0p3,8k,8k_mistral_7b_instruct_v0p3_mdqa_two_hop_summary,fpga_kiloscore_hv_opt5_global_winner,KiloWare-HV,55.859,23.177,3.951049,121620.0,712,delivery/paper/repro_audit/longctx_l1_l2_size_sweep_ext_20260605/replay_reports/l1_32_l2_32/run_20260605_105036_mistral7_905257_mistral7_b717ce/hit_miss_amat_summary.csv
mistral_7b_instruct_v0p3,8k,8k_mistral_7b_instruct_v0p3_mdqa_cross_doc_priority,fpga_h2o_plus_service_cvr_group_fill_v251,CVR+GF baseline (matched),22.754,33.008,4.023797,123087.0,1014,delivery/paper/repro_audit/longctx_l1_l2_size_sweep_ext_20260605/replay_reports/l1_32_l2_32/run_20260605_105036_mistral7_905257_mistral7_b717ce/hit_miss_amat_summary.csv
mistral_7b_instruct_v0p3,8k,8k_mistral_7b_instruct_v0p3_mdqa_cross_doc_priority,fpga_kiloscore_hv_opt5_global_winner,KiloWare-HV,60.872,19.661,3.920898,121085.0,604,delivery/paper/repro_audit/longctx_l1_l2_size_sweep_ext_20260605/replay_reports/l1_32_l2_32/run_20260605_105036_mistral7_905257_mistral7_b717ce/hit_miss_amat_summary.csv
mistral_7b_instruct_v0p3,8k,8k_mistral_7b_instruct_v0p3_mdqa_chain_descriptor_fields,fpga_h2o_plus_service_cvr_group_fill_v251,CVR+GF baseline (matched),15.169,41.634,4.092154,124206.0,1279,delivery/paper/repro_audit/longctx_l1_l2_size_sweep_ext_20260605/replay_reports/l1_32_l2_32/run_20260605_105036_mistral7_905257_mistral7_b717ce/hit_miss_amat_summary.csv
mistral_7b_instruct_v0p3,8k,8k_mistral_7b_instruct_v0p3_mdqa_chain_descriptor_fields,fpga_kiloscore_hv_opt5_global_winner,KiloWare-HV,58.171,22.363,3.945377,121355.0,687,delivery/paper/repro_audit/longctx_l1_l2_size_sweep_ext_20260605/replay_reports/l1_32_l2_32/run_20260605_105036_mistral7_905257_mistral7_b717ce/hit_miss_amat_summary.csv
mistral_7b_instruct_v0p3,8k,8k_mistral_7b_instruct_v0p3_mdqa_three_stage_lookup,fpga_h2o_plus_service_cvr_group_fill_v251,CVR+GF baseline (matched),16.927,37.24,4.05738,123583.0,1144,delivery/paper/repro_audit/longctx_l1_l2_size_sweep_ext_20260605/replay_reports/l1_32_l2_32/run_20260605_105036_mistral7_905257_mistral7_b717ce/hit_miss_amat_summary.csv
mistral_7b_instruct_v0p3,8k,8k_mistral_7b_instruct_v0p3_mdqa_three_stage_lookup,fpga_kiloscore_hv_opt5_global_winner,KiloWare-HV,59.017,22.721,3.948899,121475.0,698,delivery/paper/repro_audit/longctx_l1_l2_size_sweep_ext_20260605/replay_reports/l1_32_l2_32/run_20260605_105036_mistral7_905257_mistral7_b717ce/hit_miss_amat_summary.csv
mistral_7b_instruct_v0p3,8k,8k_mistral_7b_instruct_v0p3_mdqa_compression_guard,fpga_h2o_plus_service_cvr_group_fill_v251,CVR+GF baseline (matched),17.48,34.798,4.038097,123156.0,1069,delivery/paper/repro_audit/longctx_l1_l2_size_sweep_ext_20260605/replay_reports/l1_32_l2_32/run_20260605_105036_mistral7_905257_mistral7_b717ce/hit_miss_amat_summary.csv
mistral_7b_instruct_v0p3,8k,8k_mistral_7b_instruct_v0p3_mdqa_compression_guard,fpga_kiloscore_hv_opt5_global_winner,KiloWare-HV,58.822,18.555,3.9132,120730.0,570,delivery/paper/repro_audit/longctx_l1_l2_size_sweep_ext_20260605/replay_reports/l1_32_l2_32/run_20260605_105036_mistral7_905257_mistral7_b717ce/hit_miss_amat_summary.csv
mistral_7b_instruct_v0p3,8k,8k_mistral_7b_instruct_v0p3_mdqa_query_cost_chain,fpga_h2o_plus_service_cvr_group_fill_v251,CVR+GF baseline (matched),10.482,40.918,4.086297,124303.0,1257,delivery/paper/repro_audit/longctx_l1_l2_size_sweep_ext_20260605/replay_reports/l1_32_l2_32/run_20260605_105036_mistral7_905257_mistral7_b717ce/hit_miss_amat_summary.csv
mistral_7b_instruct_v0p3,8k,8k_mistral_7b_instruct_v0p3_mdqa_query_cost_chain,fpga_kiloscore_hv_opt5_global_winner,KiloWare-HV,57.357,24.219,3.960321,121852.0,744,delivery/paper/repro_audit/longctx_l1_l2_size_sweep_ext_20260605/replay_reports/l1_32_l2_32/run_20260605_105036_mistral7_905257_mistral7_b717ce/hit_miss_amat_summary.csv
mistral_7b_instruct_v0p3,8k,8k_mistral_7b_instruct_v0p3_mdqa_head_budget_allocation,fpga_h2o_plus_service_cvr_group_fill_v251,CVR+GF baseline (matched),17.025,39.974,4.078993,124003.0,1228,delivery/paper/repro_audit/longctx_l1_l2_size_sweep_ext_20260605/replay_reports/l1_32_l2_32/run_20260605_105036_mistral7_905257_mistral7_b717ce/hit_miss_amat_summary.csv
mistral_7b_instruct_v0p3,8k,8k_mistral_7b_instruct_v0p3_mdqa_head_budget_allocation,fpga_kiloscore_hv_opt5_global_winner,KiloWare-HV,56.966,21.777,3.940408,121310.0,669,delivery/paper/repro_audit/longctx_l1_l2_size_sweep_ext_20260605/replay_reports/l1_32_l2_32/run_20260605_105036_mistral7_905257_mistral7_b717ce/hit_miss_amat_summary.csv
mistral_7b_instruct_v0p3,8k,8k_mistral_7b_instruct_v0p3_mdqa_backend_admission_reason,fpga_h2o_plus_service_cvr_group_fill_v251,CVR+GF baseline (matched),19.694,33.757,4.029977,123155.0,1037,delivery/paper/repro_audit/longctx_l1_l2_size_sweep_ext_20260605/replay_reports/l1_32_l2_32/run_20260605_105036_mistral7_905257_mistral7_b717ce/hit_miss_amat_summary.csv
mistral_7b_instruct_v0p3,8k,8k_mistral_7b_instruct_v0p3_mdqa_backend_admission_reason,fpga_kiloscore_hv_opt5_global_winner,KiloWare-HV,61.458,19.173,3.917164,120961.0,589,delivery/paper/repro_audit/longctx_l1_l2_size_sweep_ext_20260605/replay_reports/l1_32_l2_32/run_20260605_105036_mistral7_905257_mistral7_b717ce/hit_miss_amat_summary.csv
mistral_7b_instruct_v0p3,8k,8k_mistral_7b_instruct_v0p3_lcqa_anchor_timeline,fpga_h2o_plus_service_cvr_group_fill_v251,CVR+GF baseline (matched),15.007,35.221,4.041341,123219.0,1082,delivery/paper/repro_audit/longctx_l1_l2_size_sweep_ext_20260605/replay_reports/l1_32_l2_32/run_20260605_105036_mistral7_905257_mistral7_b717ce/hit_miss_amat_summary.csv
mistral_7b_instruct_v0p3,8k,8k_mistral_7b_instruct_v0p3_lcqa_anchor_timeline,fpga_kiloscore_hv_opt5_global_winner,KiloWare-HV,55.892,20.671,3.931271,121081.0,635,delivery/paper/repro_audit/longctx_l1_l2_size_sweep_ext_20260605/replay_reports/l1_32_l2_32/run_20260605_105036_mistral7_905257_mistral7_b717ce/hit_miss_amat_summary.csv
mistral_7b_instruct_v0p3,8k,8k_mistral_7b_instruct_v0p3_lcqa_revision_policy,fpga_h2o_plus_service_cvr_group_fill_v251,CVR+GF baseline (matched),15.039,35.514,4.043706,123422.0,1091,delivery/paper/repro_audit/longctx_l1_l2_size_sweep_ext_20260605/replay_reports/l1_32_l2_32/run_20260605_105036_mistral7_905257_mistral7_b717ce/hit_miss_amat_summary.csv
mistral_7b_instruct_v0p3,8k,8k_mistral_7b_instruct_v0p3_lcqa_revision_policy,fpga_kiloscore_hv_opt5_global_winner,KiloWare-HV,58.138,20.736,3.930841,121227.0,637,delivery/paper/repro_audit/longctx_l1_l2_size_sweep_ext_20260605/replay_reports/l1_32_l2_32/run_20260605_105036_mistral7_905257_mistral7_b717ce/hit_miss_amat_summary.csv
mistral_7b_instruct_v0p3,8k,8k_mistral_7b_instruct_v0p3_lcqa_sparse_fact,fpga_h2o_plus_service_cvr_group_fill_v251,CVR+GF baseline (matched),11.784,38.509,4.067616,123887.0,1183,delivery/paper/repro_audit/longctx_l1_l2_size_sweep_ext_20260605/replay_reports/l1_32_l2_32/run_20260605_105036_mistral7_905257_mistral7_b717ce/hit_miss_amat_summary.csv
mistral_7b_instruct_v0p3,8k,8k_mistral_7b_instruct_v0p3_lcqa_sparse_fact,fpga_kiloscore_hv_opt5_global_winner,KiloWare-HV,56.608,22.428,3.94673,121536.0,689,delivery/paper/repro_audit/longctx_l1_l2_size_sweep_ext_20260605/replay_reports/l1_32_l2_32/run_20260605_105036_mistral7_905257_mistral7_b717ce/hit_miss_amat_summary.csv
mistral_7b_instruct_v0p3,8k,8k_mistral_7b_instruct_v0p3_lcqa_dual_anchor_incident,fpga_h2o_plus_service_cvr_group_fill_v251,CVR+GF baseline (matched),14.746,31.868,4.015014,122864.0,979,delivery/paper/repro_audit/longctx_l1_l2_size_sweep_ext_20260605/replay_reports/l1_32_l2_32/run_20260605_105036_mistral7_905257_mistral7_b717ce/hit_miss_amat_summary.csv
mistral_7b_instruct_v0p3,8k,8k_mistral_7b_instruct_v0p3_lcqa_dual_anchor_incident,fpga_kiloscore_hv_opt5_global_winner,KiloWare-HV,58.659,18.945,3.917164,120961.0,582,delivery/paper/repro_audit/longctx_l1_l2_size_sweep_ext_20260605/replay_reports/l1_32_l2_32/run_20260605_105036_mistral7_905257_mistral7_b717ce/hit_miss_amat_summary.csv
mistral_7b_instruct_v0p3,8k,8k_mistral_7b_instruct_v0p3_lcqa_backend_priority_rule,fpga_h2o_plus_service_cvr_group_fill_v251,CVR+GF baseline (matched),14.486,39.779,4.077334,124076.0,1222,delivery/paper/repro_audit/longctx_l1_l2_size_sweep_ext_20260605/replay_reports/l1_32_l2_32/run_20260605_105036_mistral7_905257_mistral7_b717ce/hit_miss_amat_summary.csv
mistral_7b_instruct_v0p3,8k,8k_mistral_7b_instruct_v0p3_lcqa_backend_priority_rule,fpga_kiloscore_hv_opt5_global_winner,KiloWare-HV,57.52,22.754,3.947347,121548.0,699,delivery/paper/repro_audit/longctx_l1_l2_size_sweep_ext_20260605/replay_reports/l1_32_l2_32/run_20260605_105036_mistral7_905257_mistral7_b717ce/hit_miss_amat_summary.csv
mistral_7b_instruct_v0p3,8k,8k_mistral_7b_instruct_v0p3_lcqa_epoch_window_recall,fpga_h2o_plus_service_cvr_group_fill_v251,CVR+GF baseline (matched),15.462,34.733,4.037433,123300.0,1067,delivery/paper/repro_audit/longctx_l1_l2_size_sweep_ext_20260605/replay_reports/l1_32_l2_32/run_20260605_105036_mistral7_905257_mistral7_b717ce/hit_miss_amat_summary.csv
mistral_7b_instruct_v0p3,8k,8k_mistral_7b_instruct_v0p3_lcqa_epoch_window_recall,fpga_kiloscore_hv_opt5_global_winner,KiloWare-HV,56.803,23.633,3.954443,121686.0,726,delivery/paper/repro_audit/longctx_l1_l2_size_sweep_ext_20260605/replay_reports/l1_32_l2_32/run_20260605_105036_mistral7_905257_mistral7_b717ce/hit_miss_amat_summary.csv
mistral_7b_instruct_v0p3,8k,8k_mistral_7b_instruct_v0p3_lcqa_dual_budget_rule,fpga_h2o_plus_service_cvr_group_fill_v251,CVR+GF baseline (matched),12.695,40.169,4.080467,123979.0,1234,delivery/paper/repro_audit/longctx_l1_l2_size_sweep_ext_20260605/replay_reports/l1_32_l2_32/run_20260605_105036_mistral7_905257_mistral7_b717ce/hit_miss_amat_summary.csv
mistral_7b_instruct_v0p3,8k,8k_mistral_7b_instruct_v0p3_lcqa_dual_budget_rule,fpga_kiloscore_hv_opt5_global_winner,KiloWare-HV,53.158,27.116,3.982444,122075.0,833,delivery/paper/repro_audit/longctx_l1_l2_size_sweep_ext_20260605/replay_reports/l1_32_l2_32/run_20260605_105036_mistral7_905257_mistral7_b717ce/hit_miss_amat_summary.csv
mistral_7b_instruct_v0p3,8k,8k_mistral_7b_instruct_v0p3_lcqa_query_relevance_note,fpga_h2o_plus_service_cvr_group_fill_v251,CVR+GF baseline (matched),16.113,46.322,4.129323,124981.0,1423,delivery/paper/repro_audit/longctx_l1_l2_size_sweep_ext_20260605/replay_reports/l1_32_l2_32/run_20260605_105036_mistral7_905257_mistral7_b717ce/hit_miss_amat_summary.csv
mistral_7b_instruct_v0p3,8k,8k_mistral_7b_instruct_v0p3_lcqa_query_relevance_note,fpga_kiloscore_hv_opt5_global_winner,KiloWare-HV,57.91,19.954,3.92677,121045.0,613,delivery/paper/repro_audit/longctx_l1_l2_size_sweep_ext_20260605/replay_reports/l1_32_l2_32/run_20260605_105036_mistral7_905257_mistral7_b717ce/hit_miss_amat_summary.csv
mistral_7b_instruct_v0p3,8k,8k_mistral_7b_instruct_v0p3_lcqa_spill_cost_reason,fpga_h2o_plus_service_cvr_group_fill_v251,CVR+GF baseline (matched),13.216,40.527,4.083265,124086.0,1245,delivery/paper/repro_audit/longctx_l1_l2_size_sweep_ext_20260605/replay_reports/l1_32_l2_32/run_20260605_105036_mistral7_905257_mistral7_b717ce/hit_miss_amat_summary.csv
mistral_7b_instruct_v0p3,8k,8k_mistral_7b_instruct_v0p3_lcqa_spill_cost_reason,fpga_kiloscore_hv_opt5_global_winner,KiloWare-HV,59.993,20.736,3.930064,121109.0,637,delivery/paper/repro_audit/longctx_l1_l2_size_sweep_ext_20260605/replay_reports/l1_32_l2_32/run_20260605_105036_mistral7_905257_mistral7_b717ce/hit_miss_amat_summary.csv
mistral_7b_instruct_v0p3,8k,8k_mistral_7b_instruct_v0p3_lcqa_head_budget_rule,fpga_h2o_plus_service_cvr_group_fill_v251,CVR+GF baseline (matched),15.755,33.952,4.031379,123130.0,1043,delivery/paper/repro_audit/longctx_l1_l2_size_sweep_ext_20260605/replay_reports/l1_32_l2_32/run_20260605_105036_mistral7_905257_mistral7_b717ce/hit_miss_amat_summary.csv
mistral_7b_instruct_v0p3,8k,8k_mistral_7b_instruct_v0p3_lcqa_head_budget_rule,fpga_kiloscore_hv_opt5_global_winner,KiloWare-HV,60.384,17.969,3.908642,120744.0,552,delivery/paper/repro_audit/longctx_l1_l2_size_sweep_ext_20260605/replay_reports/l1_32_l2_32/run_20260605_105036_mistral7_905257_mistral7_b717ce/hit_miss_amat_summary.csv
mistral_7b_instruct_v0p3,8k,8k_mistral_7b_instruct_v0p3_cmqa_early_name_recall,fpga_h2o_plus_service_cvr_group_fill_v251,CVR+GF baseline (matched),15.007,37.272,4.057491,123795.0,1145,delivery/paper/repro_audit/longctx_l1_l2_size_sweep_ext_20260605/replay_reports/l1_32_l2_32/run_20260605_105036_mistral7_905257_mistral7_b717ce/hit_miss_amat_summary.csv
mistral_7b_instruct_v0p3,8k,8k_mistral_7b_instruct_v0p3_cmqa_early_name_recall,fpga_kiloscore_hv_opt5_global_winner,KiloWare-HV,60.156,18.652,3.914406,121010.0,573,delivery/paper/repro_audit/longctx_l1_l2_size_sweep_ext_20260605/replay_reports/l1_32_l2_32/run_20260605_105036_mistral7_905257_mistral7_b717ce/hit_miss_amat_summary.csv
mistral_7b_instruct_v0p3,8k,8k_mistral_7b_instruct_v0p3_cmqa_policy_recall,fpga_h2o_plus_service_cvr_group_fill_v251,CVR+GF baseline (matched),14.648,35.677,4.04487,123497.0,1096,delivery/paper/repro_audit/longctx_l1_l2_size_sweep_ext_20260605/replay_reports/l1_32_l2_32/run_20260605_105036_mistral7_905257_mistral7_b717ce/hit_miss_amat_summary.csv
mistral_7b_instruct_v0p3,8k,8k_mistral_7b_instruct_v0p3_cmqa_policy_recall,fpga_kiloscore_hv_opt5_global_winner,KiloWare-HV,56.185,21.387,3.935958,121378.0,657,delivery/paper/repro_audit/longctx_l1_l2_size_sweep_ext_20260605/replay_reports/l1_32_l2_32/run_20260605_105036_mistral7_905257_mistral7_b717ce/hit_miss_amat_summary.csv
mistral_7b_instruct_v0p3,8k,8k_mistral_7b_instruct_v0p3_cmqa_anchor_reasoning,fpga_h2o_plus_service_cvr_group_fill_v251,CVR+GF baseline (matched),17.936,33.724,4.029669,123149.0,1036,delivery/paper/repro_audit/longctx_l1_l2_size_sweep_ext_20260605/replay_reports/l1_32_l2_32/run_20260605_105036_mistral7_905257_mistral7_b717ce/hit_miss_amat_summary.csv
mistral_7b_instruct_v0p3,8k,8k_mistral_7b_instruct_v0p3_cmqa_anchor_reasoning,fpga_kiloscore_hv_opt5_global_winner,KiloWare-HV,59.831,19.629,3.921534,121046.0,603,delivery/paper/repro_audit/longctx_l1_l2_size_sweep_ext_20260605/replay_reports/l1_32_l2_32/run_20260605_105036_mistral7_905257_mistral7_b717ce/hit_miss_amat_summary.csv
mistral_7b_instruct_v0p3,8k,8k_mistral_7b_instruct_v0p3_cmqa_backend_recall,fpga_h2o_plus_service_cvr_group_fill_v251,CVR+GF baseline (matched),14.16,40.43,4.082493,124071.0,1242,delivery/paper/repro_audit/longctx_l1_l2_size_sweep_ext_20260605/replay_reports/l1_32_l2_32/run_20260605_105036_mistral7_905257_mistral7_b717ce/hit_miss_amat_summary.csv
mistral_7b_instruct_v0p3,8k,8k_mistral_7b_instruct_v0p3_cmqa_backend_recall,fpga_kiloscore_hv_opt5_global_winner,KiloWare-HV,54.329,26.4,3.976739,122016.0,811,delivery/paper/repro_audit/longctx_l1_l2_size_sweep_ext_20260605/replay_reports/l1_32_l2_32/run_20260605_105036_mistral7_905257_mistral7_b717ce/hit_miss_amat_summary.csv
mistral_7b_instruct_v0p3,8k,8k_mistral_7b_instruct_v0p3_cmqa_field_recall,fpga_h2o_plus_service_cvr_group_fill_v251,CVR+GF baseline (matched),17.546,32.617,4.020773,122976.0,1002,delivery/paper/repro_audit/longctx_l1_l2_size_sweep_ext_20260605/replay_reports/l1_32_l2_32/run_20260605_105036_mistral7_905257_mistral7_b717ce/hit_miss_amat_summary.csv
mistral_7b_instruct_v0p3,8k,8k_mistral_7b_instruct_v0p3_cmqa_field_recall,fpga_kiloscore_hv_opt5_global_winner,KiloWare-HV,58.952,20.215,3.92719,121156.0,621,delivery/paper/repro_audit/longctx_l1_l2_size_sweep_ext_20260605/replay_reports/l1_32_l2_32/run_20260605_105036_mistral7_905257_mistral7_b717ce/hit_miss_amat_summary.csv
mistral_7b_instruct_v0p3,8k,8k_mistral_7b_instruct_v0p3_cmqa_epoch_memory,fpga_h2o_plus_service_cvr_group_fill_v251,CVR+GF baseline (matched),14.974,34.733,4.037449,123248.0,1067,delivery/paper/repro_audit/longctx_l1_l2_size_sweep_ext_20260605/replay_reports/l1_32_l2_32/run_20260605_105036_mistral7_905257_mistral7_b717ce/hit_miss_amat_summary.csv
mistral_7b_instruct_v0p3,8k,8k_mistral_7b_instruct_v0p3_cmqa_epoch_memory,fpga_kiloscore_hv_opt5_global_winner,KiloWare-HV,57.129,18.652,3.913272,120834.0,573,delivery/paper/repro_audit/longctx_l1_l2_size_sweep_ext_20260605/replay_reports/l1_32_l2_32/run_20260605_105036_mistral7_905257_mistral7_b717ce/hit_miss_amat_summary.csv
mistral_7b_instruct_v0p3,8k,8k_mistral_7b_instruct_v0p3_cmqa_budget_memory,fpga_h2o_plus_service_cvr_group_fill_v251,CVR+GF baseline (matched),13.281,38.639,4.068261,123847.0,1187,delivery/paper/repro_audit/longctx_l1_l2_size_sweep_ext_20260605/replay_reports/l1_32_l2_32/run_20260605_105036_mistral7_905257_mistral7_b717ce/hit_miss_amat_summary.csv
mistral_7b_instruct_v0p3,8k,8k_mistral_7b_instruct_v0p3_cmqa_budget_memory,fpga_kiloscore_hv_opt5_global_winner,KiloWare-HV,59.342,20.312,3.927829,121117.0,624,delivery/paper/repro_audit/longctx_l1_l2_size_sweep_ext_20260605/replay_reports/l1_32_l2_32/run_20260605_105036_mistral7_905257_mistral7_b717ce/hit_miss_amat_summary.csv
mistral_7b_instruct_v0p3,16k,16k_mistral_7b_instruct_v0p3_mdqa_cross_doc_role,fpga_h2o_plus_service_cvr_group_fill_v251,CVR+GF baseline (matched),14.974,33.822,4.016484,228616.0,1039,delivery/paper/repro_audit/longctx_l1_l2_size_sweep_ext_20260605/replay_reports/l1_32_l2_32/run_20260605_110126_mistral7_aba390_mistral7_b717ce/hit_miss_amat_summary.csv
mistral_7b_instruct_v0p3,16k,16k_mistral_7b_instruct_v0p3_mdqa_cross_doc_role,fpga_kiloscore_hv_opt5_global_winner,KiloWare-HV,56.478,20.443,3.962436,226688.0,628,delivery/paper/repro_audit/longctx_l1_l2_size_sweep_ext_20260605/replay_reports/l1_32_l2_32/run_20260605_110126_mistral7_aba390_mistral7_b717ce/hit_miss_amat_summary.csv
mistral_7b_instruct_v0p3,16k,16k_mistral_7b_instruct_v0p3_mdqa_component_match,fpga_h2o_plus_service_cvr_group_fill_v251,CVR+GF baseline (matched),13.411,38.249,4.03557,229140.0,1175,delivery/paper/repro_audit/longctx_l1_l2_size_sweep_ext_20260605/replay_reports/l1_32_l2_32/run_20260605_110126_mistral7_aba390_mistral7_b717ce/hit_miss_amat_summary.csv
mistral_7b_instruct_v0p3,16k,16k_mistral_7b_instruct_v0p3_mdqa_component_match,fpga_kiloscore_hv_opt5_global_winner,KiloWare-HV,58.203,20.768,3.963504,226571.0,638,delivery/paper/repro_audit/longctx_l1_l2_size_sweep_ext_20260605/replay_reports/l1_32_l2_32/run_20260605_110126_mistral7_aba390_mistral7_b717ce/hit_miss_amat_summary.csv
mistral_7b_instruct_v0p3,16k,16k_mistral_7b_instruct_v0p3_mdqa_two_hop_summary,fpga_h2o_plus_service_cvr_group_fill_v251,CVR+GF baseline (matched),10.547,38.639,4.037256,229357.0,1187,delivery/paper/repro_audit/longctx_l1_l2_size_sweep_ext_20260605/replay_reports/l1_32_l2_32/run_20260605_110126_mistral7_aba390_mistral7_b717ce/hit_miss_amat_summary.csv
mistral_7b_instruct_v0p3,16k,16k_mistral_7b_instruct_v0p3_mdqa_two_hop_summary,fpga_kiloscore_hv_opt5_global_winner,KiloWare-HV,59.115,19.434,3.958399,226544.0,597,delivery/paper/repro_audit/longctx_l1_l2_size_sweep_ext_20260605/replay_reports/l1_32_l2_32/run_20260605_110126_mistral7_aba390_mistral7_b717ce/hit_miss_amat_summary.csv
mistral_7b_instruct_v0p3,16k,16k_mistral_7b_instruct_v0p3_mdqa_cross_doc_priority,fpga_h2o_plus_service_cvr_group_fill_v251,CVR+GF baseline (matched),15.625,38.444,4.036379,229378.0,1181,delivery/paper/repro_audit/longctx_l1_l2_size_sweep_ext_20260605/replay_reports/l1_32_l2_32/run_20260605_110126_mistral7_aba390_mistral7_b717ce/hit_miss_amat_summary.csv
mistral_7b_instruct_v0p3,16k,16k_mistral_7b_instruct_v0p3_mdqa_cross_doc_priority,fpga_kiloscore_hv_opt5_global_winner,KiloWare-HV,56.966,23.275,3.974383,227166.0,715,delivery/paper/repro_audit/longctx_l1_l2_size_sweep_ext_20260605/replay_reports/l1_32_l2_32/run_20260605_110126_mistral7_aba390_mistral7_b717ce/hit_miss_amat_summary.csv
mistral_7b_instruct_v0p3,16k,16k_mistral_7b_instruct_v0p3_mdqa_chain_descriptor_fields,fpga_h2o_plus_service_cvr_group_fill_v251,CVR+GF baseline (matched),10.938,39.355,4.040339,229310.0,1209,delivery/paper/repro_audit/longctx_l1_l2_size_sweep_ext_20260605/replay_reports/l1_32_l2_32/run_20260605_110126_mistral7_aba390_mistral7_b717ce/hit_miss_amat_summary.csv
mistral_7b_instruct_v0p3,16k,16k_mistral_7b_instruct_v0p3_mdqa_chain_descriptor_fields,fpga_kiloscore_hv_opt5_global_winner,KiloWare-HV,58.073,23.177,3.975062,226983.0,712,delivery/paper/repro_audit/longctx_l1_l2_size_sweep_ext_20260605/replay_reports/l1_32_l2_32/run_20260605_110126_mistral7_aba390_mistral7_b717ce/hit_miss_amat_summary.csv
mistral_7b_instruct_v0p3,16k,16k_mistral_7b_instruct_v0p3_mdqa_three_stage_lookup,fpga_h2o_plus_service_cvr_group_fill_v251,CVR+GF baseline (matched),14.453,39.779,4.042209,229429.0,1222,delivery/paper/repro_audit/longctx_l1_l2_size_sweep_ext_20260605/replay_reports/l1_32_l2_32/run_20260605_110126_mistral7_aba390_mistral7_b717ce/hit_miss_amat_summary.csv
mistral_7b_instruct_v0p3,16k,16k_mistral_7b_instruct_v0p3_mdqa_three_stage_lookup,fpga_kiloscore_hv_opt5_global_winner,KiloWare-HV,53.581,27.832,3.99484,227740.0,855,delivery/paper/repro_audit/longctx_l1_l2_size_sweep_ext_20260605/replay_reports/l1_32_l2_32/run_20260605_110126_mistral7_aba390_mistral7_b717ce/hit_miss_amat_summary.csv
mistral_7b_instruct_v0p3,16k,16k_mistral_7b_instruct_v0p3_mdqa_compression_guard,fpga_h2o_plus_service_cvr_group_fill_v251,CVR+GF baseline (matched),12.858,37.826,4.033731,229179.0,1162,delivery/paper/repro_audit/longctx_l1_l2_size_sweep_ext_20260605/replay_reports/l1_32_l2_32/run_20260605_110126_mistral7_aba390_mistral7_b717ce/hit_miss_amat_summary.csv
mistral_7b_instruct_v0p3,16k,16k_mistral_7b_instruct_v0p3_mdqa_compression_guard,fpga_kiloscore_hv_opt5_global_winner,KiloWare-HV,55.762,20.833,3.96282,226650.0,640,delivery/paper/repro_audit/longctx_l1_l2_size_sweep_ext_20260605/replay_reports/l1_32_l2_32/run_20260605_110126_mistral7_aba390_mistral7_b717ce/hit_miss_amat_summary.csv
mistral_7b_instruct_v0p3,16k,16k_mistral_7b_instruct_v0p3_mdqa_query_cost_chain,fpga_h2o_plus_service_cvr_group_fill_v251,CVR+GF baseline (matched),13.118,40.951,4.047169,229763.0,1258,delivery/paper/repro_audit/longctx_l1_l2_size_sweep_ext_20260605/replay_reports/l1_32_l2_32/run_20260605_110126_mistral7_aba390_mistral7_b717ce/hit_miss_amat_summary.csv
mistral_7b_instruct_v0p3,16k,16k_mistral_7b_instruct_v0p3_mdqa_query_cost_chain,fpga_kiloscore_hv_opt5_global_winner,KiloWare-HV,60.482,23.568,3.976065,227226.0,724,delivery/paper/repro_audit/longctx_l1_l2_size_sweep_ext_20260605/replay_reports/l1_32_l2_32/run_20260605_110126_mistral7_aba390_mistral7_b717ce/hit_miss_amat_summary.csv
mistral_7b_instruct_v0p3,16k,16k_mistral_7b_instruct_v0p3_mdqa_head_budget_allocation,fpga_h2o_plus_service_cvr_group_fill_v251,CVR+GF baseline (matched),15.104,39.03,4.038956,229313.0,1199,delivery/paper/repro_audit/longctx_l1_l2_size_sweep_ext_20260605/replay_reports/l1_32_l2_32/run_20260605_110126_mistral7_aba390_mistral7_b717ce/hit_miss_amat_summary.csv
mistral_7b_instruct_v0p3,16k,16k_mistral_7b_instruct_v0p3_mdqa_head_budget_allocation,fpga_kiloscore_hv_opt5_global_winner,KiloWare-HV,56.641,23.991,3.977676,227128.0,737,delivery/paper/repro_audit/longctx_l1_l2_size_sweep_ext_20260605/replay_reports/l1_32_l2_32/run_20260605_110126_mistral7_aba390_mistral7_b717ce/hit_miss_amat_summary.csv
mistral_7b_instruct_v0p3,16k,16k_mistral_7b_instruct_v0p3_mdqa_backend_admission_reason,fpga_h2o_plus_service_cvr_group_fill_v251,CVR+GF baseline (matched),13.053,39.714,4.041956,229420.0,1220,delivery/paper/repro_audit/longctx_l1_l2_size_sweep_ext_20260605/replay_reports/l1_32_l2_32/run_20260605_110126_mistral7_aba390_mistral7_b717ce/hit_miss_amat_summary.csv
mistral_7b_instruct_v0p3,16k,16k_mistral_7b_instruct_v0p3_mdqa_backend_admission_reason,fpga_kiloscore_hv_opt5_global_winner,KiloWare-HV,61.068,24.414,3.9802,227218.0,750,delivery/paper/repro_audit/longctx_l1_l2_size_sweep_ext_20260605/replay_reports/l1_32_l2_32/run_20260605_110126_mistral7_aba390_mistral7_b717ce/hit_miss_amat_summary.csv
mistral_7b_instruct_v0p3,16k,16k_mistral_7b_instruct_v0p3_lcqa_anchor_timeline,fpga_h2o_plus_service_cvr_group_fill_v251,CVR+GF baseline (matched),13.346,33.138,4.013596,228513.0,1018,delivery/paper/repro_audit/longctx_l1_l2_size_sweep_ext_20260605/replay_reports/l1_32_l2_32/run_20260605_110126_mistral7_aba390_mistral7_b717ce/hit_miss_amat_summary.csv
mistral_7b_instruct_v0p3,16k,16k_mistral_7b_instruct_v0p3_lcqa_anchor_timeline,fpga_kiloscore_hv_opt5_global_winner,KiloWare-HV,55.404,19.661,3.958399,226544.0,604,delivery/paper/repro_audit/longctx_l1_l2_size_sweep_ext_20260605/replay_reports/l1_32_l2_32/run_20260605_110126_mistral7_aba390_mistral7_b717ce/hit_miss_amat_summary.csv
mistral_7b_instruct_v0p3,16k,16k_mistral_7b_instruct_v0p3_lcqa_revision_policy,fpga_h2o_plus_service_cvr_group_fill_v251,CVR+GF baseline (matched),11.23,36.816,4.029504,228976.0,1131,delivery/paper/repro_audit/longctx_l1_l2_size_sweep_ext_20260605/replay_reports/l1_32_l2_32/run_20260605_110126_mistral7_aba390_mistral7_b717ce/hit_miss_amat_summary.csv
mistral_7b_instruct_v0p3,16k,16k_mistral_7b_instruct_v0p3_lcqa_revision_policy,fpga_kiloscore_hv_opt5_global_winner,KiloWare-HV,60.221,19.857,3.959951,226496.0,610,delivery/paper/repro_audit/longctx_l1_l2_size_sweep_ext_20260605/replay_reports/l1_32_l2_32/run_20260605_110126_mistral7_aba390_mistral7_b717ce/hit_miss_amat_summary.csv
mistral_7b_instruct_v0p3,16k,16k_mistral_7b_instruct_v0p3_lcqa_sparse_fact,fpga_h2o_plus_service_cvr_group_fill_v251,CVR+GF baseline (matched),10.547,36.654,4.028775,228950.0,1126,delivery/paper/repro_audit/longctx_l1_l2_size_sweep_ext_20260605/replay_reports/l1_32_l2_32/run_20260605_110126_mistral7_aba390_mistral7_b717ce/hit_miss_amat_summary.csv
mistral_7b_instruct_v0p3,16k,16k_mistral_7b_instruct_v0p3_lcqa_sparse_fact,fpga_kiloscore_hv_opt5_global_winner,KiloWare-HV,56.152,19.238,3.956697,226380.0,591,delivery/paper/repro_audit/longctx_l1_l2_size_sweep_ext_20260605/replay_reports/l1_32_l2_32/run_20260605_110126_mistral7_aba390_mistral7_b717ce/hit_miss_amat_summary.csv
mistral_7b_instruct_v0p3,16k,16k_mistral_7b_instruct_v0p3_lcqa_dual_anchor_incident,fpga_h2o_plus_service_cvr_group_fill_v251,CVR+GF baseline (matched),16.439,31.315,4.005692,228179.0,962,delivery/paper/repro_audit/longctx_l1_l2_size_sweep_ext_20260605/replay_reports/l1_32_l2_32/run_20260605_110126_mistral7_aba390_mistral7_b717ce/hit_miss_amat_summary.csv
mistral_7b_instruct_v0p3,16k,16k_mistral_7b_instruct_v0p3_lcqa_dual_anchor_incident,fpga_kiloscore_hv_opt5_global_winner,KiloWare-HV,54.72,19.531,3.959034,226515.0,600,delivery/paper/repro_audit/longctx_l1_l2_size_sweep_ext_20260605/replay_reports/l1_32_l2_32/run_20260605_110126_mistral7_aba390_mistral7_b717ce/hit_miss_amat_summary.csv
mistral_7b_instruct_v0p3,16k,16k_mistral_7b_instruct_v0p3_lcqa_backend_priority_rule,fpga_h2o_plus_service_cvr_group_fill_v251,CVR+GF baseline (matched),15.527,34.245,4.018334,228682.0,1052,delivery/paper/repro_audit/longctx_l1_l2_size_sweep_ext_20260605/replay_reports/l1_32_l2_32/run_20260605_110126_mistral7_aba390_mistral7_b717ce/hit_miss_amat_summary.csv
mistral_7b_instruct_v0p3,16k,16k_mistral_7b_instruct_v0p3_lcqa_backend_priority_rule,fpga_kiloscore_hv_opt5_global_winner,KiloWare-HV,58.105,18.685,3.955231,226431.0,574,delivery/paper/repro_audit/longctx_l1_l2_size_sweep_ext_20260605/replay_reports/l1_32_l2_32/run_20260605_110126_mistral7_aba390_mistral7_b717ce/hit_miss_amat_summary.csv
mistral_7b_instruct_v0p3,16k,16k_mistral_7b_instruct_v0p3_lcqa_epoch_window_recall,fpga_h2o_plus_service_cvr_group_fill_v251,CVR+GF baseline (matched),14.941,35.482,4.023688,228873.0,1090,delivery/paper/repro_audit/longctx_l1_l2_size_sweep_ext_20260605/replay_reports/l1_32_l2_32/run_20260605_110126_mistral7_aba390_mistral7_b717ce/hit_miss_amat_summary.csv
mistral_7b_instruct_v0p3,16k,16k_mistral_7b_instruct_v0p3_lcqa_epoch_window_recall,fpga_kiloscore_hv_opt5_global_winner,KiloWare-HV,49.805,25.618,3.985227,227501.0,787,delivery/paper/repro_audit/longctx_l1_l2_size_sweep_ext_20260605/replay_reports/l1_32_l2_32/run_20260605_110126_mistral7_aba390_mistral7_b717ce/hit_miss_amat_summary.csv
mistral_7b_instruct_v0p3,16k,16k_mistral_7b_instruct_v0p3_lcqa_dual_budget_rule,fpga_h2o_plus_service_cvr_group_fill_v251,CVR+GF baseline (matched),14.355,33.008,4.012976,228543.0,1014,delivery/paper/repro_audit/longctx_l1_l2_size_sweep_ext_20260605/replay_reports/l1_32_l2_32/run_20260605_110126_mistral7_aba390_mistral7_b717ce/hit_miss_amat_summary.csv
mistral_7b_instruct_v0p3,16k,16k_mistral_7b_instruct_v0p3_lcqa_dual_budget_rule,fpga_kiloscore_hv_opt5_global_winner,KiloWare-HV,59.147,17.839,3.951261,226341.0,548,delivery/paper/repro_audit/longctx_l1_l2_size_sweep_ext_20260605/replay_reports/l1_32_l2_32/run_20260605_110126_mistral7_aba390_mistral7_b717ce/hit_miss_amat_summary.csv
mistral_7b_instruct_v0p3,16k,16k_mistral_7b_instruct_v0p3_lcqa_query_relevance_note,fpga_h2o_plus_service_cvr_group_fill_v251,CVR+GF baseline (matched),17.025,35.514,4.023793,228668.0,1091,delivery/paper/repro_audit/longctx_l1_l2_size_sweep_ext_20260605/replay_reports/l1_32_l2_32/run_20260605_110126_mistral7_aba390_mistral7_b717ce/hit_miss_amat_summary.csv
mistral_7b_instruct_v0p3,16k,16k_mistral_7b_instruct_v0p3_lcqa_query_relevance_note,fpga_kiloscore_hv_opt5_global_winner,KiloWare-HV,61.361,17.318,3.948176,225973.0,532,delivery/paper/repro_audit/longctx_l1_l2_size_sweep_ext_20260605/replay_reports/l1_32_l2_32/run_20260605_110126_mistral7_aba390_mistral7_b717ce/hit_miss_amat_summary.csv
mistral_7b_instruct_v0p3,16k,16k_mistral_7b_instruct_v0p3_lcqa_spill_cost_reason,fpga_h2o_plus_service_cvr_group_fill_v251,CVR+GF baseline (matched),14.844,47.624,4.075869,230787.0,1463,delivery/paper/repro_audit/longctx_l1_l2_size_sweep_ext_20260605/replay_reports/l1_32_l2_32/run_20260605_110126_mistral7_aba390_mistral7_b717ce/hit_miss_amat_summary.csv
mistral_7b_instruct_v0p3,16k,16k_mistral_7b_instruct_v0p3_lcqa_spill_cost_reason,fpga_kiloscore_hv_opt5_global_winner,KiloWare-HV,55.794,28.939,3.99986,228075.0,889,delivery/paper/repro_audit/longctx_l1_l2_size_sweep_ext_20260605/replay_reports/l1_32_l2_32/run_20260605_110126_mistral7_aba390_mistral7_b717ce/hit_miss_amat_summary.csv
mistral_7b_instruct_v0p3,16k,16k_mistral_7b_instruct_v0p3_lcqa_head_budget_rule,fpga_h2o_plus_service_cvr_group_fill_v251,CVR+GF baseline (matched),13.477,35.579,4.024125,228732.0,1093,delivery/paper/repro_audit/longctx_l1_l2_size_sweep_ext_20260605/replay_reports/l1_32_l2_32/run_20260605_110126_mistral7_aba390_mistral7_b717ce/hit_miss_amat_summary.csv
mistral_7b_instruct_v0p3,16k,16k_mistral_7b_instruct_v0p3_lcqa_head_budget_rule,fpga_kiloscore_hv_opt5_global_winner,KiloWare-HV,59.896,17.155,3.947178,225989.0,527,delivery/paper/repro_audit/longctx_l1_l2_size_sweep_ext_20260605/replay_reports/l1_32_l2_32/run_20260605_110126_mistral7_aba390_mistral7_b717ce/hit_miss_amat_summary.csv
mistral_7b_instruct_v0p3,16k,16k_mistral_7b_instruct_v0p3_cmqa_early_name_recall,fpga_h2o_plus_service_cvr_group_fill_v251,CVR+GF baseline (matched),12.402,44.466,4.062416,230097.0,1366,delivery/paper/repro_audit/longctx_l1_l2_size_sweep_ext_20260605/replay_reports/l1_32_l2_32/run_20260605_110126_mistral7_aba390_mistral7_b717ce/hit_miss_amat_summary.csv
mistral_7b_instruct_v0p3,16k,16k_mistral_7b_instruct_v0p3_cmqa_early_name_recall,fpga_kiloscore_hv_opt5_global_winner,KiloWare-HV,49.056,25.977,3.986198,227380.0,798,delivery/paper/repro_audit/longctx_l1_l2_size_sweep_ext_20260605/replay_reports/l1_32_l2_32/run_20260605_110126_mistral7_aba390_mistral7_b717ce/hit_miss_amat_summary.csv
mistral_7b_instruct_v0p3,16k,16k_mistral_7b_instruct_v0p3_cmqa_policy_recall,fpga_h2o_plus_service_cvr_group_fill_v251,CVR+GF baseline (matched),11.426,39.779,4.042256,229326.0,1222,delivery/paper/repro_audit/longctx_l1_l2_size_sweep_ext_20260605/replay_reports/l1_32_l2_32/run_20260605_110126_mistral7_aba390_mistral7_b717ce/hit_miss_amat_summary.csv
mistral_7b_instruct_v0p3,16k,16k_mistral_7b_instruct_v0p3_cmqa_policy_recall,fpga_kiloscore_hv_opt5_global_winner,KiloWare-HV,54.427,22.949,3.973373,226871.0,705,delivery/paper/repro_audit/longctx_l1_l2_size_sweep_ext_20260605/replay_reports/l1_32_l2_32/run_20260605_110126_mistral7_aba390_mistral7_b717ce/hit_miss_amat_summary.csv
mistral_7b_instruct_v0p3,16k,16k_mistral_7b_instruct_v0p3_cmqa_anchor_reasoning,fpga_h2o_plus_service_cvr_group_fill_v251,CVR+GF baseline (matched),13.444,33.887,4.016796,228575.0,1041,delivery/paper/repro_audit/longctx_l1_l2_size_sweep_ext_20260605/replay_reports/l1_32_l2_32/run_20260605_110126_mistral7_aba390_mistral7_b717ce/hit_miss_amat_summary.csv
mistral_7b_instruct_v0p3,16k,16k_mistral_7b_instruct_v0p3_cmqa_anchor_reasoning,fpga_kiloscore_hv_opt5_global_winner,KiloWare-HV,58.138,18.913,3.954941,226369.0,581,delivery/paper/repro_audit/longctx_l1_l2_size_sweep_ext_20260605/replay_reports/l1_32_l2_32/run_20260605_110126_mistral7_aba390_mistral7_b717ce/hit_miss_amat_summary.csv
mistral_7b_instruct_v0p3,16k,16k_mistral_7b_instruct_v0p3_cmqa_backend_recall,fpga_h2o_plus_service_cvr_group_fill_v251,CVR+GF baseline (matched),17.936,36.393,4.027569,228907.0,1118,delivery/paper/repro_audit/longctx_l1_l2_size_sweep_ext_20260605/replay_reports/l1_32_l2_32/run_20260605_110126_mistral7_aba390_mistral7_b717ce/hit_miss_amat_summary.csv
mistral_7b_instruct_v0p3,16k,16k_mistral_7b_instruct_v0p3_cmqa_backend_recall,fpga_kiloscore_hv_opt5_global_winner,KiloWare-HV,57.78,18.392,3.953304,226259.0,565,delivery/paper/repro_audit/longctx_l1_l2_size_sweep_ext_20260605/replay_reports/l1_32_l2_32/run_20260605_110126_mistral7_aba390_mistral7_b717ce/hit_miss_amat_summary.csv
mistral_7b_instruct_v0p3,16k,16k_mistral_7b_instruct_v0p3_cmqa_field_recall,fpga_h2o_plus_service_cvr_group_fill_v251,CVR+GF baseline (matched),14.714,38.477,4.036527,229331.0,1182,delivery/paper/repro_audit/longctx_l1_l2_size_sweep_ext_20260605/replay_reports/l1_32_l2_32/run_20260605_110126_mistral7_aba390_mistral7_b717ce/hit_miss_amat_summary.csv
mistral_7b_instruct_v0p3,16k,16k_mistral_7b_instruct_v0p3_cmqa_field_recall,fpga_kiloscore_hv_opt5_global_winner,KiloWare-HV,60.482,19.141,3.956745,226485.0,588,delivery/paper/repro_audit/longctx_l1_l2_size_sweep_ext_20260605/replay_reports/l1_32_l2_32/run_20260605_110126_mistral7_aba390_mistral7_b717ce/hit_miss_amat_summary.csv
mistral_7b_instruct_v0p3,16k,16k_mistral_7b_instruct_v0p3_cmqa_epoch_memory,fpga_h2o_plus_service_cvr_group_fill_v251,CVR+GF baseline (matched),15.299,35.156,4.022263,228770.0,1080,delivery/paper/repro_audit/longctx_l1_l2_size_sweep_ext_20260605/replay_reports/l1_32_l2_32/run_20260605_110126_mistral7_aba390_mistral7_b717ce/hit_miss_amat_summary.csv
mistral_7b_instruct_v0p3,16k,16k_mistral_7b_instruct_v0p3_cmqa_epoch_memory,fpga_kiloscore_hv_opt5_global_winner,KiloWare-HV,49.674,20.996,3.962876,226652.0,645,delivery/paper/repro_audit/longctx_l1_l2_size_sweep_ext_20260605/replay_reports/l1_32_l2_32/run_20260605_110126_mistral7_aba390_mistral7_b717ce/hit_miss_amat_summary.csv
mistral_7b_instruct_v0p3,16k,16k_mistral_7b_instruct_v0p3_cmqa_budget_memory,fpga_h2o_plus_service_cvr_group_fill_v251,CVR+GF baseline (matched),11.035,36.947,4.029974,229045.0,1135,delivery/paper/repro_audit/longctx_l1_l2_size_sweep_ext_20260605/replay_reports/l1_32_l2_32/run_20260605_110126_mistral7_aba390_mistral7_b717ce/hit_miss_amat_summary.csv
mistral_7b_instruct_v0p3,16k,16k_mistral_7b_instruct_v0p3_cmqa_budget_memory,fpga_kiloscore_hv_opt5_global_winner,KiloWare-HV,58.398,20.736,3.963408,226671.0,637,delivery/paper/repro_audit/longctx_l1_l2_size_sweep_ext_20260605/replay_reports/l1_32_l2_32/run_20260605_110126_mistral7_aba390_mistral7_b717ce/hit_miss_amat_summary.csv
mistral_7b_instruct_v0p3,32k,32k_mistral_7b_instruct_v0p3_mdqa_cross_doc_role,fpga_h2o_plus_service_cvr_group_fill_v251,CVR+GF baseline (matched),41.439,23.242,3.984797,438475.0,714,delivery/paper/repro_audit/longctx_l1_l2_size_sweep_ext_20260605/replay_reports/l1_32_l2_32/run_20260605_112110_mistral7_23d086_mistral7_b717ce/hit_miss_amat_summary.csv
mistral_7b_instruct_v0p3,32k,32k_mistral_7b_instruct_v0p3_mdqa_cross_doc_role,fpga_kiloscore_hv_opt5_global_winner,KiloWare-HV,70.605,12.272,3.960811,436839.0,377,delivery/paper/repro_audit/longctx_l1_l2_size_sweep_ext_20260605/replay_reports/l1_32_l2_32/run_20260605_112110_mistral7_23d086_mistral7_b717ce/hit_miss_amat_summary.csv
mistral_7b_instruct_v0p3,32k,32k_mistral_7b_instruct_v0p3_mdqa_component_match,fpga_h2o_plus_service_cvr_group_fill_v251,CVR+GF baseline (matched),15.951,33.333,4.007593,439249.0,1024,delivery/paper/repro_audit/longctx_l1_l2_size_sweep_ext_20260605/replay_reports/l1_32_l2_32/run_20260605_112110_mistral7_23d086_mistral7_b717ce/hit_miss_amat_summary.csv
mistral_7b_instruct_v0p3,32k,32k_mistral_7b_instruct_v0p3_mdqa_component_match,fpga_kiloscore_hv_opt5_global_winner,KiloWare-HV,60.026,18.945,3.97656,437136.0,582,delivery/paper/repro_audit/longctx_l1_l2_size_sweep_ext_20260605/replay_reports/l1_32_l2_32/run_20260605_112110_mistral7_23d086_mistral7_b717ce/hit_miss_amat_summary.csv
mistral_7b_instruct_v0p3,32k,32k_mistral_7b_instruct_v0p3_mdqa_two_hop_summary,fpga_h2o_plus_service_cvr_group_fill_v251,CVR+GF baseline (matched),35.417,26.27,3.991629,438941.0,807,delivery/paper/repro_audit/longctx_l1_l2_size_sweep_ext_20260605/replay_reports/l1_32_l2_32/run_20260605_112110_mistral7_23d086_mistral7_b717ce/hit_miss_amat_summary.csv
mistral_7b_instruct_v0p3,32k,32k_mistral_7b_instruct_v0p3_mdqa_two_hop_summary,fpga_kiloscore_hv_opt5_global_winner,KiloWare-HV,66.699,13.835,3.964403,437084.0,425,delivery/paper/repro_audit/longctx_l1_l2_size_sweep_ext_20260605/replay_reports/l1_32_l2_32/run_20260605_112110_mistral7_23d086_mistral7_b717ce/hit_miss_amat_summary.csv
mistral_7b_instruct_v0p3,32k,32k_mistral_7b_instruct_v0p3_mdqa_cross_doc_priority,fpga_h2o_plus_service_cvr_group_fill_v251,CVR+GF baseline (matched),33.561,26.986,3.993243,439155.0,829,delivery/paper/repro_audit/longctx_l1_l2_size_sweep_ext_20260605/replay_reports/l1_32_l2_32/run_20260605_112110_mistral7_23d086_mistral7_b717ce/hit_miss_amat_summary.csv
mistral_7b_instruct_v0p3,32k,32k_mistral_7b_instruct_v0p3_mdqa_cross_doc_priority,fpga_kiloscore_hv_opt5_global_winner,KiloWare-HV,73.047,12.24,3.960996,436955.0,376,delivery/paper/repro_audit/longctx_l1_l2_size_sweep_ext_20260605/replay_reports/l1_32_l2_32/run_20260605_112110_mistral7_23d086_mistral7_b717ce/hit_miss_amat_summary.csv
mistral_7b_instruct_v0p3,32k,32k_mistral_7b_instruct_v0p3_mdqa_chain_descriptor_fields,fpga_h2o_plus_service_cvr_group_fill_v251,CVR+GF baseline (matched),34.603,29.264,3.998387,439246.0,899,delivery/paper/repro_audit/longctx_l1_l2_size_sweep_ext_20260605/replay_reports/l1_32_l2_32/run_20260605_112110_mistral7_23d086_mistral7_b717ce/hit_miss_amat_summary.csv
mistral_7b_instruct_v0p3,32k,32k_mistral_7b_instruct_v0p3_mdqa_chain_descriptor_fields,fpga_kiloscore_hv_opt5_global_winner,KiloWare-HV,63.997,16.471,3.969934,437306.0,506,delivery/paper/repro_audit/longctx_l1_l2_size_sweep_ext_20260605/replay_reports/l1_32_l2_32/run_20260605_112110_mistral7_23d086_mistral7_b717ce/hit_miss_amat_summary.csv
mistral_7b_instruct_v0p3,32k,32k_mistral_7b_instruct_v0p3_mdqa_three_stage_lookup,fpga_h2o_plus_service_cvr_group_fill_v251,CVR+GF baseline (matched),33.008,25.391,3.989619,438752.0,780,delivery/paper/repro_audit/longctx_l1_l2_size_sweep_ext_20260605/replay_reports/l1_32_l2_32/run_20260605_112110_mistral7_23d086_mistral7_b717ce/hit_miss_amat_summary.csv
mistral_7b_instruct_v0p3,32k,32k_mistral_7b_instruct_v0p3_mdqa_three_stage_lookup,fpga_kiloscore_hv_opt5_global_winner,KiloWare-HV,70.736,13.021,3.962141,436878.0,400,delivery/paper/repro_audit/longctx_l1_l2_size_sweep_ext_20260605/replay_reports/l1_32_l2_32/run_20260605_112110_mistral7_23d086_mistral7_b717ce/hit_miss_amat_summary.csv
mistral_7b_instruct_v0p3,32k,32k_mistral_7b_instruct_v0p3_mdqa_compression_guard,fpga_h2o_plus_service_cvr_group_fill_v251,CVR+GF baseline (matched),25.749,28.385,3.996405,438903.0,872,delivery/paper/repro_audit/longctx_l1_l2_size_sweep_ext_20260605/replay_reports/l1_32_l2_32/run_20260605_112110_mistral7_23d086_mistral7_b717ce/hit_miss_amat_summary.csv
mistral_7b_instruct_v0p3,32k,32k_mistral_7b_instruct_v0p3_mdqa_compression_guard,fpga_kiloscore_hv_opt5_global_winner,KiloWare-HV,64.193,15.234,3.966868,436890.0,468,delivery/paper/repro_audit/longctx_l1_l2_size_sweep_ext_20260605/replay_reports/l1_32_l2_32/run_20260605_112110_mistral7_23d086_mistral7_b717ce/hit_miss_amat_summary.csv
mistral_7b_instruct_v0p3,32k,32k_mistral_7b_instruct_v0p3_mdqa_query_cost_chain,fpga_h2o_plus_service_cvr_group_fill_v251,CVR+GF baseline (matched),34.245,24.577,3.987833,438734.0,755,delivery/paper/repro_audit/longctx_l1_l2_size_sweep_ext_20260605/replay_reports/l1_32_l2_32/run_20260605_112110_mistral7_23d086_mistral7_b717ce/hit_miss_amat_summary.csv
mistral_7b_instruct_v0p3,32k,32k_mistral_7b_instruct_v0p3_mdqa_query_cost_chain,fpga_kiloscore_hv_opt5_global_winner,KiloWare-HV,64.746,14.974,3.966723,437294.0,460,delivery/paper/repro_audit/longctx_l1_l2_size_sweep_ext_20260605/replay_reports/l1_32_l2_32/run_20260605_112110_mistral7_23d086_mistral7_b717ce/hit_miss_amat_summary.csv
mistral_7b_instruct_v0p3,32k,32k_mistral_7b_instruct_v0p3_mdqa_head_budget_allocation,fpga_h2o_plus_service_cvr_group_fill_v251,CVR+GF baseline (matched),36.328,28.385,3.996456,439738.0,872,delivery/paper/repro_audit/longctx_l1_l2_size_sweep_ext_20260605/replay_reports/l1_32_l2_32/run_20260605_112110_mistral7_23d086_mistral7_b717ce/hit_miss_amat_summary.csv
mistral_7b_instruct_v0p3,32k,32k_mistral_7b_instruct_v0p3_mdqa_head_budget_allocation,fpga_kiloscore_hv_opt5_global_winner,KiloWare-HV,67.676,14.16,3.965876,437650.0,435,delivery/paper/repro_audit/longctx_l1_l2_size_sweep_ext_20260605/replay_reports/l1_32_l2_32/run_20260605_112110_mistral7_23d086_mistral7_b717ce/hit_miss_amat_summary.csv
mistral_7b_instruct_v0p3,32k,32k_mistral_7b_instruct_v0p3_mdqa_backend_admission_reason,fpga_h2o_plus_service_cvr_group_fill_v251,CVR+GF baseline (matched),34.049,29.72,3.999399,439679.0,913,delivery/paper/repro_audit/longctx_l1_l2_size_sweep_ext_20260605/replay_reports/l1_32_l2_32/run_20260605_112110_mistral7_23d086_mistral7_b717ce/hit_miss_amat_summary.csv
mistral_7b_instruct_v0p3,32k,32k_mistral_7b_instruct_v0p3_mdqa_backend_admission_reason,fpga_kiloscore_hv_opt5_global_winner,KiloWare-HV,69.954,13.737,3.964537,437300.0,422,delivery/paper/repro_audit/longctx_l1_l2_size_sweep_ext_20260605/replay_reports/l1_32_l2_32/run_20260605_112110_mistral7_23d086_mistral7_b717ce/hit_miss_amat_summary.csv
mistral_7b_instruct_v0p3,32k,32k_mistral_7b_instruct_v0p3_lcqa_anchor_timeline,fpga_h2o_plus_service_cvr_group_fill_v251,CVR+GF baseline (matched),27.409,30.176,4.000396,439227.0,927,delivery/paper/repro_audit/longctx_l1_l2_size_sweep_ext_20260605/replay_reports/l1_32_l2_32/run_20260605_112110_mistral7_23d086_mistral7_b717ce/hit_miss_amat_summary.csv
mistral_7b_instruct_v0p3,32k,32k_mistral_7b_instruct_v0p3_lcqa_anchor_timeline,fpga_kiloscore_hv_opt5_global_winner,KiloWare-HV,62.793,16.309,3.969352,437111.0,501,delivery/paper/repro_audit/longctx_l1_l2_size_sweep_ext_20260605/replay_reports/l1_32_l2_32/run_20260605_112110_mistral7_23d086_mistral7_b717ce/hit_miss_amat_summary.csv
mistral_7b_instruct_v0p3,32k,32k_mistral_7b_instruct_v0p3_lcqa_revision_policy,fpga_h2o_plus_service_cvr_group_fill_v251,CVR+GF baseline (matched),26.4,28.971,3.997696,438939.0,890,delivery/paper/repro_audit/longctx_l1_l2_size_sweep_ext_20260605/replay_reports/l1_32_l2_32/run_20260605_112110_mistral7_23d086_mistral7_b717ce/hit_miss_amat_summary.csv
mistral_7b_instruct_v0p3,32k,32k_mistral_7b_instruct_v0p3_lcqa_revision_policy,fpga_kiloscore_hv_opt5_global_winner,KiloWare-HV,59.147,16.829,3.970518,437087.0,517,delivery/paper/repro_audit/longctx_l1_l2_size_sweep_ext_20260605/replay_reports/l1_32_l2_32/run_20260605_112110_mistral7_23d086_mistral7_b717ce/hit_miss_amat_summary.csv
mistral_7b_instruct_v0p3,32k,32k_mistral_7b_instruct_v0p3_lcqa_sparse_fact,fpga_h2o_plus_service_cvr_group_fill_v251,CVR+GF baseline (matched),24.023,31.315,4.002994,439300.0,962,delivery/paper/repro_audit/longctx_l1_l2_size_sweep_ext_20260605/replay_reports/l1_32_l2_32/run_20260605_112110_mistral7_23d086_mistral7_b717ce/hit_miss_amat_summary.csv
mistral_7b_instruct_v0p3,32k,32k_mistral_7b_instruct_v0p3_lcqa_sparse_fact,fpga_kiloscore_hv_opt5_global_winner,KiloWare-HV,59.896,18.262,3.973776,437309.0,561,delivery/paper/repro_audit/longctx_l1_l2_size_sweep_ext_20260605/replay_reports/l1_32_l2_32/run_20260605_112110_mistral7_23d086_mistral7_b717ce/hit_miss_amat_summary.csv
mistral_7b_instruct_v0p3,32k,32k_mistral_7b_instruct_v0p3_lcqa_dual_anchor_incident,fpga_h2o_plus_service_cvr_group_fill_v251,CVR+GF baseline (matched),32.194,26.204,3.991492,439451.0,805,delivery/paper/repro_audit/longctx_l1_l2_size_sweep_ext_20260605/replay_reports/l1_32_l2_32/run_20260605_112110_mistral7_23d086_mistral7_b717ce/hit_miss_amat_summary.csv
mistral_7b_instruct_v0p3,32k,32k_mistral_7b_instruct_v0p3_lcqa_dual_anchor_incident,fpga_kiloscore_hv_opt5_global_winner,KiloWare-HV,60.189,16.829,3.972367,438145.0,517,delivery/paper/repro_audit/longctx_l1_l2_size_sweep_ext_20260605/replay_reports/l1_32_l2_32/run_20260605_112110_mistral7_23d086_mistral7_b717ce/hit_miss_amat_summary.csv
mistral_7b_instruct_v0p3,32k,32k_mistral_7b_instruct_v0p3_lcqa_backend_priority_rule,fpga_h2o_plus_service_cvr_group_fill_v251,CVR+GF baseline (matched),47.396,17.578,3.97203,437656.0,540,delivery/paper/repro_audit/longctx_l1_l2_size_sweep_ext_20260605/replay_reports/l1_32_l2_32/run_20260605_112110_mistral7_23d086_mistral7_b717ce/hit_miss_amat_summary.csv
mistral_7b_instruct_v0p3,32k,32k_mistral_7b_instruct_v0p3_lcqa_backend_priority_rule,fpga_kiloscore_hv_opt5_global_winner,KiloWare-HV,72.233,10.221,3.955656,436539.0,314,delivery/paper/repro_audit/longctx_l1_l2_size_sweep_ext_20260605/replay_reports/l1_32_l2_32/run_20260605_112110_mistral7_23d086_mistral7_b717ce/hit_miss_amat_summary.csv
mistral_7b_instruct_v0p3,32k,32k_mistral_7b_instruct_v0p3_lcqa_epoch_window_recall,fpga_h2o_plus_service_cvr_group_fill_v251,CVR+GF baseline (matched),34.538,28.158,3.995868,439542.0,865,delivery/paper/repro_audit/longctx_l1_l2_size_sweep_ext_20260605/replay_reports/l1_32_l2_32/run_20260605_112110_mistral7_23d086_mistral7_b717ce/hit_miss_amat_summary.csv
mistral_7b_instruct_v0p3,32k,32k_mistral_7b_instruct_v0p3_lcqa_epoch_window_recall,fpga_kiloscore_hv_opt5_global_winner,KiloWare-HV,67.936,13.542,3.964311,437388.0,416,delivery/paper/repro_audit/longctx_l1_l2_size_sweep_ext_20260605/replay_reports/l1_32_l2_32/run_20260605_112110_mistral7_23d086_mistral7_b717ce/hit_miss_amat_summary.csv
mistral_7b_instruct_v0p3,32k,32k_mistral_7b_instruct_v0p3_lcqa_dual_budget_rule,fpga_h2o_plus_service_cvr_group_fill_v251,CVR+GF baseline (matched),19.954,30.566,4.001274,440223.0,939,delivery/paper/repro_audit/longctx_l1_l2_size_sweep_ext_20260605/replay_reports/l1_32_l2_32/run_20260605_112110_mistral7_23d086_mistral7_b717ce/hit_miss_amat_summary.csv
mistral_7b_instruct_v0p3,32k,32k_mistral_7b_instruct_v0p3_lcqa_dual_budget_rule,fpga_kiloscore_hv_opt5_global_winner,KiloWare-HV,61.947,17.188,3.972696,438271.0,528,delivery/paper/repro_audit/longctx_l1_l2_size_sweep_ext_20260605/replay_reports/l1_32_l2_32/run_20260605_112110_mistral7_23d086_mistral7_b717ce/hit_miss_amat_summary.csv
mistral_7b_instruct_v0p3,32k,32k_mistral_7b_instruct_v0p3_lcqa_query_relevance_note,fpga_h2o_plus_service_cvr_group_fill_v251,CVR+GF baseline (matched),34.147,26.758,3.992734,439380.0,822,delivery/paper/repro_audit/longctx_l1_l2_size_sweep_ext_20260605/replay_reports/l1_32_l2_32/run_20260605_112110_mistral7_23d086_mistral7_b717ce/hit_miss_amat_summary.csv
mistral_7b_instruct_v0p3,32k,32k_mistral_7b_instruct_v0p3_lcqa_query_relevance_note,fpga_kiloscore_hv_opt5_global_winner,KiloWare-HV,65.104,15.658,3.969076,437765.0,481,delivery/paper/repro_audit/longctx_l1_l2_size_sweep_ext_20260605/replay_reports/l1_32_l2_32/run_20260605_112110_mistral7_23d086_mistral7_b717ce/hit_miss_amat_summary.csv
mistral_7b_instruct_v0p3,32k,32k_mistral_7b_instruct_v0p3_lcqa_spill_cost_reason,fpga_h2o_plus_service_cvr_group_fill_v251,CVR+GF baseline (matched),26.237,30.697,4.001597,439985.0,943,delivery/paper/repro_audit/longctx_l1_l2_size_sweep_ext_20260605/replay_reports/l1_32_l2_32/run_20260605_112110_mistral7_23d086_mistral7_b717ce/hit_miss_amat_summary.csv
mistral_7b_instruct_v0p3,32k,32k_mistral_7b_instruct_v0p3_lcqa_spill_cost_reason,fpga_kiloscore_hv_opt5_global_winner,KiloWare-HV,62.272,16.569,3.97142,437925.0,509,delivery/paper/repro_audit/longctx_l1_l2_size_sweep_ext_20260605/replay_reports/l1_32_l2_32/run_20260605_112110_mistral7_23d086_mistral7_b717ce/hit_miss_amat_summary.csv
mistral_7b_instruct_v0p3,32k,32k_mistral_7b_instruct_v0p3_lcqa_head_budget_rule,fpga_h2o_plus_service_cvr_group_fill_v251,CVR+GF baseline (matched),50.553,17.025,3.970791,437675.0,523,delivery/paper/repro_audit/longctx_l1_l2_size_sweep_ext_20260605/replay_reports/l1_32_l2_32/run_20260605_112110_mistral7_23d086_mistral7_b717ce/hit_miss_amat_summary.csv
mistral_7b_instruct_v0p3,32k,32k_mistral_7b_instruct_v0p3_lcqa_head_budget_rule,fpga_kiloscore_hv_opt5_global_winner,KiloWare-HV,78.06,7.682,3.950038,436259.0,236,delivery/paper/repro_audit/longctx_l1_l2_size_sweep_ext_20260605/replay_reports/l1_32_l2_32/run_20260605_112110_mistral7_23d086_mistral7_b717ce/hit_miss_amat_summary.csv
mistral_7b_instruct_v0p3,32k,32k_mistral_7b_instruct_v0p3_cmqa_early_name_recall,fpga_h2o_plus_service_cvr_group_fill_v251,CVR+GF baseline (matched),14.714,41.471,4.025838,441692.0,1274,delivery/paper/repro_audit/longctx_l1_l2_size_sweep_ext_20260605/replay_reports/l1_32_l2_32/run_20260605_112110_mistral7_23d086_mistral7_b717ce/hit_miss_amat_summary.csv
mistral_7b_instruct_v0p3,32k,32k_mistral_7b_instruct_v0p3_cmqa_early_name_recall,fpga_kiloscore_hv_opt5_global_winner,KiloWare-HV,53.32,26.725,3.994786,439572.0,821,delivery/paper/repro_audit/longctx_l1_l2_size_sweep_ext_20260605/replay_reports/l1_32_l2_32/run_20260605_112110_mistral7_23d086_mistral7_b717ce/hit_miss_amat_summary.csv
mistral_7b_instruct_v0p3,32k,32k_mistral_7b_instruct_v0p3_cmqa_policy_recall,fpga_h2o_plus_service_cvr_group_fill_v251,CVR+GF baseline (matched),26.79,33.366,4.007646,439565.0,1025,delivery/paper/repro_audit/longctx_l1_l2_size_sweep_ext_20260605/replay_reports/l1_32_l2_32/run_20260605_112110_mistral7_23d086_mistral7_b717ce/hit_miss_amat_summary.csv
mistral_7b_instruct_v0p3,32k,32k_mistral_7b_instruct_v0p3_cmqa_policy_recall,fpga_kiloscore_hv_opt5_global_winner,KiloWare-HV,63.607,21.973,3.983019,437887.0,675,delivery/paper/repro_audit/longctx_l1_l2_size_sweep_ext_20260605/replay_reports/l1_32_l2_32/run_20260605_112110_mistral7_23d086_mistral7_b717ce/hit_miss_amat_summary.csv
mistral_7b_instruct_v0p3,32k,32k_mistral_7b_instruct_v0p3_cmqa_anchor_reasoning,fpga_h2o_plus_service_cvr_group_fill_v251,CVR+GF baseline (matched),24.544,39.518,4.021525,440615.0,1214,delivery/paper/repro_audit/longctx_l1_l2_size_sweep_ext_20260605/replay_reports/l1_32_l2_32/run_20260605_112110_mistral7_23d086_mistral7_b717ce/hit_miss_amat_summary.csv
mistral_7b_instruct_v0p3,32k,32k_mistral_7b_instruct_v0p3_cmqa_anchor_reasoning,fpga_kiloscore_hv_opt5_global_winner,KiloWare-HV,64.779,22.461,3.984813,438113.0,690,delivery/paper/repro_audit/longctx_l1_l2_size_sweep_ext_20260605/replay_reports/l1_32_l2_32/run_20260605_112110_mistral7_23d086_mistral7_b717ce/hit_miss_amat_summary.csv
mistral_7b_instruct_v0p3,32k,32k_mistral_7b_instruct_v0p3_cmqa_backend_recall,fpga_h2o_plus_service_cvr_group_fill_v251,CVR+GF baseline (matched),27.539,36.589,4.014879,440162.0,1124,delivery/paper/repro_audit/longctx_l1_l2_size_sweep_ext_20260605/replay_reports/l1_32_l2_32/run_20260605_112110_mistral7_23d086_mistral7_b717ce/hit_miss_amat_summary.csv
mistral_7b_instruct_v0p3,32k,32k_mistral_7b_instruct_v0p3_cmqa_backend_recall,fpga_kiloscore_hv_opt5_global_winner,KiloWare-HV,64.518,20.703,3.980543,437822.0,636,delivery/paper/repro_audit/longctx_l1_l2_size_sweep_ext_20260605/replay_reports/l1_32_l2_32/run_20260605_112110_mistral7_23d086_mistral7_b717ce/hit_miss_amat_summary.csv
mistral_7b_instruct_v0p3,32k,32k_mistral_7b_instruct_v0p3_cmqa_field_recall,fpga_h2o_plus_service_cvr_group_fill_v251,CVR+GF baseline (matched),24.316,35.872,4.013234,440102.0,1102,delivery/paper/repro_audit/longctx_l1_l2_size_sweep_ext_20260605/replay_reports/l1_32_l2_32/run_20260605_112110_mistral7_23d086_mistral7_b717ce/hit_miss_amat_summary.csv
mistral_7b_instruct_v0p3,32k,32k_mistral_7b_instruct_v0p3_cmqa_field_recall,fpga_kiloscore_hv_opt5_global_winner,KiloWare-HV,63.314,21.973,3.9837,438089.0,675,delivery/paper/repro_audit/longctx_l1_l2_size_sweep_ext_20260605/replay_reports/l1_32_l2_32/run_20260605_112110_mistral7_23d086_mistral7_b717ce/hit_miss_amat_summary.csv
mistral_7b_instruct_v0p3,32k,32k_mistral_7b_instruct_v0p3_cmqa_epoch_memory,fpga_h2o_plus_service_cvr_group_fill_v251,CVR+GF baseline (matched),16.341,37.24,4.016343,439949.0,1144,delivery/paper/repro_audit/longctx_l1_l2_size_sweep_ext_20260605/replay_reports/l1_32_l2_32/run_20260605_112110_mistral7_23d086_mistral7_b717ce/hit_miss_amat_summary.csv
mistral_7b_instruct_v0p3,32k,32k_mistral_7b_instruct_v0p3_cmqa_epoch_memory,fpga_kiloscore_hv_opt5_global_winner,KiloWare-HV,59.831,22.656,3.984509,437781.0,696,delivery/paper/repro_audit/longctx_l1_l2_size_sweep_ext_20260605/replay_reports/l1_32_l2_32/run_20260605_112110_mistral7_23d086_mistral7_b717ce/hit_miss_amat_summary.csv
mistral_7b_instruct_v0p3,32k,32k_mistral_7b_instruct_v0p3_cmqa_budget_memory,fpga_h2o_plus_service_cvr_group_fill_v251,CVR+GF baseline (matched),27.116,37.533,4.01705,440310.0,1153,delivery/paper/repro_audit/longctx_l1_l2_size_sweep_ext_20260605/replay_reports/l1_32_l2_32/run_20260605_112110_mistral7_23d086_mistral7_b717ce/hit_miss_amat_summary.csv
mistral_7b_instruct_v0p3,32k,32k_mistral_7b_instruct_v0p3_cmqa_budget_memory,fpga_kiloscore_hv_opt5_global_winner,KiloWare-HV,60.091,23.21,3.986295,438214.0,713,delivery/paper/repro_audit/longctx_l1_l2_size_sweep_ext_20260605/replay_reports/l1_32_l2_32/run_20260605_112110_mistral7_23d086_mistral7_b717ce/hit_miss_amat_summary.csv
